ISO-10303-21;
HEADER;
/* Generated by software containing ST-Developer
 * from STEP Tools, Inc. (www.steptools.com) 
 */

FILE_DESCRIPTION(
/* description */ (''),
/* implementation_level */ '2;1');

FILE_NAME(
/* name */ 'keyboard_base_new.step',
/* time_stamp */ '2026-07-14T23:31:16+05:30',
/* author */ (''),
/* organization */ (''),
/* preprocessor_version */ 'ST-DEVELOPER v20.1',
/* originating_system */ 'Autodesk Translation Framework v15.8.0.0',
/* authorisation */ '');

FILE_SCHEMA (('AUTOMOTIVE_DESIGN { 1 0 10303 214 3 1 1 }'));
ENDSEC;

DATA;
#10=MECHANICAL_DESIGN_GEOMETRIC_PRESENTATION_REPRESENTATION('',(#13,#14,
#15,#16,#17,#18),#2987);
#11=SHAPE_REPRESENTATION_RELATIONSHIP('SRR','None',#2994,#12);
#12=ADVANCED_BREP_SHAPE_REPRESENTATION('',(#19,#20,#21,#22,#23,#24),#2986);
#13=STYLED_ITEM('',(#3003),#19);
#14=STYLED_ITEM('',(#3003),#20);
#15=STYLED_ITEM('',(#3003),#21);
#16=STYLED_ITEM('',(#3003),#22);
#17=STYLED_ITEM('',(#3003),#23);
#18=STYLED_ITEM('',(#3003),#24);
#19=MANIFOLD_SOLID_BREP('Body9',#1630);
#20=MANIFOLD_SOLID_BREP('Body11',#1631);
#21=MANIFOLD_SOLID_BREP('Body12',#1632);
#22=MANIFOLD_SOLID_BREP('Body13',#1633);
#23=MANIFOLD_SOLID_BREP('Body14',#1634);
#24=MANIFOLD_SOLID_BREP('Body15',#1635);
#25=ELLIPSE('',#1681,1.10605910751986,1.09999999999999);
#26=ELLIPSE('',#1682,1.10605910751986,1.09999999999999);
#27=ELLIPSE('',#1685,21.0180548702289,1.1);
#28=ELLIPSE('',#1730,2.51377069890879,2.5);
#29=ELLIPSE('',#1735,1.10150958059771,1.1);
#30=ELLIPSE('',#1736,21.07594174962,1.09999999999999);
#31=ELLIPSE('',#1737,1.10605910751986,1.09999999999999);
#32=ELLIPSE('',#1738,1.10605910751986,1.09999999999999);
#33=ELLIPSE('',#1739,21.07594174962,1.09999999999999);
#34=ELLIPSE('',#1745,1.10150958059771,1.1);
#35=ELLIPSE('',#1746,21.07594174962,1.09999999999999);
#36=ELLIPSE('',#1747,1.10605910751986,1.09999999999999);
#37=ELLIPSE('',#1748,1.10605910751986,1.09999999999999);
#38=ELLIPSE('',#1749,21.07594174962,1.09999999999999);
#39=ELLIPSE('',#1751,2.51377069890879,2.5);
#40=ELLIPSE('',#1752,1.10605910751986,1.09999999999999);
#41=ELLIPSE('',#1754,1.10605910751986,1.09999999999999);
#42=ELLIPSE('',#1756,2.51377069890879,2.5);
#43=ELLIPSE('',#1757,1.10605910751986,1.09999999999999);
#44=ELLIPSE('',#1759,1.10605910751986,1.09999999999999);
#45=ELLIPSE('',#1761,2.51377069890879,2.5);
#46=ELLIPSE('',#1762,1.10605910751987,1.1);
#47=ELLIPSE('',#1764,1.10605910751987,1.1);
#48=ELLIPSE('',#1765,1.10605910751987,1.1);
#49=ELLIPSE('',#1767,1.10605910751987,1.1);
#50=ELLIPSE('',#1772,21.0180548702289,1.1);
#51=ELLIPSE('',#1773,1.10605910751986,1.09999999999999);
#52=ELLIPSE('',#1774,1.10605910751986,1.09999999999999);
#53=ELLIPSE('',#1776,21.018054870229,1.1);
#54=ELLIPSE('',#1777,21.018054870229,1.1);
#55=(
BOUNDED_SURFACE()
B_SPLINE_SURFACE(1,2,((#2534,#2535,#2536,#2537,#2538),(#2539,#2540,#2541,
#2542,#2543)),.UNSPECIFIED.,.F.,.F.,.F.)
B_SPLINE_SURFACE_WITH_KNOTS((2,2),(3,2,3),(-1.42330689539635E-15,1.55868704328628),
(1.71057543417147,3.14159265358979,4.57260987300812),.UNSPECIFIED.)
GEOMETRIC_REPRESENTATION_ITEM()
RATIONAL_B_SPLINE_SURFACE(((1.,0.754759690177094,1.,0.754759690177094,1.),
(1.,0.754759690177094,1.,0.754759690177094,1.)))
REPRESENTATION_ITEM('')
SURFACE()
);
#56=(
BOUNDED_SURFACE()
B_SPLINE_SURFACE(1,2,((#2852,#2853,#2854),(#2855,#2856,#2857)),
 .UNSPECIFIED.,.F.,.F.,.F.)
B_SPLINE_SURFACE_WITH_KNOTS((2,2),(3,3),(0.99257386206464,1.36520732909646),
(1.49899009945779,1.51861078524651),.UNSPECIFIED.)
GEOMETRIC_REPRESENTATION_ITEM()
RATIONAL_B_SPLINE_SURFACE(((1.,0.999951878972091,1.),(1.,0.999951878972091,
1.)))
REPRESENTATION_ITEM('')
SURFACE()
);
#57=(
BOUNDED_SURFACE()
B_SPLINE_SURFACE(1,2,((#2867,#2868,#2869),(#2870,#2871,#2872)),
 .UNSPECIFIED.,.F.,.F.,.F.)
B_SPLINE_SURFACE_WITH_KNOTS((2,2),(3,3),(0.996849994212837,1.36520732909646),
(1.49899009945779,1.5183857577817),.UNSPECIFIED.)
GEOMETRIC_REPRESENTATION_ITEM()
RATIONAL_B_SPLINE_SURFACE(((1.,0.999952976423313,1.),(1.,0.999952976423313,
1.)))
REPRESENTATION_ITEM('')
SURFACE()
);
#58=(
BOUNDED_SURFACE()
B_SPLINE_SURFACE(1,2,((#2887,#2888,#2889,#2890,#2891),(#2892,#2893,#2894,
#2895,#2896)),.UNSPECIFIED.,.F.,.F.,.F.)
B_SPLINE_SURFACE_WITH_KNOTS((2,2),(3,2,3),(-8.09387909915753E-15,1.36520732909645),
(1.75703834796466,3.14159265358979,4.52614695921493),.UNSPECIFIED.)
GEOMETRIC_REPRESENTATION_ITEM()
RATIONAL_B_SPLINE_SURFACE(((1.,0.769794524196717,1.,0.769794524196717,1.),
(1.,0.769794524196717,1.,0.769794524196717,1.)))
REPRESENTATION_ITEM('')
SURFACE()
);
#59=(
BOUNDED_SURFACE()
B_SPLINE_SURFACE(1,2,((#2919,#2920,#2921),(#2922,#2923,#2924)),
 .UNSPECIFIED.,.F.,.F.,.F.)
B_SPLINE_SURFACE_WITH_KNOTS((2,2),(3,3),(0.99257386206464,1.36520732909646),
(-1.51861078524651,-1.49899009945779),.UNSPECIFIED.)
GEOMETRIC_REPRESENTATION_ITEM()
RATIONAL_B_SPLINE_SURFACE(((1.,0.999951878972091,1.),(1.,0.999951878972091,
1.)))
REPRESENTATION_ITEM('')
SURFACE()
);
#60=(
BOUNDED_SURFACE()
B_SPLINE_SURFACE(1,2,((#2926,#2927,#2928),(#2929,#2930,#2931)),
 .UNSPECIFIED.,.F.,.F.,.F.)
B_SPLINE_SURFACE_WITH_KNOTS((2,2),(3,3),(0.996849994212838,1.36520732909645),
(-1.51838575778171,-1.49899009945779),.UNSPECIFIED.)
GEOMETRIC_REPRESENTATION_ITEM()
RATIONAL_B_SPLINE_SURFACE(((1.,0.999952976423313,1.),(1.,0.999952976423313,
1.)))
REPRESENTATION_ITEM('')
SURFACE()
);
#61=FACE_BOUND('',#303,.T.);
#62=FACE_BOUND('',#304,.T.);
#63=FACE_BOUND('',#312,.T.);
#64=FACE_BOUND('',#313,.T.);
#65=FACE_BOUND('',#344,.T.);
#66=FACE_BOUND('',#355,.T.);
#67=FACE_BOUND('',#356,.T.);
#68=FACE_BOUND('',#357,.T.);
#69=FACE_BOUND('',#358,.T.);
#70=FACE_BOUND('',#361,.T.);
#71=FACE_BOUND('',#364,.T.);
#72=FACE_BOUND('',#367,.T.);
#73=FACE_BOUND('',#381,.T.);
#74=FACE_BOUND('',#386,.T.);
#75=FACE_BOUND('',#387,.T.);
#76=CYLINDRICAL_SURFACE('',#1665,0.999999999999996);
#77=CYLINDRICAL_SURFACE('',#1668,1.);
#78=CYLINDRICAL_SURFACE('',#1678,1.1);
#79=CYLINDRICAL_SURFACE('',#1684,1.1);
#80=CYLINDRICAL_SURFACE('',#1695,4.);
#81=CYLINDRICAL_SURFACE('',#1698,4.);
#82=CYLINDRICAL_SURFACE('',#1702,4.);
#83=CYLINDRICAL_SURFACE('',#1705,4.);
#84=CYLINDRICAL_SURFACE('',#1710,1.);
#85=CYLINDRICAL_SURFACE('',#1712,0.999999999999996);
#86=CYLINDRICAL_SURFACE('',#1729,2.5);
#87=CYLINDRICAL_SURFACE('',#1734,1.09999999999999);
#88=CYLINDRICAL_SURFACE('',#1744,1.09999999999999);
#89=CYLINDRICAL_SURFACE('',#1768,2.5);
#90=CYLINDRICAL_SURFACE('',#1769,2.5);
#91=CYLINDRICAL_SURFACE('',#1770,2.5);
#92=CYLINDRICAL_SURFACE('',#1771,1.09999999999999);
#93=CYLINDRICAL_SURFACE('',#1775,1.1);
#94=CYLINDRICAL_SURFACE('',#1778,1.1);
#95=CYLINDRICAL_SURFACE('',#1780,1.1);
#96=CYLINDRICAL_SURFACE('',#1781,1.1);
#97=CYLINDRICAL_SURFACE('',#1782,1.1);
#98=CYLINDRICAL_SURFACE('',#1784,1.1);
#99=CYLINDRICAL_SURFACE('',#1788,2.5000000372529);
#100=CYLINDRICAL_SURFACE('',#1793,2.5000000372529);
#101=CYLINDRICAL_SURFACE('',#1798,2.5000000372529);
#102=CYLINDRICAL_SURFACE('',#1803,2.45884394821918);
#103=CYLINDRICAL_SURFACE('',#1808,2.45884394821918);
#104=B_SPLINE_CURVE_WITH_KNOTS('',3,(#2313,#2314,#2315,#2316,#2317,#2318,
#2319,#2320,#2321,#2322,#2323,#2324),.UNSPECIFIED.,.F.,.F.,(4,2,2,2,2,4),
(1.11220766863692,1.14308359369648,1.25843842896931,1.44256431168171,1.66962739990112,
2.28156829101438),.UNSPECIFIED.);
#105=B_SPLINE_CURVE_WITH_KNOTS('',3,(#2326,#2327,#2328,#2329),
 .UNSPECIFIED.,.F.,.F.,(4,4),(0.861811070311448,1.5707963267949),
 .UNSPECIFIED.);
#106=B_SPLINE_CURVE_WITH_KNOTS('',3,(#2369,#2370,#2371,#2372,#2373,#2374,
#2375,#2376,#2377,#2378),.UNSPECIFIED.,.F.,.F.,(4,2,2,2,4),(0.,0.649247457108987,
0.906297121662713,1.03847962609528,1.11220766863694),.UNSPECIFIED.);
#107=B_SPLINE_CURVE_WITH_KNOTS('',3,(#2381,#2382,#2383,#2384),
 .UNSPECIFIED.,.F.,.F.,(4,4),(-4.71238898038469,-4.00340372390124),
 .UNSPECIFIED.);
#108=B_SPLINE_CURVE_WITH_KNOTS('',3,(#2409,#2410,#2411,#2412,#2413,#2414,
#2415,#2416,#2417,#2418,#2419,#2420,#2421,#2422),.UNSPECIFIED.,.F.,.F.,
(4,2,2,2,2,2,4),(1.24812485531821,1.28910047881774,1.38233384877633,1.54285449015616,
1.75131830473946,2.17726331544021,2.54534150950574),.UNSPECIFIED.);
#109=B_SPLINE_CURVE_WITH_KNOTS('',3,(#2424,#2425,#2426,#2427,#2428),
 .UNSPECIFIED.,.F.,.F.,(4,1,4),(-2.54236621186405,-2.12597911826299,-1.5707963267949),
 .UNSPECIFIED.);
#110=B_SPLINE_CURVE_WITH_KNOTS('',3,(#2451,#2452,#2453,#2454,#2455,#2456,
#2457,#2458,#2459,#2460,#2461,#2462),.UNSPECIFIED.,.F.,.F.,(4,2,2,2,2,4),
(0.,0.512681410844007,0.961751638689646,1.11786649818711,1.21002719424684,
1.24812485531627),.UNSPECIFIED.);
#111=B_SPLINE_CURVE_WITH_KNOTS('',3,(#2465,#2466,#2467,#2468,#2469),
 .UNSPECIFIED.,.F.,.F.,(4,1,4),(-7.85398163397449,-7.43759454037342,-6.88241174890533),
 .UNSPECIFIED.);
#112=B_SPLINE_CURVE_WITH_KNOTS('',3,(#2573,#2574,#2575,#2576,#2577,#2578,
#2579),.UNSPECIFIED.,.F.,.F.,(4,3,4),(-0.274930772895819,-0.157103298797611,
0.),.UNSPECIFIED.);
#113=B_SPLINE_CURVE_WITH_KNOTS('',3,(#2583,#2584,#2585,#2586,#2587,#2588,
#2589),.UNSPECIFIED.,.F.,.F.,(4,3,4),(-0.274967064733766,-0.157124036990724,
0.),.UNSPECIFIED.);
#114=B_SPLINE_CURVE_WITH_KNOTS('',3,(#2593,#2594,#2595,#2596,#2597,#2598,
#2599),.UNSPECIFIED.,.F.,.F.,(4,3,4),(-0.274930772895868,-0.157103298797639,
0.),.UNSPECIFIED.);
#115=B_SPLINE_CURVE_WITH_KNOTS('',3,(#2603,#2604,#2605,#2606,#2607,#2608,
#2609),.UNSPECIFIED.,.F.,.F.,(4,3,4),(-0.274967064733781,-0.157124036990732,
0.),.UNSPECIFIED.);
#116=B_SPLINE_CURVE_WITH_KNOTS('',3,(#2629,#2630,#2631,#2632,#2633),
 .UNSPECIFIED.,.F.,.F.,(4,1,4),(-1.5707963267949,-0.673198425769241,4.35340021249416E-16),
 .UNSPECIFIED.);
#117=B_SPLINE_CURVE_WITH_KNOTS('',3,(#2650,#2651,#2652,#2653,#2654),
 .UNSPECIFIED.,.F.,.F.,(4,1,4),(-2.22044604925031E-16,0.897597901025656,
1.5707963267949),.UNSPECIFIED.);
#118=B_SPLINE_CURVE_WITH_KNOTS('',3,(#2728,#2729,#2730,#2731,#2732),
 .UNSPECIFIED.,.F.,.F.,(4,1,4),(-1.5707963267949,-0.673198425769242,2.22044604925031E-16),
 .UNSPECIFIED.);
#119=B_SPLINE_CURVE_WITH_KNOTS('',3,(#2755,#2756,#2757,#2758,#2759),
 .UNSPECIFIED.,.F.,.F.,(4,1,4),(-2.22044604925031E-16,0.897597901025657,
1.5707963267949),.UNSPECIFIED.);
#120=B_SPLINE_SURFACE_WITH_KNOTS('',3,3,((#2296,#2297,#2298,#2299),(#2300,
#2301,#2302,#2303),(#2304,#2305,#2306,#2307),(#2308,#2309,#2310,#2311)),
 .UNSPECIFIED.,.F.,.F.,.F.,(4,4),(4,4),(0.,1.),(0.861811070311448,1.5707963267949),
 .UNSPECIFIED.);
#121=B_SPLINE_SURFACE_WITH_KNOTS('',3,3,((#2352,#2353,#2354,#2355),(#2356,
#2357,#2358,#2359),(#2360,#2361,#2362,#2363),(#2364,#2365,#2366,#2367)),
 .UNSPECIFIED.,.F.,.F.,.F.,(4,4),(4,4),(0.,1.),(-4.71238898038469,-4.00340372390124),
 .UNSPECIFIED.);
#122=B_SPLINE_SURFACE_WITH_KNOTS('',3,3,((#2388,#2389,#2390,#2391,#2392),
(#2393,#2394,#2395,#2396,#2397),(#2398,#2399,#2400,#2401,#2402),(#2403,
#2404,#2405,#2406,#2407)),.UNSPECIFIED.,.F.,.F.,.F.,(4,4),(4,1,4),(0.,1.),
(-2.54236621186405,-2.12597911826299,-1.5707963267949),.UNSPECIFIED.);
#123=B_SPLINE_SURFACE_WITH_KNOTS('',3,3,((#2430,#2431,#2432,#2433,#2434),
(#2435,#2436,#2437,#2438,#2439),(#2440,#2441,#2442,#2443,#2444),(#2445,
#2446,#2447,#2448,#2449)),.UNSPECIFIED.,.F.,.F.,.F.,(4,4),(4,1,4),(0.,1.),
(-7.85398163397449,-7.43759454037342,-6.88241174890533),.UNSPECIFIED.);
#124=B_SPLINE_SURFACE_WITH_KNOTS('',1,3,((#2617,#2618,#2619,#2620,#2621),
(#2622,#2623,#2624,#2625,#2626)),.UNSPECIFIED.,.F.,.F.,.F.,(2,2),(4,1,4),
(0.,0.705678268294733),(-4.35340021249416E-16,0.673198425769241,1.5707963267949),
 .UNSPECIFIED.);
#125=B_SPLINE_SURFACE_WITH_KNOTS('',1,3,((#2638,#2639,#2640,#2641,#2642),
(#2643,#2644,#2645,#2646,#2647)),.UNSPECIFIED.,.F.,.F.,.F.,(2,2),(4,1,4),
(0.,0.705678268294733),(-1.5707963267949,-0.897597901025656,2.22044604925031E-16),
 .UNSPECIFIED.);
#126=B_SPLINE_SURFACE_WITH_KNOTS('',1,3,((#2716,#2717,#2718,#2719,#2720),
(#2721,#2722,#2723,#2724,#2725)),.UNSPECIFIED.,.F.,.F.,.F.,(2,2),(4,1,4),
(0.,0.705678268294733),(-2.22044604925031E-16,0.673198425769242,1.5707963267949),
 .UNSPECIFIED.);
#127=B_SPLINE_SURFACE_WITH_KNOTS('',1,3,((#2745,#2746,#2747,#2748,#2749),
(#2750,#2751,#2752,#2753,#2754)),.UNSPECIFIED.,.F.,.F.,.F.,(2,2),(4,1,4),
(0.,0.705678268294733),(-1.5707963267949,-0.897597901025657,2.22044604925031E-16),
 .UNSPECIFIED.);
#128=PLANE('',#1652);
#129=PLANE('',#1659);
#130=PLANE('',#1663);
#131=PLANE('',#1664);
#132=PLANE('',#1667);
#133=PLANE('',#1670);
#134=PLANE('',#1671);
#135=PLANE('',#1676);
#136=PLANE('',#1677);
#137=PLANE('',#1683);
#138=PLANE('',#1687);
#139=PLANE('',#1690);
#140=PLANE('',#1691);
#141=PLANE('',#1692);
#142=PLANE('',#1693);
#143=PLANE('',#1694);
#144=PLANE('',#1697);
#145=PLANE('',#1700);
#146=PLANE('',#1701);
#147=PLANE('',#1704);
#148=PLANE('',#1707);
#149=PLANE('',#1708);
#150=PLANE('',#1709);
#151=PLANE('',#1711);
#152=PLANE('',#1713);
#153=PLANE('',#1714);
#154=PLANE('',#1715);
#155=PLANE('',#1716);
#156=PLANE('',#1717);
#157=PLANE('',#1718);
#158=PLANE('',#1719);
#159=PLANE('',#1720);
#160=PLANE('',#1722);
#161=PLANE('',#1723);
#162=PLANE('',#1724);
#163=PLANE('',#1725);
#164=PLANE('',#1727);
#165=PLANE('',#1732);
#166=PLANE('',#1740);
#167=PLANE('',#1750);
#168=PLANE('',#1755);
#169=PLANE('',#1760);
#170=PLANE('',#1783);
#171=PLANE('',#1785);
#172=PLANE('',#1786);
#173=PLANE('',#1787);
#174=PLANE('',#1791);
#175=PLANE('',#1792);
#176=PLANE('',#1796);
#177=PLANE('',#1797);
#178=PLANE('',#1801);
#179=PLANE('',#1802);
#180=PLANE('',#1806);
#181=PLANE('',#1807);
#182=PLANE('',#1811);
#183=PLANE('',#1812);
#184=FACE_OUTER_BOUND('',#286,.T.);
#185=FACE_OUTER_BOUND('',#287,.T.);
#186=FACE_OUTER_BOUND('',#288,.T.);
#187=FACE_OUTER_BOUND('',#289,.T.);
#188=FACE_OUTER_BOUND('',#290,.T.);
#189=FACE_OUTER_BOUND('',#291,.T.);
#190=FACE_OUTER_BOUND('',#292,.T.);
#191=FACE_OUTER_BOUND('',#293,.T.);
#192=FACE_OUTER_BOUND('',#294,.T.);
#193=FACE_OUTER_BOUND('',#295,.T.);
#194=FACE_OUTER_BOUND('',#296,.T.);
#195=FACE_OUTER_BOUND('',#297,.T.);
#196=FACE_OUTER_BOUND('',#298,.T.);
#197=FACE_OUTER_BOUND('',#299,.T.);
#198=FACE_OUTER_BOUND('',#300,.T.);
#199=FACE_OUTER_BOUND('',#301,.T.);
#200=FACE_OUTER_BOUND('',#302,.T.);
#201=FACE_OUTER_BOUND('',#305,.T.);
#202=FACE_OUTER_BOUND('',#306,.T.);
#203=FACE_OUTER_BOUND('',#307,.T.);
#204=FACE_OUTER_BOUND('',#308,.T.);
#205=FACE_OUTER_BOUND('',#309,.T.);
#206=FACE_OUTER_BOUND('',#310,.T.);
#207=FACE_OUTER_BOUND('',#311,.T.);
#208=FACE_OUTER_BOUND('',#314,.T.);
#209=FACE_OUTER_BOUND('',#315,.T.);
#210=FACE_OUTER_BOUND('',#316,.T.);
#211=FACE_OUTER_BOUND('',#317,.T.);
#212=FACE_OUTER_BOUND('',#318,.T.);
#213=FACE_OUTER_BOUND('',#319,.T.);
#214=FACE_OUTER_BOUND('',#320,.T.);
#215=FACE_OUTER_BOUND('',#321,.T.);
#216=FACE_OUTER_BOUND('',#322,.T.);
#217=FACE_OUTER_BOUND('',#323,.T.);
#218=FACE_OUTER_BOUND('',#324,.T.);
#219=FACE_OUTER_BOUND('',#325,.T.);
#220=FACE_OUTER_BOUND('',#326,.T.);
#221=FACE_OUTER_BOUND('',#327,.T.);
#222=FACE_OUTER_BOUND('',#328,.T.);
#223=FACE_OUTER_BOUND('',#329,.T.);
#224=FACE_OUTER_BOUND('',#330,.T.);
#225=FACE_OUTER_BOUND('',#331,.T.);
#226=FACE_OUTER_BOUND('',#332,.T.);
#227=FACE_OUTER_BOUND('',#333,.T.);
#228=FACE_OUTER_BOUND('',#334,.T.);
#229=FACE_OUTER_BOUND('',#335,.T.);
#230=FACE_OUTER_BOUND('',#336,.T.);
#231=FACE_OUTER_BOUND('',#337,.T.);
#232=FACE_OUTER_BOUND('',#338,.T.);
#233=FACE_OUTER_BOUND('',#339,.T.);
#234=FACE_OUTER_BOUND('',#340,.T.);
#235=FACE_OUTER_BOUND('',#341,.T.);
#236=FACE_OUTER_BOUND('',#342,.T.);
#237=FACE_OUTER_BOUND('',#343,.T.);
#238=FACE_OUTER_BOUND('',#345,.T.);
#239=FACE_OUTER_BOUND('',#346,.T.);
#240=FACE_OUTER_BOUND('',#347,.T.);
#241=FACE_OUTER_BOUND('',#348,.T.);
#242=FACE_OUTER_BOUND('',#349,.T.);
#243=FACE_OUTER_BOUND('',#350,.T.);
#244=FACE_OUTER_BOUND('',#351,.T.);
#245=FACE_OUTER_BOUND('',#352,.T.);
#246=FACE_OUTER_BOUND('',#353,.T.);
#247=FACE_OUTER_BOUND('',#354,.T.);
#248=FACE_OUTER_BOUND('',#359,.T.);
#249=FACE_OUTER_BOUND('',#360,.T.);
#250=FACE_OUTER_BOUND('',#362,.T.);
#251=FACE_OUTER_BOUND('',#363,.T.);
#252=FACE_OUTER_BOUND('',#365,.T.);
#253=FACE_OUTER_BOUND('',#366,.T.);
#254=FACE_OUTER_BOUND('',#368,.T.);
#255=FACE_OUTER_BOUND('',#369,.T.);
#256=FACE_OUTER_BOUND('',#370,.T.);
#257=FACE_OUTER_BOUND('',#371,.T.);
#258=FACE_OUTER_BOUND('',#372,.T.);
#259=FACE_OUTER_BOUND('',#373,.T.);
#260=FACE_OUTER_BOUND('',#374,.T.);
#261=FACE_OUTER_BOUND('',#375,.T.);
#262=FACE_OUTER_BOUND('',#376,.T.);
#263=FACE_OUTER_BOUND('',#377,.T.);
#264=FACE_OUTER_BOUND('',#378,.T.);
#265=FACE_OUTER_BOUND('',#379,.T.);
#266=FACE_OUTER_BOUND('',#380,.T.);
#267=FACE_OUTER_BOUND('',#382,.T.);
#268=FACE_OUTER_BOUND('',#383,.T.);
#269=FACE_OUTER_BOUND('',#384,.T.);
#270=FACE_OUTER_BOUND('',#385,.T.);
#271=FACE_OUTER_BOUND('',#388,.T.);
#272=FACE_OUTER_BOUND('',#389,.T.);
#273=FACE_OUTER_BOUND('',#390,.T.);
#274=FACE_OUTER_BOUND('',#391,.T.);
#275=FACE_OUTER_BOUND('',#392,.T.);
#276=FACE_OUTER_BOUND('',#393,.T.);
#277=FACE_OUTER_BOUND('',#394,.T.);
#278=FACE_OUTER_BOUND('',#395,.T.);
#279=FACE_OUTER_BOUND('',#396,.T.);
#280=FACE_OUTER_BOUND('',#397,.T.);
#281=FACE_OUTER_BOUND('',#398,.T.);
#282=FACE_OUTER_BOUND('',#399,.T.);
#283=FACE_OUTER_BOUND('',#400,.T.);
#284=FACE_OUTER_BOUND('',#401,.T.);
#285=FACE_OUTER_BOUND('',#402,.T.);
#286=EDGE_LOOP('',(#1078,#1079,#1080,#1081));
#287=EDGE_LOOP('',(#1082,#1083,#1084,#1085));
#288=EDGE_LOOP('',(#1086,#1087,#1088,#1089));
#289=EDGE_LOOP('',(#1090,#1091,#1092,#1093));
#290=EDGE_LOOP('',(#1094,#1095,#1096,#1097));
#291=EDGE_LOOP('',(#1098,#1099,#1100,#1101));
#292=EDGE_LOOP('',(#1102,#1103,#1104,#1105));
#293=EDGE_LOOP('',(#1106,#1107,#1108,#1109));
#294=EDGE_LOOP('',(#1110,#1111,#1112,#1113));
#295=EDGE_LOOP('',(#1114,#1115,#1116,#1117));
#296=EDGE_LOOP('',(#1118,#1119,#1120,#1121));
#297=EDGE_LOOP('',(#1122,#1123,#1124,#1125));
#298=EDGE_LOOP('',(#1126,#1127,#1128,#1129,#1130));
#299=EDGE_LOOP('',(#1131,#1132,#1133,#1134));
#300=EDGE_LOOP('',(#1135,#1136,#1137,#1138,#1139));
#301=EDGE_LOOP('',(#1140,#1141,#1142,#1143));
#302=EDGE_LOOP('',(#1144,#1145,#1146,#1147,#1148,#1149,#1150,#1151));
#303=EDGE_LOOP('',(#1152,#1153,#1154,#1155));
#304=EDGE_LOOP('',(#1156,#1157,#1158,#1159));
#305=EDGE_LOOP('',(#1160,#1161,#1162,#1163,#1164,#1165));
#306=EDGE_LOOP('',(#1166,#1167,#1168,#1169,#1170,#1171));
#307=EDGE_LOOP('',(#1172,#1173,#1174,#1175));
#308=EDGE_LOOP('',(#1176,#1177,#1178,#1179,#1180,#1181));
#309=EDGE_LOOP('',(#1182,#1183));
#310=EDGE_LOOP('',(#1184,#1185,#1186));
#311=EDGE_LOOP('',(#1187,#1188,#1189,#1190,#1191,#1192,#1193,#1194));
#312=EDGE_LOOP('',(#1195,#1196,#1197,#1198));
#313=EDGE_LOOP('',(#1199,#1200,#1201,#1202,#1203,#1204,#1205,#1206));
#314=EDGE_LOOP('',(#1207,#1208,#1209,#1210));
#315=EDGE_LOOP('',(#1211,#1212,#1213,#1214));
#316=EDGE_LOOP('',(#1215,#1216,#1217,#1218));
#317=EDGE_LOOP('',(#1219,#1220,#1221,#1222));
#318=EDGE_LOOP('',(#1223,#1224,#1225,#1226));
#319=EDGE_LOOP('',(#1227,#1228,#1229,#1230));
#320=EDGE_LOOP('',(#1231,#1232,#1233,#1234));
#321=EDGE_LOOP('',(#1235,#1236,#1237,#1238));
#322=EDGE_LOOP('',(#1239,#1240,#1241,#1242));
#323=EDGE_LOOP('',(#1243,#1244,#1245,#1246));
#324=EDGE_LOOP('',(#1247,#1248,#1249,#1250));
#325=EDGE_LOOP('',(#1251,#1252,#1253,#1254));
#326=EDGE_LOOP('',(#1255,#1256,#1257,#1258));
#327=EDGE_LOOP('',(#1259,#1260,#1261,#1262));
#328=EDGE_LOOP('',(#1263,#1264,#1265,#1266));
#329=EDGE_LOOP('',(#1267,#1268,#1269,#1270));
#330=EDGE_LOOP('',(#1271,#1272,#1273,#1274));
#331=EDGE_LOOP('',(#1275,#1276,#1277,#1278));
#332=EDGE_LOOP('',(#1279,#1280,#1281,#1282,#1283));
#333=EDGE_LOOP('',(#1284,#1285,#1286,#1287));
#334=EDGE_LOOP('',(#1288,#1289,#1290,#1291,#1292));
#335=EDGE_LOOP('',(#1293,#1294,#1295,#1296));
#336=EDGE_LOOP('',(#1297,#1298,#1299,#1300));
#337=EDGE_LOOP('',(#1301,#1302,#1303,#1304));
#338=EDGE_LOOP('',(#1305,#1306,#1307,#1308));
#339=EDGE_LOOP('',(#1309,#1310,#1311,#1312));
#340=EDGE_LOOP('',(#1313,#1314,#1315,#1316));
#341=EDGE_LOOP('',(#1317,#1318,#1319,#1320));
#342=EDGE_LOOP('',(#1321,#1322,#1323,#1324));
#343=EDGE_LOOP('',(#1325,#1326,#1327,#1328,#1329,#1330,#1331,#1332));
#344=EDGE_LOOP('',(#1333,#1334,#1335,#1336));
#345=EDGE_LOOP('',(#1337));
#346=EDGE_LOOP('',(#1338,#1339,#1340,#1341,#1342,#1343));
#347=EDGE_LOOP('',(#1344,#1345,#1346,#1347,#1348,#1349));
#348=EDGE_LOOP('',(#1350,#1351,#1352,#1353));
#349=EDGE_LOOP('',(#1354));
#350=EDGE_LOOP('',(#1355));
#351=EDGE_LOOP('',(#1356,#1357,#1358,#1359));
#352=EDGE_LOOP('',(#1360));
#353=EDGE_LOOP('',(#1361,#1362,#1363,#1364,#1365,#1366,#1367,#1368));
#354=EDGE_LOOP('',(#1369,#1370,#1371,#1372));
#355=EDGE_LOOP('',(#1373));
#356=EDGE_LOOP('',(#1374));
#357=EDGE_LOOP('',(#1375));
#358=EDGE_LOOP('',(#1376));
#359=EDGE_LOOP('',(#1377,#1378,#1379,#1380,#1381,#1382,#1383,#1384));
#360=EDGE_LOOP('',(#1385));
#361=EDGE_LOOP('',(#1386,#1387,#1388,#1389,#1390));
#362=EDGE_LOOP('',(#1391,#1392,#1393));
#363=EDGE_LOOP('',(#1394));
#364=EDGE_LOOP('',(#1395,#1396,#1397,#1398,#1399));
#365=EDGE_LOOP('',(#1400,#1401,#1402));
#366=EDGE_LOOP('',(#1403));
#367=EDGE_LOOP('',(#1404,#1405,#1406,#1407,#1408));
#368=EDGE_LOOP('',(#1409,#1410,#1411,#1412));
#369=EDGE_LOOP('',(#1413,#1414,#1415,#1416));
#370=EDGE_LOOP('',(#1417,#1418,#1419,#1420));
#371=EDGE_LOOP('',(#1421,#1422,#1423,#1424));
#372=EDGE_LOOP('',(#1425,#1426,#1427,#1428,#1429,#1430,#1431,#1432));
#373=EDGE_LOOP('',(#1433,#1434,#1435,#1436,#1437,#1438,#1439,#1440));
#374=EDGE_LOOP('',(#1441,#1442,#1443));
#375=EDGE_LOOP('',(#1444,#1445,#1446));
#376=EDGE_LOOP('',(#1447,#1448,#1449));
#377=EDGE_LOOP('',(#1450,#1451,#1452));
#378=EDGE_LOOP('',(#1453,#1454,#1455,#1456));
#379=EDGE_LOOP('',(#1457,#1458,#1459,#1460));
#380=EDGE_LOOP('',(#1461));
#381=EDGE_LOOP('',(#1462,#1463,#1464,#1465,#1466));
#382=EDGE_LOOP('',(#1467,#1468,#1469));
#383=EDGE_LOOP('',(#1470,#1471,#1472,#1473));
#384=EDGE_LOOP('',(#1474,#1475,#1476,#1477));
#385=EDGE_LOOP('',(#1478,#1479,#1480,#1481));
#386=EDGE_LOOP('',(#1482,#1483,#1484,#1485));
#387=EDGE_LOOP('',(#1486,#1487,#1488,#1489,#1490,#1491,#1492,#1493));
#388=EDGE_LOOP('',(#1494,#1495,#1496,#1497));
#389=EDGE_LOOP('',(#1498));
#390=EDGE_LOOP('',(#1499));
#391=EDGE_LOOP('',(#1500,#1501,#1502,#1503));
#392=EDGE_LOOP('',(#1504));
#393=EDGE_LOOP('',(#1505));
#394=EDGE_LOOP('',(#1506,#1507,#1508,#1509));
#395=EDGE_LOOP('',(#1510));
#396=EDGE_LOOP('',(#1511));
#397=EDGE_LOOP('',(#1512,#1513,#1514,#1515));
#398=EDGE_LOOP('',(#1516));
#399=EDGE_LOOP('',(#1517));
#400=EDGE_LOOP('',(#1518,#1519,#1520,#1521));
#401=EDGE_LOOP('',(#1522));
#402=EDGE_LOOP('',(#1523));
#403=CIRCLE('',#1650,0.999999999999996);
#404=CIRCLE('',#1651,12.3);
#405=CIRCLE('',#1654,12.3);
#406=CIRCLE('',#1655,0.999999999999996);
#407=CIRCLE('',#1657,1.);
#408=CIRCLE('',#1658,12.3);
#409=CIRCLE('',#1661,12.3);
#410=CIRCLE('',#1662,1.);
#411=CIRCLE('',#1666,0.999999999999996);
#412=CIRCLE('',#1669,1.);
#413=CIRCLE('',#1672,4.);
#414=CIRCLE('',#1673,4.);
#415=CIRCLE('',#1674,4.);
#416=CIRCLE('',#1675,4.);
#417=CIRCLE('',#1679,1.1);
#418=CIRCLE('',#1680,1.1);
#419=CIRCLE('',#1686,1.1);
#420=CIRCLE('',#1688,1.);
#421=CIRCLE('',#1689,0.999999999999996);
#422=CIRCLE('',#1696,4.);
#423=CIRCLE('',#1699,4.);
#424=CIRCLE('',#1703,4.);
#425=CIRCLE('',#1706,4.);
#426=CIRCLE('',#1721,1.1);
#427=CIRCLE('',#1726,1.09999999999999);
#428=CIRCLE('',#1728,1.09999999999999);
#429=CIRCLE('',#1731,2.5);
#430=CIRCLE('',#1733,1.09999999999999);
#431=CIRCLE('',#1741,2.5);
#432=CIRCLE('',#1742,2.5);
#433=CIRCLE('',#1743,2.5);
#434=CIRCLE('',#1753,1.1);
#435=CIRCLE('',#1758,1.1);
#436=CIRCLE('',#1763,1.1);
#437=CIRCLE('',#1766,1.1);
#438=CIRCLE('',#1779,1.1);
#439=CIRCLE('',#1789,2.5000000372529);
#440=CIRCLE('',#1790,2.5000000372529);
#441=CIRCLE('',#1794,2.5000000372529);
#442=CIRCLE('',#1795,2.5000000372529);
#443=CIRCLE('',#1799,2.5000000372529);
#444=CIRCLE('',#1800,2.5000000372529);
#445=CIRCLE('',#1804,2.45884394821918);
#446=CIRCLE('',#1805,2.45884394821918);
#447=CIRCLE('',#1809,2.45884394821918);
#448=CIRCLE('',#1810,2.45884394821918);
#449=LINE('',#2278,#580);
#450=LINE('',#2282,#581);
#451=LINE('',#2287,#582);
#452=LINE('',#2288,#583);
#453=LINE('',#2289,#584);
#454=LINE('',#2293,#585);
#455=LINE('',#2330,#586);
#456=LINE('',#2334,#587);
#457=LINE('',#2338,#588);
#458=LINE('',#2343,#589);
#459=LINE('',#2344,#590);
#460=LINE('',#2345,#591);
#461=LINE('',#2349,#592);
#462=LINE('',#2380,#593);
#463=LINE('',#2386,#594);
#464=LINE('',#2387,#595);
#465=LINE('',#2429,#596);
#466=LINE('',#2464,#597);
#467=LINE('',#2471,#598);
#468=LINE('',#2472,#599);
#469=LINE('',#2475,#600);
#470=LINE('',#2478,#601);
#471=LINE('',#2481,#602);
#472=LINE('',#2482,#603);
#473=LINE('',#2485,#604);
#474=LINE('',#2489,#605);
#475=LINE('',#2490,#606);
#476=LINE('',#2493,#607);
#477=LINE('',#2495,#608);
#478=LINE('',#2497,#609);
#479=LINE('',#2499,#610);
#480=LINE('',#2500,#611);
#481=LINE('',#2505,#612);
#482=LINE('',#2508,#613);
#483=LINE('',#2513,#614);
#484=LINE('',#2516,#615);
#485=LINE('',#2519,#616);
#486=LINE('',#2520,#617);
#487=LINE('',#2523,#618);
#488=LINE('',#2524,#619);
#489=LINE('',#2530,#620);
#490=LINE('',#2533,#621);
#491=LINE('',#2547,#622);
#492=LINE('',#2549,#623);
#493=LINE('',#2559,#624);
#494=LINE('',#2562,#625);
#495=LINE('',#2565,#626);
#496=LINE('',#2567,#627);
#497=LINE('',#2569,#628);
#498=LINE('',#2570,#629);
#499=LINE('',#2581,#630);
#500=LINE('',#2591,#631);
#501=LINE('',#2601,#632);
#502=LINE('',#2610,#633);
#503=LINE('',#2613,#634);
#504=LINE('',#2615,#635);
#505=LINE('',#2616,#636);
#506=LINE('',#2628,#637);
#507=LINE('',#2636,#638);
#508=LINE('',#2637,#639);
#509=LINE('',#2649,#640);
#510=LINE('',#2657,#641);
#511=LINE('',#2659,#642);
#512=LINE('',#2660,#643);
#513=LINE('',#2663,#644);
#514=LINE('',#2664,#645);
#515=LINE('',#2667,#646);
#516=LINE('',#2668,#647);
#517=LINE('',#2671,#648);
#518=LINE('',#2674,#649);
#519=LINE('',#2677,#650);
#520=LINE('',#2678,#651);
#521=LINE('',#2681,#652);
#522=LINE('',#2684,#653);
#523=LINE('',#2688,#654);
#524=LINE('',#2691,#655);
#525=LINE('',#2694,#656);
#526=LINE('',#2695,#657);
#527=LINE('',#2698,#658);
#528=LINE('',#2701,#659);
#529=LINE('',#2704,#660);
#530=LINE('',#2706,#661);
#531=LINE('',#2708,#662);
#532=LINE('',#2710,#663);
#533=LINE('',#2714,#664);
#534=LINE('',#2715,#665);
#535=LINE('',#2727,#666);
#536=LINE('',#2735,#667);
#537=LINE('',#2736,#668);
#538=LINE('',#2739,#669);
#539=LINE('',#2740,#670);
#540=LINE('',#2743,#671);
#541=LINE('',#2744,#672);
#542=LINE('',#2761,#673);
#543=LINE('',#2765,#674);
#544=LINE('',#2767,#675);
#545=LINE('',#2769,#676);
#546=LINE('',#2770,#677);
#547=LINE('',#2777,#678);
#548=LINE('',#2779,#679);
#549=LINE('',#2781,#680);
#550=LINE('',#2782,#681);
#551=LINE('',#2783,#682);
#552=LINE('',#2787,#683);
#553=LINE('',#2789,#684);
#554=LINE('',#2791,#685);
#555=LINE('',#2792,#686);
#556=LINE('',#2793,#687);
#557=LINE('',#2795,#688);
#558=LINE('',#2796,#689);
#559=LINE('',#2807,#690);
#560=LINE('',#2820,#691);
#561=LINE('',#2825,#692);
#562=LINE('',#2840,#693);
#563=LINE('',#2858,#694);
#564=LINE('',#2873,#695);
#565=LINE('',#2898,#696);
#566=LINE('',#2901,#697);
#567=LINE('',#2903,#698);
#568=LINE('',#2905,#699);
#569=LINE('',#2907,#700);
#570=LINE('',#2913,#701);
#571=LINE('',#2917,#702);
#572=LINE('',#2925,#703);
#573=LINE('',#2932,#704);
#574=LINE('',#2942,#705);
#575=LINE('',#2948,#706);
#576=LINE('',#2956,#707);
#577=LINE('',#2964,#708);
#578=LINE('',#2972,#709);
#579=LINE('',#2980,#710);
#580=VECTOR('',#1817,10.);
#581=VECTOR('',#1820,10.);
#582=VECTOR('',#1825,10.);
#583=VECTOR('',#1826,10.);
#584=VECTOR('',#1827,10.);
#585=VECTOR('',#1830,10.);
#586=VECTOR('',#1835,10.);
#587=VECTOR('',#1838,10.);
#588=VECTOR('',#1841,10.);
#589=VECTOR('',#1846,10.);
#590=VECTOR('',#1847,10.);
#591=VECTOR('',#1848,10.);
#592=VECTOR('',#1851,10.);
#593=VECTOR('',#1856,10.);
#594=VECTOR('',#1859,10.);
#595=VECTOR('',#1860,10.);
#596=VECTOR('',#1861,10.);
#597=VECTOR('',#1862,10.);
#598=VECTOR('',#1865,10.);
#599=VECTOR('',#1866,10.);
#600=VECTOR('',#1869,10.);
#601=VECTOR('',#1872,10.);
#602=VECTOR('',#1875,10.);
#603=VECTOR('',#1876,10.);
#604=VECTOR('',#1879,10.);
#605=VECTOR('',#1884,10.);
#606=VECTOR('',#1885,10.);
#607=VECTOR('',#1888,10.);
#608=VECTOR('',#1889,10.);
#609=VECTOR('',#1890,10.);
#610=VECTOR('',#1891,10.);
#611=VECTOR('',#1892,10.);
#612=VECTOR('',#1895,10.);
#613=VECTOR('',#1898,10.);
#614=VECTOR('',#1901,10.);
#615=VECTOR('',#1904,10.);
#616=VECTOR('',#1907,10.);
#617=VECTOR('',#1908,10.);
#618=VECTOR('',#1911,10.);
#619=VECTOR('',#1912,10.);
#620=VECTOR('',#1917,10.);
#621=VECTOR('',#1920,10.);
#622=VECTOR('',#1923,10.);
#623=VECTOR('',#1926,10.);
#624=VECTOR('',#1939,10.);
#625=VECTOR('',#1942,10.);
#626=VECTOR('',#1943,10.);
#627=VECTOR('',#1944,10.);
#628=VECTOR('',#1945,10.);
#629=VECTOR('',#1946,10.);
#630=VECTOR('',#1947,10.);
#631=VECTOR('',#1948,10.);
#632=VECTOR('',#1949,10.);
#633=VECTOR('',#1950,10.);
#634=VECTOR('',#1953,10.);
#635=VECTOR('',#1954,10.);
#636=VECTOR('',#1955,10.);
#637=VECTOR('',#1956,10.);
#638=VECTOR('',#1959,10.);
#639=VECTOR('',#1960,10.);
#640=VECTOR('',#1961,10.);
#641=VECTOR('',#1964,10.);
#642=VECTOR('',#1965,10.);
#643=VECTOR('',#1966,10.);
#644=VECTOR('',#1969,10.);
#645=VECTOR('',#1970,10.);
#646=VECTOR('',#1973,10.);
#647=VECTOR('',#1974,10.);
#648=VECTOR('',#1977,10.);
#649=VECTOR('',#1980,10.);
#650=VECTOR('',#1983,10.);
#651=VECTOR('',#1984,10.);
#652=VECTOR('',#1987,10.);
#653=VECTOR('',#1992,10.);
#654=VECTOR('',#1997,10.);
#655=VECTOR('',#2000,10.);
#656=VECTOR('',#2003,10.);
#657=VECTOR('',#2004,10.);
#658=VECTOR('',#2007,10.);
#659=VECTOR('',#2012,10.);
#660=VECTOR('',#2017,10.);
#661=VECTOR('',#2020,10.);
#662=VECTOR('',#2023,10.);
#663=VECTOR('',#2026,10.);
#664=VECTOR('',#2031,10.);
#665=VECTOR('',#2032,10.);
#666=VECTOR('',#2033,10.);
#667=VECTOR('',#2036,10.);
#668=VECTOR('',#2037,10.);
#669=VECTOR('',#2040,10.);
#670=VECTOR('',#2041,10.);
#671=VECTOR('',#2044,10.);
#672=VECTOR('',#2045,10.);
#673=VECTOR('',#2048,10.);
#674=VECTOR('',#2051,10.);
#675=VECTOR('',#2052,10.);
#676=VECTOR('',#2053,10.);
#677=VECTOR('',#2054,10.);
#678=VECTOR('',#2061,10.);
#679=VECTOR('',#2062,10.);
#680=VECTOR('',#2063,10.);
#681=VECTOR('',#2064,10.);
#682=VECTOR('',#2065,10.);
#683=VECTOR('',#2068,10.);
#684=VECTOR('',#2069,10.);
#685=VECTOR('',#2070,10.);
#686=VECTOR('',#2071,10.);
#687=VECTOR('',#2072,10.);
#688=VECTOR('',#2075,10.);
#689=VECTOR('',#2076,10.);
#690=VECTOR('',#2089,2.5);
#691=VECTOR('',#2104,1.09999999999999);
#692=VECTOR('',#2111,10.);
#693=VECTOR('',#2126,1.09999999999999);
#694=VECTOR('',#2141,10.);
#695=VECTOR('',#2152,10.);
#696=VECTOR('',#2167,10.);
#697=VECTOR('',#2170,10.);
#698=VECTOR('',#2173,2.5);
#699=VECTOR('',#2176,2.5);
#700=VECTOR('',#2179,2.5);
#701=VECTOR('',#2186,1.09999999999999);
#702=VECTOR('',#2193,1.1);
#703=VECTOR('',#2196,10.);
#704=VECTOR('',#2197,10.);
#705=VECTOR('',#2216,10.);
#706=VECTOR('',#2223,2.5000000372529);
#707=VECTOR('',#2234,2.5000000372529);
#708=VECTOR('',#2245,2.5000000372529);
#709=VECTOR('',#2256,2.45884394821918);
#710=VECTOR('',#2267,2.45884394821918);
#711=VERTEX_POINT('',#2276);
#712=VERTEX_POINT('',#2277);
#713=VERTEX_POINT('',#2279);
#714=VERTEX_POINT('',#2281);
#715=VERTEX_POINT('',#2285);
#716=VERTEX_POINT('',#2286);
#717=VERTEX_POINT('',#2291);
#718=VERTEX_POINT('',#2292);
#719=VERTEX_POINT('',#2312);
#720=VERTEX_POINT('',#2325);
#721=VERTEX_POINT('',#2332);
#722=VERTEX_POINT('',#2333);
#723=VERTEX_POINT('',#2335);
#724=VERTEX_POINT('',#2337);
#725=VERTEX_POINT('',#2341);
#726=VERTEX_POINT('',#2342);
#727=VERTEX_POINT('',#2347);
#728=VERTEX_POINT('',#2348);
#729=VERTEX_POINT('',#2368);
#730=VERTEX_POINT('',#2379);
#731=VERTEX_POINT('',#2408);
#732=VERTEX_POINT('',#2423);
#733=VERTEX_POINT('',#2450);
#734=VERTEX_POINT('',#2463);
#735=VERTEX_POINT('',#2474);
#736=VERTEX_POINT('',#2476);
#737=VERTEX_POINT('',#2480);
#738=VERTEX_POINT('',#2484);
#739=VERTEX_POINT('',#2488);
#740=VERTEX_POINT('',#2492);
#741=VERTEX_POINT('',#2494);
#742=VERTEX_POINT('',#2496);
#743=VERTEX_POINT('',#2498);
#744=VERTEX_POINT('',#2501);
#745=VERTEX_POINT('',#2502);
#746=VERTEX_POINT('',#2504);
#747=VERTEX_POINT('',#2506);
#748=VERTEX_POINT('',#2509);
#749=VERTEX_POINT('',#2510);
#750=VERTEX_POINT('',#2512);
#751=VERTEX_POINT('',#2514);
#752=VERTEX_POINT('',#2518);
#753=VERTEX_POINT('',#2522);
#754=VERTEX_POINT('',#2526);
#755=VERTEX_POINT('',#2527);
#756=VERTEX_POINT('',#2529);
#757=VERTEX_POINT('',#2531);
#758=VERTEX_POINT('',#2544);
#759=VERTEX_POINT('',#2545);
#760=VERTEX_POINT('',#2552);
#761=VERTEX_POINT('',#2556);
#762=VERTEX_POINT('',#2558);
#763=VERTEX_POINT('',#2560);
#764=VERTEX_POINT('',#2563);
#765=VERTEX_POINT('',#2564);
#766=VERTEX_POINT('',#2566);
#767=VERTEX_POINT('',#2568);
#768=VERTEX_POINT('',#2571);
#769=VERTEX_POINT('',#2572);
#770=VERTEX_POINT('',#2580);
#771=VERTEX_POINT('',#2582);
#772=VERTEX_POINT('',#2590);
#773=VERTEX_POINT('',#2592);
#774=VERTEX_POINT('',#2600);
#775=VERTEX_POINT('',#2602);
#776=VERTEX_POINT('',#2612);
#777=VERTEX_POINT('',#2614);
#778=VERTEX_POINT('',#2627);
#779=VERTEX_POINT('',#2635);
#780=VERTEX_POINT('',#2648);
#781=VERTEX_POINT('',#2656);
#782=VERTEX_POINT('',#2658);
#783=VERTEX_POINT('',#2662);
#784=VERTEX_POINT('',#2666);
#785=VERTEX_POINT('',#2670);
#786=VERTEX_POINT('',#2672);
#787=VERTEX_POINT('',#2676);
#788=VERTEX_POINT('',#2680);
#789=VERTEX_POINT('',#2687);
#790=VERTEX_POINT('',#2689);
#791=VERTEX_POINT('',#2693);
#792=VERTEX_POINT('',#2697);
#793=VERTEX_POINT('',#2713);
#794=VERTEX_POINT('',#2726);
#795=VERTEX_POINT('',#2734);
#796=VERTEX_POINT('',#2738);
#797=VERTEX_POINT('',#2742);
#798=VERTEX_POINT('',#2763);
#799=VERTEX_POINT('',#2764);
#800=VERTEX_POINT('',#2766);
#801=VERTEX_POINT('',#2768);
#802=VERTEX_POINT('',#2772);
#803=VERTEX_POINT('',#2775);
#804=VERTEX_POINT('',#2776);
#805=VERTEX_POINT('',#2778);
#806=VERTEX_POINT('',#2780);
#807=VERTEX_POINT('',#2785);
#808=VERTEX_POINT('',#2786);
#809=VERTEX_POINT('',#2788);
#810=VERTEX_POINT('',#2790);
#811=VERTEX_POINT('',#2798);
#812=VERTEX_POINT('',#2801);
#813=VERTEX_POINT('',#2804);
#814=VERTEX_POINT('',#2806);
#815=VERTEX_POINT('',#2810);
#816=VERTEX_POINT('',#2813);
#817=VERTEX_POINT('',#2814);
#818=VERTEX_POINT('',#2816);
#819=VERTEX_POINT('',#2818);
#820=VERTEX_POINT('',#2821);
#821=VERTEX_POINT('',#2826);
#822=VERTEX_POINT('',#2828);
#823=VERTEX_POINT('',#2830);
#824=VERTEX_POINT('',#2833);
#825=VERTEX_POINT('',#2834);
#826=VERTEX_POINT('',#2836);
#827=VERTEX_POINT('',#2838);
#828=VERTEX_POINT('',#2841);
#829=VERTEX_POINT('',#2845);
#830=VERTEX_POINT('',#2847);
#831=VERTEX_POINT('',#2849);
#832=VERTEX_POINT('',#2860);
#833=VERTEX_POINT('',#2862);
#834=VERTEX_POINT('',#2864);
#835=VERTEX_POINT('',#2875);
#836=VERTEX_POINT('',#2877);
#837=VERTEX_POINT('',#2878);
#838=VERTEX_POINT('',#2880);
#839=VERTEX_POINT('',#2882);
#840=VERTEX_POINT('',#2884);
#841=VERTEX_POINT('',#2897);
#842=VERTEX_POINT('',#2899);
#843=VERTEX_POINT('',#2909);
#844=VERTEX_POINT('',#2911);
#845=VERTEX_POINT('',#2945);
#846=VERTEX_POINT('',#2947);
#847=VERTEX_POINT('',#2953);
#848=VERTEX_POINT('',#2955);
#849=VERTEX_POINT('',#2961);
#850=VERTEX_POINT('',#2963);
#851=VERTEX_POINT('',#2969);
#852=VERTEX_POINT('',#2971);
#853=VERTEX_POINT('',#2977);
#854=VERTEX_POINT('',#2979);
#855=EDGE_CURVE('',#711,#712,#449,.T.);
#856=EDGE_CURVE('',#712,#713,#403,.T.);
#857=EDGE_CURVE('',#713,#714,#450,.T.);
#858=EDGE_CURVE('',#714,#711,#404,.T.);
#859=EDGE_CURVE('',#715,#716,#451,.T.);
#860=EDGE_CURVE('',#716,#714,#452,.T.);
#861=EDGE_CURVE('',#713,#715,#453,.T.);
#862=EDGE_CURVE('',#717,#718,#454,.T.);
#863=EDGE_CURVE('',#718,#716,#405,.T.);
#864=EDGE_CURVE('',#715,#717,#406,.T.);
#865=EDGE_CURVE('',#719,#718,#104,.T.);
#866=EDGE_CURVE('',#717,#720,#105,.T.);
#867=EDGE_CURVE('',#720,#719,#455,.T.);
#868=EDGE_CURVE('',#721,#722,#456,.T.);
#869=EDGE_CURVE('',#722,#723,#407,.T.);
#870=EDGE_CURVE('',#723,#724,#457,.T.);
#871=EDGE_CURVE('',#724,#721,#408,.T.);
#872=EDGE_CURVE('',#725,#726,#458,.T.);
#873=EDGE_CURVE('',#726,#724,#459,.T.);
#874=EDGE_CURVE('',#723,#725,#460,.T.);
#875=EDGE_CURVE('',#727,#728,#461,.T.);
#876=EDGE_CURVE('',#728,#726,#409,.T.);
#877=EDGE_CURVE('',#725,#727,#410,.T.);
#878=EDGE_CURVE('',#721,#729,#106,.T.);
#879=EDGE_CURVE('',#729,#730,#462,.T.);
#880=EDGE_CURVE('',#730,#722,#107,.T.);
#881=EDGE_CURVE('',#729,#719,#463,.T.);
#882=EDGE_CURVE('',#720,#730,#464,.T.);
#883=EDGE_CURVE('',#731,#728,#108,.T.);
#884=EDGE_CURVE('',#727,#732,#109,.T.);
#885=EDGE_CURVE('',#732,#731,#465,.T.);
#886=EDGE_CURVE('',#711,#733,#110,.T.);
#887=EDGE_CURVE('',#733,#734,#466,.T.);
#888=EDGE_CURVE('',#734,#712,#111,.T.);
#889=EDGE_CURVE('',#733,#731,#467,.T.);
#890=EDGE_CURVE('',#732,#734,#468,.T.);
#891=EDGE_CURVE('',#734,#735,#469,.T.);
#892=EDGE_CURVE('',#735,#736,#411,.T.);
#893=EDGE_CURVE('',#713,#736,#470,.T.);
#894=EDGE_CURVE('',#732,#737,#471,.T.);
#895=EDGE_CURVE('',#737,#735,#472,.T.);
#896=EDGE_CURVE('',#725,#738,#473,.T.);
#897=EDGE_CURVE('',#738,#737,#412,.T.);
#898=EDGE_CURVE('',#723,#739,#474,.T.);
#899=EDGE_CURVE('',#739,#738,#475,.T.);
#900=EDGE_CURVE('',#721,#740,#476,.T.);
#901=EDGE_CURVE('',#740,#741,#477,.T.);
#902=EDGE_CURVE('',#742,#741,#478,.T.);
#903=EDGE_CURVE('',#742,#743,#479,.T.);
#904=EDGE_CURVE('',#743,#718,#480,.T.);
#905=EDGE_CURVE('',#744,#745,#413,.T.);
#906=EDGE_CURVE('',#745,#746,#481,.T.);
#907=EDGE_CURVE('',#746,#747,#414,.T.);
#908=EDGE_CURVE('',#747,#744,#482,.T.);
#909=EDGE_CURVE('',#748,#749,#415,.T.);
#910=EDGE_CURVE('',#749,#750,#483,.T.);
#911=EDGE_CURVE('',#750,#751,#416,.T.);
#912=EDGE_CURVE('',#751,#748,#484,.T.);
#913=EDGE_CURVE('',#752,#728,#485,.T.);
#914=EDGE_CURVE('',#740,#752,#486,.T.);
#915=EDGE_CURVE('',#753,#743,#487,.T.);
#916=EDGE_CURVE('',#711,#753,#488,.T.);
#917=EDGE_CURVE('',#754,#755,#417,.T.);
#918=EDGE_CURVE('',#755,#756,#489,.T.);
#919=EDGE_CURVE('',#756,#757,#418,.T.);
#920=EDGE_CURVE('',#754,#757,#490,.T.);
#921=EDGE_CURVE('',#758,#759,#25,.T.);
#922=EDGE_CURVE('',#754,#758,#491,.T.);
#923=EDGE_CURVE('',#757,#756,#26,.T.);
#924=EDGE_CURVE('',#759,#755,#492,.T.);
#925=EDGE_CURVE('',#760,#758,#27,.T.);
#926=EDGE_CURVE('',#760,#754,#419,.T.);
#927=EDGE_CURVE('',#761,#739,#420,.T.);
#928=EDGE_CURVE('',#762,#761,#493,.T.);
#929=EDGE_CURVE('',#763,#762,#421,.T.);
#930=EDGE_CURVE('',#736,#763,#494,.T.);
#931=EDGE_CURVE('',#764,#765,#495,.T.);
#932=EDGE_CURVE('',#766,#764,#496,.T.);
#933=EDGE_CURVE('',#767,#766,#497,.T.);
#934=EDGE_CURVE('',#765,#767,#498,.T.);
#935=EDGE_CURVE('',#768,#769,#112,.T.);
#936=EDGE_CURVE('',#770,#768,#499,.T.);
#937=EDGE_CURVE('',#771,#770,#113,.T.);
#938=EDGE_CURVE('',#772,#771,#500,.T.);
#939=EDGE_CURVE('',#773,#772,#114,.T.);
#940=EDGE_CURVE('',#774,#773,#501,.T.);
#941=EDGE_CURVE('',#775,#774,#115,.T.);
#942=EDGE_CURVE('',#769,#775,#502,.T.);
#943=EDGE_CURVE('',#776,#773,#503,.T.);
#944=EDGE_CURVE('',#777,#776,#504,.F.);
#945=EDGE_CURVE('',#777,#774,#505,.T.);
#946=EDGE_CURVE('',#778,#772,#506,.T.);
#947=EDGE_CURVE('',#776,#778,#116,.F.);
#948=EDGE_CURVE('',#779,#771,#507,.T.);
#949=EDGE_CURVE('',#778,#779,#508,.F.);
#950=EDGE_CURVE('',#780,#770,#509,.T.);
#951=EDGE_CURVE('',#779,#780,#117,.F.);
#952=EDGE_CURVE('',#767,#781,#510,.T.);
#953=EDGE_CURVE('',#782,#781,#511,.T.);
#954=EDGE_CURVE('',#765,#782,#512,.T.);
#955=EDGE_CURVE('',#766,#783,#513,.T.);
#956=EDGE_CURVE('',#781,#783,#514,.T.);
#957=EDGE_CURVE('',#764,#784,#515,.T.);
#958=EDGE_CURVE('',#783,#784,#516,.T.);
#959=EDGE_CURVE('',#748,#785,#517,.T.);
#960=EDGE_CURVE('',#785,#786,#422,.T.);
#961=EDGE_CURVE('',#749,#786,#518,.T.);
#962=EDGE_CURVE('',#751,#787,#519,.T.);
#963=EDGE_CURVE('',#787,#785,#520,.T.);
#964=EDGE_CURVE('',#750,#788,#521,.T.);
#965=EDGE_CURVE('',#788,#787,#423,.T.);
#966=EDGE_CURVE('',#786,#788,#522,.T.);
#967=EDGE_CURVE('',#744,#789,#523,.T.);
#968=EDGE_CURVE('',#789,#790,#424,.T.);
#969=EDGE_CURVE('',#745,#790,#524,.T.);
#970=EDGE_CURVE('',#747,#791,#525,.T.);
#971=EDGE_CURVE('',#791,#789,#526,.T.);
#972=EDGE_CURVE('',#746,#792,#527,.T.);
#973=EDGE_CURVE('',#792,#791,#425,.T.);
#974=EDGE_CURVE('',#790,#792,#528,.T.);
#975=EDGE_CURVE('',#784,#782,#529,.T.);
#976=EDGE_CURVE('',#730,#761,#530,.T.);
#977=EDGE_CURVE('',#720,#762,#531,.T.);
#978=EDGE_CURVE('',#715,#763,#532,.T.);
#979=EDGE_CURVE('',#793,#768,#533,.T.);
#980=EDGE_CURVE('',#780,#793,#534,.F.);
#981=EDGE_CURVE('',#794,#769,#535,.T.);
#982=EDGE_CURVE('',#793,#794,#118,.F.);
#983=EDGE_CURVE('',#752,#795,#536,.T.);
#984=EDGE_CURVE('',#741,#795,#537,.T.);
#985=EDGE_CURVE('',#795,#796,#538,.T.);
#986=EDGE_CURVE('',#796,#742,#539,.T.);
#987=EDGE_CURVE('',#797,#775,#540,.T.);
#988=EDGE_CURVE('',#794,#797,#541,.F.);
#989=EDGE_CURVE('',#797,#777,#119,.F.);
#990=EDGE_CURVE('',#796,#753,#542,.T.);
#991=EDGE_CURVE('',#798,#799,#543,.T.);
#992=EDGE_CURVE('',#799,#800,#544,.T.);
#993=EDGE_CURVE('',#800,#801,#545,.T.);
#994=EDGE_CURVE('',#801,#798,#546,.T.);
#995=EDGE_CURVE('',#802,#802,#426,.T.);
#996=EDGE_CURVE('',#803,#804,#547,.T.);
#997=EDGE_CURVE('',#804,#805,#548,.F.);
#998=EDGE_CURVE('',#806,#805,#549,.F.);
#999=EDGE_CURVE('',#806,#798,#550,.T.);
#1000=EDGE_CURVE('',#803,#801,#551,.T.);
#1001=EDGE_CURVE('',#807,#808,#552,.T.);
#1002=EDGE_CURVE('',#808,#809,#553,.F.);
#1003=EDGE_CURVE('',#810,#809,#554,.T.);
#1004=EDGE_CURVE('',#810,#800,#555,.T.);
#1005=EDGE_CURVE('',#807,#799,#556,.T.);
#1006=EDGE_CURVE('',#806,#807,#557,.T.);
#1007=EDGE_CURVE('',#805,#808,#558,.F.);
#1008=EDGE_CURVE('',#811,#811,#427,.T.);
#1009=EDGE_CURVE('',#812,#812,#428,.T.);
#1010=EDGE_CURVE('',#813,#813,#28,.T.);
#1011=EDGE_CURVE('',#813,#814,#559,.T.);
#1012=EDGE_CURVE('',#814,#814,#429,.T.);
#1013=EDGE_CURVE('',#815,#815,#430,.T.);
#1014=EDGE_CURVE('',#816,#817,#29,.T.);
#1015=EDGE_CURVE('',#817,#818,#30,.T.);
#1016=EDGE_CURVE('',#818,#819,#31,.T.);
#1017=EDGE_CURVE('',#819,#812,#560,.T.);
#1018=EDGE_CURVE('',#819,#820,#32,.T.);
#1019=EDGE_CURVE('',#820,#816,#33,.T.);
#1020=EDGE_CURVE('',#809,#804,#561,.F.);
#1021=EDGE_CURVE('',#821,#821,#431,.T.);
#1022=EDGE_CURVE('',#822,#822,#432,.T.);
#1023=EDGE_CURVE('',#823,#823,#433,.T.);
#1024=EDGE_CURVE('',#824,#825,#34,.T.);
#1025=EDGE_CURVE('',#825,#826,#35,.T.);
#1026=EDGE_CURVE('',#826,#827,#36,.T.);
#1027=EDGE_CURVE('',#827,#815,#562,.T.);
#1028=EDGE_CURVE('',#827,#828,#37,.T.);
#1029=EDGE_CURVE('',#828,#824,#38,.T.);
#1030=EDGE_CURVE('',#829,#829,#39,.T.);
#1031=EDGE_CURVE('',#830,#826,#40,.T.);
#1032=EDGE_CURVE('',#831,#830,#434,.T.);
#1033=EDGE_CURVE('',#828,#831,#41,.T.);
#1034=EDGE_CURVE('',#825,#830,#563,.T.);
#1035=EDGE_CURVE('',#832,#832,#42,.T.);
#1036=EDGE_CURVE('',#833,#818,#43,.T.);
#1037=EDGE_CURVE('',#834,#833,#435,.T.);
#1038=EDGE_CURVE('',#820,#834,#44,.T.);
#1039=EDGE_CURVE('',#817,#833,#564,.T.);
#1040=EDGE_CURVE('',#835,#835,#45,.T.);
#1041=EDGE_CURVE('',#836,#837,#46,.T.);
#1042=EDGE_CURVE('',#838,#836,#436,.T.);
#1043=EDGE_CURVE('',#839,#838,#47,.T.);
#1044=EDGE_CURVE('',#840,#839,#48,.T.);
#1045=EDGE_CURVE('',#837,#840,#437,.T.);
#1046=EDGE_CURVE('',#837,#841,#565,.T.);
#1047=EDGE_CURVE('',#842,#841,#49,.T.);
#1048=EDGE_CURVE('',#842,#836,#566,.T.);
#1049=EDGE_CURVE('',#829,#823,#567,.T.);
#1050=EDGE_CURVE('',#832,#821,#568,.T.);
#1051=EDGE_CURVE('',#835,#822,#569,.T.);
#1052=EDGE_CURVE('',#759,#843,#50,.T.);
#1053=EDGE_CURVE('',#843,#844,#51,.T.);
#1054=EDGE_CURVE('',#844,#811,#570,.T.);
#1055=EDGE_CURVE('',#844,#760,#52,.T.);
#1056=EDGE_CURVE('',#841,#840,#53,.T.);
#1057=EDGE_CURVE('',#839,#802,#571,.T.);
#1058=EDGE_CURVE('',#838,#842,#54,.T.);
#1059=EDGE_CURVE('',#831,#824,#572,.T.);
#1060=EDGE_CURVE('',#834,#816,#573,.T.);
#1061=EDGE_CURVE('',#755,#843,#438,.T.);
#1062=EDGE_CURVE('',#810,#803,#574,.T.);
#1063=EDGE_CURVE('',#845,#845,#439,.T.);
#1064=EDGE_CURVE('',#845,#846,#575,.T.);
#1065=EDGE_CURVE('',#846,#846,#440,.T.);
#1066=EDGE_CURVE('',#847,#847,#441,.T.);
#1067=EDGE_CURVE('',#847,#848,#576,.T.);
#1068=EDGE_CURVE('',#848,#848,#442,.T.);
#1069=EDGE_CURVE('',#849,#849,#443,.T.);
#1070=EDGE_CURVE('',#849,#850,#577,.T.);
#1071=EDGE_CURVE('',#850,#850,#444,.T.);
#1072=EDGE_CURVE('',#851,#851,#445,.T.);
#1073=EDGE_CURVE('',#851,#852,#578,.T.);
#1074=EDGE_CURVE('',#852,#852,#446,.T.);
#1075=EDGE_CURVE('',#853,#853,#447,.T.);
#1076=EDGE_CURVE('',#853,#854,#579,.T.);
#1077=EDGE_CURVE('',#854,#854,#448,.T.);
#1078=ORIENTED_EDGE('',*,*,#855,.T.);
#1079=ORIENTED_EDGE('',*,*,#856,.T.);
#1080=ORIENTED_EDGE('',*,*,#857,.T.);
#1081=ORIENTED_EDGE('',*,*,#858,.T.);
#1082=ORIENTED_EDGE('',*,*,#859,.T.);
#1083=ORIENTED_EDGE('',*,*,#860,.T.);
#1084=ORIENTED_EDGE('',*,*,#857,.F.);
#1085=ORIENTED_EDGE('',*,*,#861,.T.);
#1086=ORIENTED_EDGE('',*,*,#862,.T.);
#1087=ORIENTED_EDGE('',*,*,#863,.T.);
#1088=ORIENTED_EDGE('',*,*,#859,.F.);
#1089=ORIENTED_EDGE('',*,*,#864,.T.);
#1090=ORIENTED_EDGE('',*,*,#865,.T.);
#1091=ORIENTED_EDGE('',*,*,#862,.F.);
#1092=ORIENTED_EDGE('',*,*,#866,.T.);
#1093=ORIENTED_EDGE('',*,*,#867,.T.);
#1094=ORIENTED_EDGE('',*,*,#868,.T.);
#1095=ORIENTED_EDGE('',*,*,#869,.T.);
#1096=ORIENTED_EDGE('',*,*,#870,.T.);
#1097=ORIENTED_EDGE('',*,*,#871,.T.);
#1098=ORIENTED_EDGE('',*,*,#872,.T.);
#1099=ORIENTED_EDGE('',*,*,#873,.T.);
#1100=ORIENTED_EDGE('',*,*,#870,.F.);
#1101=ORIENTED_EDGE('',*,*,#874,.T.);
#1102=ORIENTED_EDGE('',*,*,#875,.T.);
#1103=ORIENTED_EDGE('',*,*,#876,.T.);
#1104=ORIENTED_EDGE('',*,*,#872,.F.);
#1105=ORIENTED_EDGE('',*,*,#877,.T.);
#1106=ORIENTED_EDGE('',*,*,#878,.T.);
#1107=ORIENTED_EDGE('',*,*,#879,.T.);
#1108=ORIENTED_EDGE('',*,*,#880,.T.);
#1109=ORIENTED_EDGE('',*,*,#868,.F.);
#1110=ORIENTED_EDGE('',*,*,#881,.T.);
#1111=ORIENTED_EDGE('',*,*,#867,.F.);
#1112=ORIENTED_EDGE('',*,*,#882,.T.);
#1113=ORIENTED_EDGE('',*,*,#879,.F.);
#1114=ORIENTED_EDGE('',*,*,#883,.T.);
#1115=ORIENTED_EDGE('',*,*,#875,.F.);
#1116=ORIENTED_EDGE('',*,*,#884,.T.);
#1117=ORIENTED_EDGE('',*,*,#885,.T.);
#1118=ORIENTED_EDGE('',*,*,#886,.T.);
#1119=ORIENTED_EDGE('',*,*,#887,.T.);
#1120=ORIENTED_EDGE('',*,*,#888,.T.);
#1121=ORIENTED_EDGE('',*,*,#855,.F.);
#1122=ORIENTED_EDGE('',*,*,#889,.T.);
#1123=ORIENTED_EDGE('',*,*,#885,.F.);
#1124=ORIENTED_EDGE('',*,*,#890,.T.);
#1125=ORIENTED_EDGE('',*,*,#887,.F.);
#1126=ORIENTED_EDGE('',*,*,#856,.F.);
#1127=ORIENTED_EDGE('',*,*,#888,.F.);
#1128=ORIENTED_EDGE('',*,*,#891,.T.);
#1129=ORIENTED_EDGE('',*,*,#892,.T.);
#1130=ORIENTED_EDGE('',*,*,#893,.F.);
#1131=ORIENTED_EDGE('',*,*,#890,.F.);
#1132=ORIENTED_EDGE('',*,*,#894,.T.);
#1133=ORIENTED_EDGE('',*,*,#895,.T.);
#1134=ORIENTED_EDGE('',*,*,#891,.F.);
#1135=ORIENTED_EDGE('',*,*,#884,.F.);
#1136=ORIENTED_EDGE('',*,*,#877,.F.);
#1137=ORIENTED_EDGE('',*,*,#896,.T.);
#1138=ORIENTED_EDGE('',*,*,#897,.T.);
#1139=ORIENTED_EDGE('',*,*,#894,.F.);
#1140=ORIENTED_EDGE('',*,*,#874,.F.);
#1141=ORIENTED_EDGE('',*,*,#898,.T.);
#1142=ORIENTED_EDGE('',*,*,#899,.T.);
#1143=ORIENTED_EDGE('',*,*,#896,.F.);
#1144=ORIENTED_EDGE('',*,*,#865,.F.);
#1145=ORIENTED_EDGE('',*,*,#881,.F.);
#1146=ORIENTED_EDGE('',*,*,#878,.F.);
#1147=ORIENTED_EDGE('',*,*,#900,.T.);
#1148=ORIENTED_EDGE('',*,*,#901,.T.);
#1149=ORIENTED_EDGE('',*,*,#902,.F.);
#1150=ORIENTED_EDGE('',*,*,#903,.T.);
#1151=ORIENTED_EDGE('',*,*,#904,.T.);
#1152=ORIENTED_EDGE('',*,*,#905,.T.);
#1153=ORIENTED_EDGE('',*,*,#906,.T.);
#1154=ORIENTED_EDGE('',*,*,#907,.T.);
#1155=ORIENTED_EDGE('',*,*,#908,.T.);
#1156=ORIENTED_EDGE('',*,*,#909,.T.);
#1157=ORIENTED_EDGE('',*,*,#910,.T.);
#1158=ORIENTED_EDGE('',*,*,#911,.T.);
#1159=ORIENTED_EDGE('',*,*,#912,.T.);
#1160=ORIENTED_EDGE('',*,*,#876,.F.);
#1161=ORIENTED_EDGE('',*,*,#913,.F.);
#1162=ORIENTED_EDGE('',*,*,#914,.F.);
#1163=ORIENTED_EDGE('',*,*,#900,.F.);
#1164=ORIENTED_EDGE('',*,*,#871,.F.);
#1165=ORIENTED_EDGE('',*,*,#873,.F.);
#1166=ORIENTED_EDGE('',*,*,#858,.F.);
#1167=ORIENTED_EDGE('',*,*,#860,.F.);
#1168=ORIENTED_EDGE('',*,*,#863,.F.);
#1169=ORIENTED_EDGE('',*,*,#904,.F.);
#1170=ORIENTED_EDGE('',*,*,#915,.F.);
#1171=ORIENTED_EDGE('',*,*,#916,.F.);
#1172=ORIENTED_EDGE('',*,*,#917,.T.);
#1173=ORIENTED_EDGE('',*,*,#918,.T.);
#1174=ORIENTED_EDGE('',*,*,#919,.T.);
#1175=ORIENTED_EDGE('',*,*,#920,.F.);
#1176=ORIENTED_EDGE('',*,*,#921,.F.);
#1177=ORIENTED_EDGE('',*,*,#922,.F.);
#1178=ORIENTED_EDGE('',*,*,#920,.T.);
#1179=ORIENTED_EDGE('',*,*,#923,.T.);
#1180=ORIENTED_EDGE('',*,*,#918,.F.);
#1181=ORIENTED_EDGE('',*,*,#924,.F.);
#1182=ORIENTED_EDGE('',*,*,#919,.F.);
#1183=ORIENTED_EDGE('',*,*,#923,.F.);
#1184=ORIENTED_EDGE('',*,*,#922,.T.);
#1185=ORIENTED_EDGE('',*,*,#925,.F.);
#1186=ORIENTED_EDGE('',*,*,#926,.T.);
#1187=ORIENTED_EDGE('',*,*,#892,.F.);
#1188=ORIENTED_EDGE('',*,*,#895,.F.);
#1189=ORIENTED_EDGE('',*,*,#897,.F.);
#1190=ORIENTED_EDGE('',*,*,#899,.F.);
#1191=ORIENTED_EDGE('',*,*,#927,.F.);
#1192=ORIENTED_EDGE('',*,*,#928,.F.);
#1193=ORIENTED_EDGE('',*,*,#929,.F.);
#1194=ORIENTED_EDGE('',*,*,#930,.F.);
#1195=ORIENTED_EDGE('',*,*,#931,.F.);
#1196=ORIENTED_EDGE('',*,*,#932,.F.);
#1197=ORIENTED_EDGE('',*,*,#933,.F.);
#1198=ORIENTED_EDGE('',*,*,#934,.F.);
#1199=ORIENTED_EDGE('',*,*,#935,.F.);
#1200=ORIENTED_EDGE('',*,*,#936,.F.);
#1201=ORIENTED_EDGE('',*,*,#937,.F.);
#1202=ORIENTED_EDGE('',*,*,#938,.F.);
#1203=ORIENTED_EDGE('',*,*,#939,.F.);
#1204=ORIENTED_EDGE('',*,*,#940,.F.);
#1205=ORIENTED_EDGE('',*,*,#941,.F.);
#1206=ORIENTED_EDGE('',*,*,#942,.F.);
#1207=ORIENTED_EDGE('',*,*,#940,.T.);
#1208=ORIENTED_EDGE('',*,*,#943,.F.);
#1209=ORIENTED_EDGE('',*,*,#944,.F.);
#1210=ORIENTED_EDGE('',*,*,#945,.T.);
#1211=ORIENTED_EDGE('',*,*,#939,.T.);
#1212=ORIENTED_EDGE('',*,*,#946,.F.);
#1213=ORIENTED_EDGE('',*,*,#947,.F.);
#1214=ORIENTED_EDGE('',*,*,#943,.T.);
#1215=ORIENTED_EDGE('',*,*,#938,.T.);
#1216=ORIENTED_EDGE('',*,*,#948,.F.);
#1217=ORIENTED_EDGE('',*,*,#949,.F.);
#1218=ORIENTED_EDGE('',*,*,#946,.T.);
#1219=ORIENTED_EDGE('',*,*,#937,.T.);
#1220=ORIENTED_EDGE('',*,*,#950,.F.);
#1221=ORIENTED_EDGE('',*,*,#951,.F.);
#1222=ORIENTED_EDGE('',*,*,#948,.T.);
#1223=ORIENTED_EDGE('',*,*,#934,.T.);
#1224=ORIENTED_EDGE('',*,*,#952,.T.);
#1225=ORIENTED_EDGE('',*,*,#953,.F.);
#1226=ORIENTED_EDGE('',*,*,#954,.F.);
#1227=ORIENTED_EDGE('',*,*,#933,.T.);
#1228=ORIENTED_EDGE('',*,*,#955,.T.);
#1229=ORIENTED_EDGE('',*,*,#956,.F.);
#1230=ORIENTED_EDGE('',*,*,#952,.F.);
#1231=ORIENTED_EDGE('',*,*,#932,.T.);
#1232=ORIENTED_EDGE('',*,*,#957,.T.);
#1233=ORIENTED_EDGE('',*,*,#958,.F.);
#1234=ORIENTED_EDGE('',*,*,#955,.F.);
#1235=ORIENTED_EDGE('',*,*,#909,.F.);
#1236=ORIENTED_EDGE('',*,*,#959,.T.);
#1237=ORIENTED_EDGE('',*,*,#960,.T.);
#1238=ORIENTED_EDGE('',*,*,#961,.F.);
#1239=ORIENTED_EDGE('',*,*,#912,.F.);
#1240=ORIENTED_EDGE('',*,*,#962,.T.);
#1241=ORIENTED_EDGE('',*,*,#963,.T.);
#1242=ORIENTED_EDGE('',*,*,#959,.F.);
#1243=ORIENTED_EDGE('',*,*,#911,.F.);
#1244=ORIENTED_EDGE('',*,*,#964,.T.);
#1245=ORIENTED_EDGE('',*,*,#965,.T.);
#1246=ORIENTED_EDGE('',*,*,#962,.F.);
#1247=ORIENTED_EDGE('',*,*,#910,.F.);
#1248=ORIENTED_EDGE('',*,*,#961,.T.);
#1249=ORIENTED_EDGE('',*,*,#966,.T.);
#1250=ORIENTED_EDGE('',*,*,#964,.F.);
#1251=ORIENTED_EDGE('',*,*,#966,.F.);
#1252=ORIENTED_EDGE('',*,*,#960,.F.);
#1253=ORIENTED_EDGE('',*,*,#963,.F.);
#1254=ORIENTED_EDGE('',*,*,#965,.F.);
#1255=ORIENTED_EDGE('',*,*,#905,.F.);
#1256=ORIENTED_EDGE('',*,*,#967,.T.);
#1257=ORIENTED_EDGE('',*,*,#968,.T.);
#1258=ORIENTED_EDGE('',*,*,#969,.F.);
#1259=ORIENTED_EDGE('',*,*,#908,.F.);
#1260=ORIENTED_EDGE('',*,*,#970,.T.);
#1261=ORIENTED_EDGE('',*,*,#971,.T.);
#1262=ORIENTED_EDGE('',*,*,#967,.F.);
#1263=ORIENTED_EDGE('',*,*,#907,.F.);
#1264=ORIENTED_EDGE('',*,*,#972,.T.);
#1265=ORIENTED_EDGE('',*,*,#973,.T.);
#1266=ORIENTED_EDGE('',*,*,#970,.F.);
#1267=ORIENTED_EDGE('',*,*,#906,.F.);
#1268=ORIENTED_EDGE('',*,*,#969,.T.);
#1269=ORIENTED_EDGE('',*,*,#974,.T.);
#1270=ORIENTED_EDGE('',*,*,#972,.F.);
#1271=ORIENTED_EDGE('',*,*,#974,.F.);
#1272=ORIENTED_EDGE('',*,*,#968,.F.);
#1273=ORIENTED_EDGE('',*,*,#971,.F.);
#1274=ORIENTED_EDGE('',*,*,#973,.F.);
#1275=ORIENTED_EDGE('',*,*,#931,.T.);
#1276=ORIENTED_EDGE('',*,*,#954,.T.);
#1277=ORIENTED_EDGE('',*,*,#975,.F.);
#1278=ORIENTED_EDGE('',*,*,#957,.F.);
#1279=ORIENTED_EDGE('',*,*,#880,.F.);
#1280=ORIENTED_EDGE('',*,*,#976,.T.);
#1281=ORIENTED_EDGE('',*,*,#927,.T.);
#1282=ORIENTED_EDGE('',*,*,#898,.F.);
#1283=ORIENTED_EDGE('',*,*,#869,.F.);
#1284=ORIENTED_EDGE('',*,*,#882,.F.);
#1285=ORIENTED_EDGE('',*,*,#977,.T.);
#1286=ORIENTED_EDGE('',*,*,#928,.T.);
#1287=ORIENTED_EDGE('',*,*,#976,.F.);
#1288=ORIENTED_EDGE('',*,*,#864,.F.);
#1289=ORIENTED_EDGE('',*,*,#978,.T.);
#1290=ORIENTED_EDGE('',*,*,#929,.T.);
#1291=ORIENTED_EDGE('',*,*,#977,.F.);
#1292=ORIENTED_EDGE('',*,*,#866,.F.);
#1293=ORIENTED_EDGE('',*,*,#861,.F.);
#1294=ORIENTED_EDGE('',*,*,#893,.T.);
#1295=ORIENTED_EDGE('',*,*,#930,.T.);
#1296=ORIENTED_EDGE('',*,*,#978,.F.);
#1297=ORIENTED_EDGE('',*,*,#936,.T.);
#1298=ORIENTED_EDGE('',*,*,#979,.F.);
#1299=ORIENTED_EDGE('',*,*,#980,.F.);
#1300=ORIENTED_EDGE('',*,*,#950,.T.);
#1301=ORIENTED_EDGE('',*,*,#935,.T.);
#1302=ORIENTED_EDGE('',*,*,#981,.F.);
#1303=ORIENTED_EDGE('',*,*,#982,.F.);
#1304=ORIENTED_EDGE('',*,*,#979,.T.);
#1305=ORIENTED_EDGE('',*,*,#983,.T.);
#1306=ORIENTED_EDGE('',*,*,#984,.F.);
#1307=ORIENTED_EDGE('',*,*,#901,.F.);
#1308=ORIENTED_EDGE('',*,*,#914,.T.);
#1309=ORIENTED_EDGE('',*,*,#985,.T.);
#1310=ORIENTED_EDGE('',*,*,#986,.T.);
#1311=ORIENTED_EDGE('',*,*,#902,.T.);
#1312=ORIENTED_EDGE('',*,*,#984,.T.);
#1313=ORIENTED_EDGE('',*,*,#942,.T.);
#1314=ORIENTED_EDGE('',*,*,#987,.F.);
#1315=ORIENTED_EDGE('',*,*,#988,.F.);
#1316=ORIENTED_EDGE('',*,*,#981,.T.);
#1317=ORIENTED_EDGE('',*,*,#941,.T.);
#1318=ORIENTED_EDGE('',*,*,#945,.F.);
#1319=ORIENTED_EDGE('',*,*,#989,.F.);
#1320=ORIENTED_EDGE('',*,*,#987,.T.);
#1321=ORIENTED_EDGE('',*,*,#990,.T.);
#1322=ORIENTED_EDGE('',*,*,#915,.T.);
#1323=ORIENTED_EDGE('',*,*,#903,.F.);
#1324=ORIENTED_EDGE('',*,*,#986,.F.);
#1325=ORIENTED_EDGE('',*,*,#886,.F.);
#1326=ORIENTED_EDGE('',*,*,#916,.T.);
#1327=ORIENTED_EDGE('',*,*,#990,.F.);
#1328=ORIENTED_EDGE('',*,*,#985,.F.);
#1329=ORIENTED_EDGE('',*,*,#983,.F.);
#1330=ORIENTED_EDGE('',*,*,#913,.T.);
#1331=ORIENTED_EDGE('',*,*,#883,.F.);
#1332=ORIENTED_EDGE('',*,*,#889,.F.);
#1333=ORIENTED_EDGE('',*,*,#991,.T.);
#1334=ORIENTED_EDGE('',*,*,#992,.T.);
#1335=ORIENTED_EDGE('',*,*,#993,.T.);
#1336=ORIENTED_EDGE('',*,*,#994,.T.);
#1337=ORIENTED_EDGE('',*,*,#995,.T.);
#1338=ORIENTED_EDGE('',*,*,#996,.T.);
#1339=ORIENTED_EDGE('',*,*,#997,.T.);
#1340=ORIENTED_EDGE('',*,*,#998,.F.);
#1341=ORIENTED_EDGE('',*,*,#999,.T.);
#1342=ORIENTED_EDGE('',*,*,#994,.F.);
#1343=ORIENTED_EDGE('',*,*,#1000,.F.);
#1344=ORIENTED_EDGE('',*,*,#1001,.T.);
#1345=ORIENTED_EDGE('',*,*,#1002,.T.);
#1346=ORIENTED_EDGE('',*,*,#1003,.F.);
#1347=ORIENTED_EDGE('',*,*,#1004,.T.);
#1348=ORIENTED_EDGE('',*,*,#992,.F.);
#1349=ORIENTED_EDGE('',*,*,#1005,.F.);
#1350=ORIENTED_EDGE('',*,*,#1006,.F.);
#1351=ORIENTED_EDGE('',*,*,#998,.T.);
#1352=ORIENTED_EDGE('',*,*,#1007,.T.);
#1353=ORIENTED_EDGE('',*,*,#1001,.F.);
#1354=ORIENTED_EDGE('',*,*,#1008,.T.);
#1355=ORIENTED_EDGE('',*,*,#1009,.T.);
#1356=ORIENTED_EDGE('',*,*,#1010,.T.);
#1357=ORIENTED_EDGE('',*,*,#1011,.T.);
#1358=ORIENTED_EDGE('',*,*,#1012,.F.);
#1359=ORIENTED_EDGE('',*,*,#1011,.F.);
#1360=ORIENTED_EDGE('',*,*,#1013,.T.);
#1361=ORIENTED_EDGE('',*,*,#1014,.T.);
#1362=ORIENTED_EDGE('',*,*,#1015,.T.);
#1363=ORIENTED_EDGE('',*,*,#1016,.T.);
#1364=ORIENTED_EDGE('',*,*,#1017,.T.);
#1365=ORIENTED_EDGE('',*,*,#1009,.F.);
#1366=ORIENTED_EDGE('',*,*,#1017,.F.);
#1367=ORIENTED_EDGE('',*,*,#1018,.T.);
#1368=ORIENTED_EDGE('',*,*,#1019,.T.);
#1369=ORIENTED_EDGE('',*,*,#997,.F.);
#1370=ORIENTED_EDGE('',*,*,#1020,.F.);
#1371=ORIENTED_EDGE('',*,*,#1002,.F.);
#1372=ORIENTED_EDGE('',*,*,#1007,.F.);
#1373=ORIENTED_EDGE('',*,*,#1021,.T.);
#1374=ORIENTED_EDGE('',*,*,#1022,.T.);
#1375=ORIENTED_EDGE('',*,*,#1012,.T.);
#1376=ORIENTED_EDGE('',*,*,#1023,.T.);
#1377=ORIENTED_EDGE('',*,*,#1024,.T.);
#1378=ORIENTED_EDGE('',*,*,#1025,.T.);
#1379=ORIENTED_EDGE('',*,*,#1026,.T.);
#1380=ORIENTED_EDGE('',*,*,#1027,.T.);
#1381=ORIENTED_EDGE('',*,*,#1013,.F.);
#1382=ORIENTED_EDGE('',*,*,#1027,.F.);
#1383=ORIENTED_EDGE('',*,*,#1028,.T.);
#1384=ORIENTED_EDGE('',*,*,#1029,.T.);
#1385=ORIENTED_EDGE('',*,*,#1030,.F.);
#1386=ORIENTED_EDGE('',*,*,#1026,.F.);
#1387=ORIENTED_EDGE('',*,*,#1031,.F.);
#1388=ORIENTED_EDGE('',*,*,#1032,.F.);
#1389=ORIENTED_EDGE('',*,*,#1033,.F.);
#1390=ORIENTED_EDGE('',*,*,#1028,.F.);
#1391=ORIENTED_EDGE('',*,*,#1034,.T.);
#1392=ORIENTED_EDGE('',*,*,#1031,.T.);
#1393=ORIENTED_EDGE('',*,*,#1025,.F.);
#1394=ORIENTED_EDGE('',*,*,#1035,.F.);
#1395=ORIENTED_EDGE('',*,*,#1016,.F.);
#1396=ORIENTED_EDGE('',*,*,#1036,.F.);
#1397=ORIENTED_EDGE('',*,*,#1037,.F.);
#1398=ORIENTED_EDGE('',*,*,#1038,.F.);
#1399=ORIENTED_EDGE('',*,*,#1018,.F.);
#1400=ORIENTED_EDGE('',*,*,#1039,.T.);
#1401=ORIENTED_EDGE('',*,*,#1036,.T.);
#1402=ORIENTED_EDGE('',*,*,#1015,.F.);
#1403=ORIENTED_EDGE('',*,*,#1040,.F.);
#1404=ORIENTED_EDGE('',*,*,#1041,.F.);
#1405=ORIENTED_EDGE('',*,*,#1042,.F.);
#1406=ORIENTED_EDGE('',*,*,#1043,.F.);
#1407=ORIENTED_EDGE('',*,*,#1044,.F.);
#1408=ORIENTED_EDGE('',*,*,#1045,.F.);
#1409=ORIENTED_EDGE('',*,*,#1046,.T.);
#1410=ORIENTED_EDGE('',*,*,#1047,.F.);
#1411=ORIENTED_EDGE('',*,*,#1048,.T.);
#1412=ORIENTED_EDGE('',*,*,#1041,.T.);
#1413=ORIENTED_EDGE('',*,*,#1030,.T.);
#1414=ORIENTED_EDGE('',*,*,#1049,.T.);
#1415=ORIENTED_EDGE('',*,*,#1023,.F.);
#1416=ORIENTED_EDGE('',*,*,#1049,.F.);
#1417=ORIENTED_EDGE('',*,*,#1035,.T.);
#1418=ORIENTED_EDGE('',*,*,#1050,.T.);
#1419=ORIENTED_EDGE('',*,*,#1021,.F.);
#1420=ORIENTED_EDGE('',*,*,#1050,.F.);
#1421=ORIENTED_EDGE('',*,*,#1040,.T.);
#1422=ORIENTED_EDGE('',*,*,#1051,.T.);
#1423=ORIENTED_EDGE('',*,*,#1022,.F.);
#1424=ORIENTED_EDGE('',*,*,#1051,.F.);
#1425=ORIENTED_EDGE('',*,*,#1052,.T.);
#1426=ORIENTED_EDGE('',*,*,#1053,.T.);
#1427=ORIENTED_EDGE('',*,*,#1054,.T.);
#1428=ORIENTED_EDGE('',*,*,#1008,.F.);
#1429=ORIENTED_EDGE('',*,*,#1054,.F.);
#1430=ORIENTED_EDGE('',*,*,#1055,.T.);
#1431=ORIENTED_EDGE('',*,*,#925,.T.);
#1432=ORIENTED_EDGE('',*,*,#921,.T.);
#1433=ORIENTED_EDGE('',*,*,#1056,.T.);
#1434=ORIENTED_EDGE('',*,*,#1044,.T.);
#1435=ORIENTED_EDGE('',*,*,#1057,.T.);
#1436=ORIENTED_EDGE('',*,*,#995,.F.);
#1437=ORIENTED_EDGE('',*,*,#1057,.F.);
#1438=ORIENTED_EDGE('',*,*,#1043,.T.);
#1439=ORIENTED_EDGE('',*,*,#1058,.T.);
#1440=ORIENTED_EDGE('',*,*,#1047,.T.);
#1441=ORIENTED_EDGE('',*,*,#1059,.T.);
#1442=ORIENTED_EDGE('',*,*,#1029,.F.);
#1443=ORIENTED_EDGE('',*,*,#1033,.T.);
#1444=ORIENTED_EDGE('',*,*,#1060,.T.);
#1445=ORIENTED_EDGE('',*,*,#1019,.F.);
#1446=ORIENTED_EDGE('',*,*,#1038,.T.);
#1447=ORIENTED_EDGE('',*,*,#924,.T.);
#1448=ORIENTED_EDGE('',*,*,#1061,.T.);
#1449=ORIENTED_EDGE('',*,*,#1052,.F.);
#1450=ORIENTED_EDGE('',*,*,#1056,.F.);
#1451=ORIENTED_EDGE('',*,*,#1046,.F.);
#1452=ORIENTED_EDGE('',*,*,#1045,.T.);
#1453=ORIENTED_EDGE('',*,*,#1034,.F.);
#1454=ORIENTED_EDGE('',*,*,#1024,.F.);
#1455=ORIENTED_EDGE('',*,*,#1059,.F.);
#1456=ORIENTED_EDGE('',*,*,#1032,.T.);
#1457=ORIENTED_EDGE('',*,*,#1039,.F.);
#1458=ORIENTED_EDGE('',*,*,#1014,.F.);
#1459=ORIENTED_EDGE('',*,*,#1060,.F.);
#1460=ORIENTED_EDGE('',*,*,#1037,.T.);
#1461=ORIENTED_EDGE('',*,*,#1010,.F.);
#1462=ORIENTED_EDGE('',*,*,#1053,.F.);
#1463=ORIENTED_EDGE('',*,*,#1061,.F.);
#1464=ORIENTED_EDGE('',*,*,#917,.F.);
#1465=ORIENTED_EDGE('',*,*,#926,.F.);
#1466=ORIENTED_EDGE('',*,*,#1055,.F.);
#1467=ORIENTED_EDGE('',*,*,#1058,.F.);
#1468=ORIENTED_EDGE('',*,*,#1042,.T.);
#1469=ORIENTED_EDGE('',*,*,#1048,.F.);
#1470=ORIENTED_EDGE('',*,*,#1006,.T.);
#1471=ORIENTED_EDGE('',*,*,#1005,.T.);
#1472=ORIENTED_EDGE('',*,*,#991,.F.);
#1473=ORIENTED_EDGE('',*,*,#999,.F.);
#1474=ORIENTED_EDGE('',*,*,#1062,.T.);
#1475=ORIENTED_EDGE('',*,*,#1000,.T.);
#1476=ORIENTED_EDGE('',*,*,#993,.F.);
#1477=ORIENTED_EDGE('',*,*,#1004,.F.);
#1478=ORIENTED_EDGE('',*,*,#1062,.F.);
#1479=ORIENTED_EDGE('',*,*,#1003,.T.);
#1480=ORIENTED_EDGE('',*,*,#1020,.T.);
#1481=ORIENTED_EDGE('',*,*,#996,.F.);
#1482=ORIENTED_EDGE('',*,*,#975,.T.);
#1483=ORIENTED_EDGE('',*,*,#953,.T.);
#1484=ORIENTED_EDGE('',*,*,#956,.T.);
#1485=ORIENTED_EDGE('',*,*,#958,.T.);
#1486=ORIENTED_EDGE('',*,*,#980,.T.);
#1487=ORIENTED_EDGE('',*,*,#982,.T.);
#1488=ORIENTED_EDGE('',*,*,#988,.T.);
#1489=ORIENTED_EDGE('',*,*,#989,.T.);
#1490=ORIENTED_EDGE('',*,*,#944,.T.);
#1491=ORIENTED_EDGE('',*,*,#947,.T.);
#1492=ORIENTED_EDGE('',*,*,#949,.T.);
#1493=ORIENTED_EDGE('',*,*,#951,.T.);
#1494=ORIENTED_EDGE('',*,*,#1063,.F.);
#1495=ORIENTED_EDGE('',*,*,#1064,.T.);
#1496=ORIENTED_EDGE('',*,*,#1065,.F.);
#1497=ORIENTED_EDGE('',*,*,#1064,.F.);
#1498=ORIENTED_EDGE('',*,*,#1065,.T.);
#1499=ORIENTED_EDGE('',*,*,#1063,.T.);
#1500=ORIENTED_EDGE('',*,*,#1066,.F.);
#1501=ORIENTED_EDGE('',*,*,#1067,.T.);
#1502=ORIENTED_EDGE('',*,*,#1068,.F.);
#1503=ORIENTED_EDGE('',*,*,#1067,.F.);
#1504=ORIENTED_EDGE('',*,*,#1068,.T.);
#1505=ORIENTED_EDGE('',*,*,#1066,.T.);
#1506=ORIENTED_EDGE('',*,*,#1069,.F.);
#1507=ORIENTED_EDGE('',*,*,#1070,.T.);
#1508=ORIENTED_EDGE('',*,*,#1071,.F.);
#1509=ORIENTED_EDGE('',*,*,#1070,.F.);
#1510=ORIENTED_EDGE('',*,*,#1071,.T.);
#1511=ORIENTED_EDGE('',*,*,#1069,.T.);
#1512=ORIENTED_EDGE('',*,*,#1072,.F.);
#1513=ORIENTED_EDGE('',*,*,#1073,.T.);
#1514=ORIENTED_EDGE('',*,*,#1074,.F.);
#1515=ORIENTED_EDGE('',*,*,#1073,.F.);
#1516=ORIENTED_EDGE('',*,*,#1074,.T.);
#1517=ORIENTED_EDGE('',*,*,#1072,.T.);
#1518=ORIENTED_EDGE('',*,*,#1075,.F.);
#1519=ORIENTED_EDGE('',*,*,#1076,.T.);
#1520=ORIENTED_EDGE('',*,*,#1077,.F.);
#1521=ORIENTED_EDGE('',*,*,#1076,.F.);
#1522=ORIENTED_EDGE('',*,*,#1077,.T.);
#1523=ORIENTED_EDGE('',*,*,#1075,.T.);
#1524=CONICAL_SURFACE('',#1649,6.65,0.785398163397449);
#1525=CONICAL_SURFACE('',#1653,6.65,0.785398163397449);
#1526=CONICAL_SURFACE('',#1656,6.65,0.785398163397449);
#1527=CONICAL_SURFACE('',#1660,6.65,0.785398163397449);
#1528=ADVANCED_FACE('',(#184),#1524,.F.);
#1529=ADVANCED_FACE('',(#185),#128,.T.);
#1530=ADVANCED_FACE('',(#186),#1525,.F.);
#1531=ADVANCED_FACE('',(#187),#120,.T.);
#1532=ADVANCED_FACE('',(#188),#1526,.F.);
#1533=ADVANCED_FACE('',(#189),#129,.T.);
#1534=ADVANCED_FACE('',(#190),#1527,.F.);
#1535=ADVANCED_FACE('',(#191),#121,.T.);
#1536=ADVANCED_FACE('',(#192),#130,.T.);
#1537=ADVANCED_FACE('',(#193),#122,.T.);
#1538=ADVANCED_FACE('',(#194),#123,.T.);
#1539=ADVANCED_FACE('',(#195),#131,.T.);
#1540=ADVANCED_FACE('',(#196),#76,.F.);
#1541=ADVANCED_FACE('',(#197),#132,.F.);
#1542=ADVANCED_FACE('',(#198),#77,.F.);
#1543=ADVANCED_FACE('',(#199),#133,.F.);
#1544=ADVANCED_FACE('',(#200,#61,#62),#134,.T.);
#1545=ADVANCED_FACE('',(#201),#135,.F.);
#1546=ADVANCED_FACE('',(#202),#136,.F.);
#1547=ADVANCED_FACE('',(#203),#78,.F.);
#1548=ADVANCED_FACE('',(#204),#55,.F.);
#1549=ADVANCED_FACE('',(#205),#137,.T.);
#1550=ADVANCED_FACE('',(#206),#79,.T.);
#1551=ADVANCED_FACE('',(#207,#63,#64),#138,.T.);
#1552=ADVANCED_FACE('',(#208),#139,.F.);
#1553=ADVANCED_FACE('',(#209),#124,.T.);
#1554=ADVANCED_FACE('',(#210),#140,.F.);
#1555=ADVANCED_FACE('',(#211),#125,.T.);
#1556=ADVANCED_FACE('',(#212),#141,.F.);
#1557=ADVANCED_FACE('',(#213),#142,.F.);
#1558=ADVANCED_FACE('',(#214),#143,.F.);
#1559=ADVANCED_FACE('',(#215),#80,.F.);
#1560=ADVANCED_FACE('',(#216),#144,.F.);
#1561=ADVANCED_FACE('',(#217),#81,.F.);
#1562=ADVANCED_FACE('',(#218),#145,.F.);
#1563=ADVANCED_FACE('',(#219),#146,.T.);
#1564=ADVANCED_FACE('',(#220),#82,.F.);
#1565=ADVANCED_FACE('',(#221),#147,.F.);
#1566=ADVANCED_FACE('',(#222),#83,.F.);
#1567=ADVANCED_FACE('',(#223),#148,.F.);
#1568=ADVANCED_FACE('',(#224),#149,.T.);
#1569=ADVANCED_FACE('',(#225),#150,.F.);
#1570=ADVANCED_FACE('',(#226),#84,.F.);
#1571=ADVANCED_FACE('',(#227),#151,.F.);
#1572=ADVANCED_FACE('',(#228),#85,.F.);
#1573=ADVANCED_FACE('',(#229),#152,.F.);
#1574=ADVANCED_FACE('',(#230),#153,.F.);
#1575=ADVANCED_FACE('',(#231),#126,.T.);
#1576=ADVANCED_FACE('',(#232),#154,.F.);
#1577=ADVANCED_FACE('',(#233),#155,.T.);
#1578=ADVANCED_FACE('',(#234),#156,.F.);
#1579=ADVANCED_FACE('',(#235),#127,.T.);
#1580=ADVANCED_FACE('',(#236),#157,.F.);
#1581=ADVANCED_FACE('',(#237,#65),#158,.T.);
#1582=ADVANCED_FACE('',(#238),#159,.F.);
#1583=ADVANCED_FACE('',(#239),#160,.F.);
#1584=ADVANCED_FACE('',(#240),#161,.F.);
#1585=ADVANCED_FACE('',(#241),#162,.F.);
#1586=ADVANCED_FACE('',(#242),#163,.F.);
#1587=ADVANCED_FACE('',(#243),#164,.F.);
#1588=ADVANCED_FACE('',(#244),#86,.T.);
#1589=ADVANCED_FACE('',(#245),#165,.F.);
#1590=ADVANCED_FACE('',(#246),#87,.F.);
#1591=ADVANCED_FACE('',(#247,#66,#67,#68,#69),#166,.F.);
#1592=ADVANCED_FACE('',(#248),#88,.F.);
#1593=ADVANCED_FACE('',(#249,#70),#167,.T.);
#1594=ADVANCED_FACE('',(#250),#56,.F.);
#1595=ADVANCED_FACE('',(#251,#71),#168,.T.);
#1596=ADVANCED_FACE('',(#252),#57,.F.);
#1597=ADVANCED_FACE('',(#253,#72),#169,.T.);
#1598=ADVANCED_FACE('',(#254),#58,.F.);
#1599=ADVANCED_FACE('',(#255),#89,.T.);
#1600=ADVANCED_FACE('',(#256),#90,.T.);
#1601=ADVANCED_FACE('',(#257),#91,.T.);
#1602=ADVANCED_FACE('',(#258),#92,.F.);
#1603=ADVANCED_FACE('',(#259),#93,.F.);
#1604=ADVANCED_FACE('',(#260),#59,.F.);
#1605=ADVANCED_FACE('',(#261),#60,.F.);
#1606=ADVANCED_FACE('',(#262),#94,.T.);
#1607=ADVANCED_FACE('',(#263),#95,.T.);
#1608=ADVANCED_FACE('',(#264),#96,.T.);
#1609=ADVANCED_FACE('',(#265),#97,.T.);
#1610=ADVANCED_FACE('',(#266,#73),#170,.T.);
#1611=ADVANCED_FACE('',(#267),#98,.T.);
#1612=ADVANCED_FACE('',(#268),#171,.T.);
#1613=ADVANCED_FACE('',(#269),#172,.T.);
#1614=ADVANCED_FACE('',(#270,#74,#75),#173,.F.);
#1615=ADVANCED_FACE('',(#271),#99,.T.);
#1616=ADVANCED_FACE('',(#272),#174,.T.);
#1617=ADVANCED_FACE('',(#273),#175,.F.);
#1618=ADVANCED_FACE('',(#274),#100,.T.);
#1619=ADVANCED_FACE('',(#275),#176,.T.);
#1620=ADVANCED_FACE('',(#276),#177,.F.);
#1621=ADVANCED_FACE('',(#277),#101,.T.);
#1622=ADVANCED_FACE('',(#278),#178,.T.);
#1623=ADVANCED_FACE('',(#279),#179,.F.);
#1624=ADVANCED_FACE('',(#280),#102,.T.);
#1625=ADVANCED_FACE('',(#281),#180,.T.);
#1626=ADVANCED_FACE('',(#282),#181,.F.);
#1627=ADVANCED_FACE('',(#283),#103,.T.);
#1628=ADVANCED_FACE('',(#284),#182,.T.);
#1629=ADVANCED_FACE('',(#285),#183,.F.);
#1630=CLOSED_SHELL('',(#1528,#1529,#1530,#1531,#1532,#1533,#1534,#1535,
#1536,#1537,#1538,#1539,#1540,#1541,#1542,#1543,#1544,#1545,#1546,#1547,
#1548,#1549,#1550,#1551,#1552,#1553,#1554,#1555,#1556,#1557,#1558,#1559,
#1560,#1561,#1562,#1563,#1564,#1565,#1566,#1567,#1568,#1569,#1570,#1571,
#1572,#1573,#1574,#1575,#1576,#1577,#1578,#1579,#1580,#1581,#1582,#1583,
#1584,#1585,#1586,#1587,#1588,#1589,#1590,#1591,#1592,#1593,#1594,#1595,
#1596,#1597,#1598,#1599,#1600,#1601,#1602,#1603,#1604,#1605,#1606,#1607,
#1608,#1609,#1610,#1611,#1612,#1613,#1614));
#1631=CLOSED_SHELL('',(#1615,#1616,#1617));
#1632=CLOSED_SHELL('',(#1618,#1619,#1620));
#1633=CLOSED_SHELL('',(#1621,#1622,#1623));
#1634=CLOSED_SHELL('',(#1624,#1625,#1626));
#1635=CLOSED_SHELL('',(#1627,#1628,#1629));
#1636=DERIVED_UNIT_ELEMENT(#1638,1.);
#1637=DERIVED_UNIT_ELEMENT(#2989,-3.);
#1638=(
MASS_UNIT()
NAMED_UNIT(*)
SI_UNIT(.KILO.,.GRAM.)
);
#1639=DERIVED_UNIT((#1636,#1637));
#1640=MEASURE_REPRESENTATION_ITEM('density measure',
POSITIVE_RATIO_MEASURE(7850.),#1639);
#1641=PROPERTY_DEFINITION_REPRESENTATION(#1646,#1643);
#1642=PROPERTY_DEFINITION_REPRESENTATION(#1647,#1644);
#1643=REPRESENTATION('material name',(#1645),#2986);
#1644=REPRESENTATION('density',(#1640),#2986);
#1645=DESCRIPTIVE_REPRESENTATION_ITEM('Steel','Steel');
#1646=PROPERTY_DEFINITION('material property','material name',#2996);
#1647=PROPERTY_DEFINITION('material property','density of part',#2996);
#1648=AXIS2_PLACEMENT_3D('',#2274,#1813,#1814);
#1649=AXIS2_PLACEMENT_3D('',#2275,#1815,#1816);
#1650=AXIS2_PLACEMENT_3D('',#2280,#1818,#1819);
#1651=AXIS2_PLACEMENT_3D('',#2283,#1821,#1822);
#1652=AXIS2_PLACEMENT_3D('',#2284,#1823,#1824);
#1653=AXIS2_PLACEMENT_3D('',#2290,#1828,#1829);
#1654=AXIS2_PLACEMENT_3D('',#2294,#1831,#1832);
#1655=AXIS2_PLACEMENT_3D('',#2295,#1833,#1834);
#1656=AXIS2_PLACEMENT_3D('',#2331,#1836,#1837);
#1657=AXIS2_PLACEMENT_3D('',#2336,#1839,#1840);
#1658=AXIS2_PLACEMENT_3D('',#2339,#1842,#1843);
#1659=AXIS2_PLACEMENT_3D('',#2340,#1844,#1845);
#1660=AXIS2_PLACEMENT_3D('',#2346,#1849,#1850);
#1661=AXIS2_PLACEMENT_3D('',#2350,#1852,#1853);
#1662=AXIS2_PLACEMENT_3D('',#2351,#1854,#1855);
#1663=AXIS2_PLACEMENT_3D('',#2385,#1857,#1858);
#1664=AXIS2_PLACEMENT_3D('',#2470,#1863,#1864);
#1665=AXIS2_PLACEMENT_3D('',#2473,#1867,#1868);
#1666=AXIS2_PLACEMENT_3D('',#2477,#1870,#1871);
#1667=AXIS2_PLACEMENT_3D('',#2479,#1873,#1874);
#1668=AXIS2_PLACEMENT_3D('',#2483,#1877,#1878);
#1669=AXIS2_PLACEMENT_3D('',#2486,#1880,#1881);
#1670=AXIS2_PLACEMENT_3D('',#2487,#1882,#1883);
#1671=AXIS2_PLACEMENT_3D('',#2491,#1886,#1887);
#1672=AXIS2_PLACEMENT_3D('',#2503,#1893,#1894);
#1673=AXIS2_PLACEMENT_3D('',#2507,#1896,#1897);
#1674=AXIS2_PLACEMENT_3D('',#2511,#1899,#1900);
#1675=AXIS2_PLACEMENT_3D('',#2515,#1902,#1903);
#1676=AXIS2_PLACEMENT_3D('',#2517,#1905,#1906);
#1677=AXIS2_PLACEMENT_3D('',#2521,#1909,#1910);
#1678=AXIS2_PLACEMENT_3D('',#2525,#1913,#1914);
#1679=AXIS2_PLACEMENT_3D('',#2528,#1915,#1916);
#1680=AXIS2_PLACEMENT_3D('',#2532,#1918,#1919);
#1681=AXIS2_PLACEMENT_3D('',#2546,#1921,#1922);
#1682=AXIS2_PLACEMENT_3D('',#2548,#1924,#1925);
#1683=AXIS2_PLACEMENT_3D('',#2550,#1927,#1928);
#1684=AXIS2_PLACEMENT_3D('',#2551,#1929,#1930);
#1685=AXIS2_PLACEMENT_3D('',#2553,#1931,#1932);
#1686=AXIS2_PLACEMENT_3D('',#2554,#1933,#1934);
#1687=AXIS2_PLACEMENT_3D('',#2555,#1935,#1936);
#1688=AXIS2_PLACEMENT_3D('',#2557,#1937,#1938);
#1689=AXIS2_PLACEMENT_3D('',#2561,#1940,#1941);
#1690=AXIS2_PLACEMENT_3D('',#2611,#1951,#1952);
#1691=AXIS2_PLACEMENT_3D('',#2634,#1957,#1958);
#1692=AXIS2_PLACEMENT_3D('',#2655,#1962,#1963);
#1693=AXIS2_PLACEMENT_3D('',#2661,#1967,#1968);
#1694=AXIS2_PLACEMENT_3D('',#2665,#1971,#1972);
#1695=AXIS2_PLACEMENT_3D('',#2669,#1975,#1976);
#1696=AXIS2_PLACEMENT_3D('',#2673,#1978,#1979);
#1697=AXIS2_PLACEMENT_3D('',#2675,#1981,#1982);
#1698=AXIS2_PLACEMENT_3D('',#2679,#1985,#1986);
#1699=AXIS2_PLACEMENT_3D('',#2682,#1988,#1989);
#1700=AXIS2_PLACEMENT_3D('',#2683,#1990,#1991);
#1701=AXIS2_PLACEMENT_3D('',#2685,#1993,#1994);
#1702=AXIS2_PLACEMENT_3D('',#2686,#1995,#1996);
#1703=AXIS2_PLACEMENT_3D('',#2690,#1998,#1999);
#1704=AXIS2_PLACEMENT_3D('',#2692,#2001,#2002);
#1705=AXIS2_PLACEMENT_3D('',#2696,#2005,#2006);
#1706=AXIS2_PLACEMENT_3D('',#2699,#2008,#2009);
#1707=AXIS2_PLACEMENT_3D('',#2700,#2010,#2011);
#1708=AXIS2_PLACEMENT_3D('',#2702,#2013,#2014);
#1709=AXIS2_PLACEMENT_3D('',#2703,#2015,#2016);
#1710=AXIS2_PLACEMENT_3D('',#2705,#2018,#2019);
#1711=AXIS2_PLACEMENT_3D('',#2707,#2021,#2022);
#1712=AXIS2_PLACEMENT_3D('',#2709,#2024,#2025);
#1713=AXIS2_PLACEMENT_3D('',#2711,#2027,#2028);
#1714=AXIS2_PLACEMENT_3D('',#2712,#2029,#2030);
#1715=AXIS2_PLACEMENT_3D('',#2733,#2034,#2035);
#1716=AXIS2_PLACEMENT_3D('',#2737,#2038,#2039);
#1717=AXIS2_PLACEMENT_3D('',#2741,#2042,#2043);
#1718=AXIS2_PLACEMENT_3D('',#2760,#2046,#2047);
#1719=AXIS2_PLACEMENT_3D('',#2762,#2049,#2050);
#1720=AXIS2_PLACEMENT_3D('',#2771,#2055,#2056);
#1721=AXIS2_PLACEMENT_3D('',#2773,#2057,#2058);
#1722=AXIS2_PLACEMENT_3D('',#2774,#2059,#2060);
#1723=AXIS2_PLACEMENT_3D('',#2784,#2066,#2067);
#1724=AXIS2_PLACEMENT_3D('',#2794,#2073,#2074);
#1725=AXIS2_PLACEMENT_3D('',#2797,#2077,#2078);
#1726=AXIS2_PLACEMENT_3D('',#2799,#2079,#2080);
#1727=AXIS2_PLACEMENT_3D('',#2800,#2081,#2082);
#1728=AXIS2_PLACEMENT_3D('',#2802,#2083,#2084);
#1729=AXIS2_PLACEMENT_3D('',#2803,#2085,#2086);
#1730=AXIS2_PLACEMENT_3D('',#2805,#2087,#2088);
#1731=AXIS2_PLACEMENT_3D('',#2808,#2090,#2091);
#1732=AXIS2_PLACEMENT_3D('',#2809,#2092,#2093);
#1733=AXIS2_PLACEMENT_3D('',#2811,#2094,#2095);
#1734=AXIS2_PLACEMENT_3D('',#2812,#2096,#2097);
#1735=AXIS2_PLACEMENT_3D('',#2815,#2098,#2099);
#1736=AXIS2_PLACEMENT_3D('',#2817,#2100,#2101);
#1737=AXIS2_PLACEMENT_3D('',#2819,#2102,#2103);
#1738=AXIS2_PLACEMENT_3D('',#2822,#2105,#2106);
#1739=AXIS2_PLACEMENT_3D('',#2823,#2107,#2108);
#1740=AXIS2_PLACEMENT_3D('',#2824,#2109,#2110);
#1741=AXIS2_PLACEMENT_3D('',#2827,#2112,#2113);
#1742=AXIS2_PLACEMENT_3D('',#2829,#2114,#2115);
#1743=AXIS2_PLACEMENT_3D('',#2831,#2116,#2117);
#1744=AXIS2_PLACEMENT_3D('',#2832,#2118,#2119);
#1745=AXIS2_PLACEMENT_3D('',#2835,#2120,#2121);
#1746=AXIS2_PLACEMENT_3D('',#2837,#2122,#2123);
#1747=AXIS2_PLACEMENT_3D('',#2839,#2124,#2125);
#1748=AXIS2_PLACEMENT_3D('',#2842,#2127,#2128);
#1749=AXIS2_PLACEMENT_3D('',#2843,#2129,#2130);
#1750=AXIS2_PLACEMENT_3D('',#2844,#2131,#2132);
#1751=AXIS2_PLACEMENT_3D('',#2846,#2133,#2134);
#1752=AXIS2_PLACEMENT_3D('',#2848,#2135,#2136);
#1753=AXIS2_PLACEMENT_3D('',#2850,#2137,#2138);
#1754=AXIS2_PLACEMENT_3D('',#2851,#2139,#2140);
#1755=AXIS2_PLACEMENT_3D('',#2859,#2142,#2143);
#1756=AXIS2_PLACEMENT_3D('',#2861,#2144,#2145);
#1757=AXIS2_PLACEMENT_3D('',#2863,#2146,#2147);
#1758=AXIS2_PLACEMENT_3D('',#2865,#2148,#2149);
#1759=AXIS2_PLACEMENT_3D('',#2866,#2150,#2151);
#1760=AXIS2_PLACEMENT_3D('',#2874,#2153,#2154);
#1761=AXIS2_PLACEMENT_3D('',#2876,#2155,#2156);
#1762=AXIS2_PLACEMENT_3D('',#2879,#2157,#2158);
#1763=AXIS2_PLACEMENT_3D('',#2881,#2159,#2160);
#1764=AXIS2_PLACEMENT_3D('',#2883,#2161,#2162);
#1765=AXIS2_PLACEMENT_3D('',#2885,#2163,#2164);
#1766=AXIS2_PLACEMENT_3D('',#2886,#2165,#2166);
#1767=AXIS2_PLACEMENT_3D('',#2900,#2168,#2169);
#1768=AXIS2_PLACEMENT_3D('',#2902,#2171,#2172);
#1769=AXIS2_PLACEMENT_3D('',#2904,#2174,#2175);
#1770=AXIS2_PLACEMENT_3D('',#2906,#2177,#2178);
#1771=AXIS2_PLACEMENT_3D('',#2908,#2180,#2181);
#1772=AXIS2_PLACEMENT_3D('',#2910,#2182,#2183);
#1773=AXIS2_PLACEMENT_3D('',#2912,#2184,#2185);
#1774=AXIS2_PLACEMENT_3D('',#2914,#2187,#2188);
#1775=AXIS2_PLACEMENT_3D('',#2915,#2189,#2190);
#1776=AXIS2_PLACEMENT_3D('',#2916,#2191,#2192);
#1777=AXIS2_PLACEMENT_3D('',#2918,#2194,#2195);
#1778=AXIS2_PLACEMENT_3D('',#2933,#2198,#2199);
#1779=AXIS2_PLACEMENT_3D('',#2934,#2200,#2201);
#1780=AXIS2_PLACEMENT_3D('',#2935,#2202,#2203);
#1781=AXIS2_PLACEMENT_3D('',#2936,#2204,#2205);
#1782=AXIS2_PLACEMENT_3D('',#2937,#2206,#2207);
#1783=AXIS2_PLACEMENT_3D('',#2938,#2208,#2209);
#1784=AXIS2_PLACEMENT_3D('',#2939,#2210,#2211);
#1785=AXIS2_PLACEMENT_3D('',#2940,#2212,#2213);
#1786=AXIS2_PLACEMENT_3D('',#2941,#2214,#2215);
#1787=AXIS2_PLACEMENT_3D('',#2943,#2217,#2218);
#1788=AXIS2_PLACEMENT_3D('',#2944,#2219,#2220);
#1789=AXIS2_PLACEMENT_3D('',#2946,#2221,#2222);
#1790=AXIS2_PLACEMENT_3D('',#2949,#2224,#2225);
#1791=AXIS2_PLACEMENT_3D('',#2950,#2226,#2227);
#1792=AXIS2_PLACEMENT_3D('',#2951,#2228,#2229);
#1793=AXIS2_PLACEMENT_3D('',#2952,#2230,#2231);
#1794=AXIS2_PLACEMENT_3D('',#2954,#2232,#2233);
#1795=AXIS2_PLACEMENT_3D('',#2957,#2235,#2236);
#1796=AXIS2_PLACEMENT_3D('',#2958,#2237,#2238);
#1797=AXIS2_PLACEMENT_3D('',#2959,#2239,#2240);
#1798=AXIS2_PLACEMENT_3D('',#2960,#2241,#2242);
#1799=AXIS2_PLACEMENT_3D('',#2962,#2243,#2244);
#1800=AXIS2_PLACEMENT_3D('',#2965,#2246,#2247);
#1801=AXIS2_PLACEMENT_3D('',#2966,#2248,#2249);
#1802=AXIS2_PLACEMENT_3D('',#2967,#2250,#2251);
#1803=AXIS2_PLACEMENT_3D('',#2968,#2252,#2253);
#1804=AXIS2_PLACEMENT_3D('',#2970,#2254,#2255);
#1805=AXIS2_PLACEMENT_3D('',#2973,#2257,#2258);
#1806=AXIS2_PLACEMENT_3D('',#2974,#2259,#2260);
#1807=AXIS2_PLACEMENT_3D('',#2975,#2261,#2262);
#1808=AXIS2_PLACEMENT_3D('',#2976,#2263,#2264);
#1809=AXIS2_PLACEMENT_3D('',#2978,#2265,#2266);
#1810=AXIS2_PLACEMENT_3D('',#2981,#2268,#2269);
#1811=AXIS2_PLACEMENT_3D('',#2982,#2270,#2271);
#1812=AXIS2_PLACEMENT_3D('',#2983,#2272,#2273);
#1813=DIRECTION('axis',(0.,0.,1.));
#1814=DIRECTION('refdir',(1.,0.,0.));
#1815=DIRECTION('center_axis',(0.,1.,0.));
#1816=DIRECTION('ref_axis',(-1.,0.,0.));
#1817=DIRECTION('',(0.583909088242981,-0.707106781186548,-0.398810953544722));
#1818=DIRECTION('center_axis',(0.,-1.,0.));
#1819=DIRECTION('ref_axis',(-1.,0.,0.));
#1820=DIRECTION('',(-0.707106781186548,0.707106781186547,0.));
#1821=DIRECTION('center_axis',(0.,1.,0.));
#1822=DIRECTION('ref_axis',(-1.,0.,0.));
#1823=DIRECTION('center_axis',(0.707106781186547,0.707106781186548,0.));
#1824=DIRECTION('ref_axis',(0.,0.,-1.));
#1825=DIRECTION('',(-0.707106781186548,0.707106781186547,0.));
#1826=DIRECTION('',(0.,0.,1.));
#1827=DIRECTION('',(0.,0.,-1.));
#1828=DIRECTION('center_axis',(0.,1.,0.));
#1829=DIRECTION('ref_axis',(-1.,0.,0.));
#1830=DIRECTION('',(-0.460371693555402,0.707106781186547,-0.536710260543743));
#1831=DIRECTION('center_axis',(0.,1.,0.));
#1832=DIRECTION('ref_axis',(-1.,0.,0.));
#1833=DIRECTION('center_axis',(0.,-1.,0.));
#1834=DIRECTION('ref_axis',(-1.,0.,0.));
#1835=DIRECTION('',(0.,0.707106781186548,-0.707106781186548));
#1836=DIRECTION('center_axis',(0.,1.,0.));
#1837=DIRECTION('ref_axis',(1.,0.,0.));
#1838=DIRECTION('',(-0.460371693555402,-0.707106781186547,0.536710260543743));
#1839=DIRECTION('center_axis',(0.,-1.,0.));
#1840=DIRECTION('ref_axis',(1.,0.,0.));
#1841=DIRECTION('',(0.707106781186548,0.707106781186547,5.87988315553522E-9));
#1842=DIRECTION('center_axis',(0.,1.,0.));
#1843=DIRECTION('ref_axis',(1.,0.,0.));
#1844=DIRECTION('center_axis',(-0.707106781186547,0.707106781186548,0.));
#1845=DIRECTION('ref_axis',(0.,0.,1.));
#1846=DIRECTION('',(0.707106781186548,0.707106781186547,0.));
#1847=DIRECTION('',(0.,0.,-1.));
#1848=DIRECTION('',(0.,0.,1.));
#1849=DIRECTION('center_axis',(0.,1.,0.));
#1850=DIRECTION('ref_axis',(1.,0.,0.));
#1851=DIRECTION('',(0.583909088242981,0.707106781186548,0.398810953544722));
#1852=DIRECTION('center_axis',(0.,1.,0.));
#1853=DIRECTION('ref_axis',(1.,0.,0.));
#1854=DIRECTION('center_axis',(0.,-1.,0.));
#1855=DIRECTION('ref_axis',(1.,0.,0.));
#1856=DIRECTION('',(-3.334709646762E-15,-0.707106781186547,0.707106781186548));
#1857=DIRECTION('center_axis',(0.,0.707106781186548,0.707106781186547));
#1858=DIRECTION('ref_axis',(1.,0.,0.));
#1859=DIRECTION('',(-1.,0.,0.));
#1860=DIRECTION('',(1.,0.,0.));
#1861=DIRECTION('',(3.334709646762E-15,0.707106781186548,0.707106781186548));
#1862=DIRECTION('',(0.,-0.707106781186547,-0.707106781186548));
#1863=DIRECTION('center_axis',(0.,0.707106781186548,-0.707106781186547));
#1864=DIRECTION('ref_axis',(-1.,0.,0.));
#1865=DIRECTION('',(1.,0.,0.));
#1866=DIRECTION('',(-1.,0.,0.));
#1867=DIRECTION('center_axis',(0.,-1.,0.));
#1868=DIRECTION('ref_axis',(-1.,0.,0.));
#1869=DIRECTION('',(0.,-1.,0.));
#1870=DIRECTION('center_axis',(0.,-1.,0.));
#1871=DIRECTION('ref_axis',(-1.,0.,0.));
#1872=DIRECTION('',(0.,-1.,0.));
#1873=DIRECTION('center_axis',(0.,0.,1.));
#1874=DIRECTION('ref_axis',(-1.,0.,0.));
#1875=DIRECTION('',(0.,-1.,0.));
#1876=DIRECTION('',(-1.,0.,0.));
#1877=DIRECTION('center_axis',(0.,-1.,0.));
#1878=DIRECTION('ref_axis',(-1.,0.,0.));
#1879=DIRECTION('',(0.,-1.,0.));
#1880=DIRECTION('center_axis',(0.,-1.,0.));
#1881=DIRECTION('ref_axis',(-1.,0.,0.));
#1882=DIRECTION('center_axis',(1.,0.,0.));
#1883=DIRECTION('ref_axis',(0.,0.,1.));
#1884=DIRECTION('',(0.,-1.,0.));
#1885=DIRECTION('',(0.,0.,1.));
#1886=DIRECTION('center_axis',(0.,1.22464679914735E-16,-1.));
#1887=DIRECTION('ref_axis',(1.,0.,0.));
#1888=DIRECTION('',(1.,0.,0.));
#1889=DIRECTION('',(0.,-1.,-1.22464679914735E-16));
#1890=DIRECTION('',(1.,0.,0.));
#1891=DIRECTION('',(0.,1.,1.22464679914735E-16));
#1892=DIRECTION('',(1.,0.,0.));
#1893=DIRECTION('center_axis',(0.,-1.22464679914735E-16,1.));
#1894=DIRECTION('ref_axis',(1.,0.,0.));
#1895=DIRECTION('',(1.,0.,0.));
#1896=DIRECTION('center_axis',(0.,-1.22464679914735E-16,1.));
#1897=DIRECTION('ref_axis',(1.,0.,0.));
#1898=DIRECTION('',(-1.,0.,0.));
#1899=DIRECTION('center_axis',(0.,-1.22464679914735E-16,1.));
#1900=DIRECTION('ref_axis',(1.,0.,0.));
#1901=DIRECTION('',(1.,0.,0.));
#1902=DIRECTION('center_axis',(0.,-1.22464679914735E-16,1.));
#1903=DIRECTION('ref_axis',(1.,0.,0.));
#1904=DIRECTION('',(-1.,0.,0.));
#1905=DIRECTION('center_axis',(0.,-1.,0.));
#1906=DIRECTION('ref_axis',(0.,0.,-1.));
#1907=DIRECTION('',(-1.,0.,0.));
#1908=DIRECTION('',(0.,0.,1.));
#1909=DIRECTION('center_axis',(0.,-1.,0.));
#1910=DIRECTION('ref_axis',(0.,0.,-1.));
#1911=DIRECTION('',(0.,0.,-1.));
#1912=DIRECTION('',(-1.,0.,0.));
#1913=DIRECTION('center_axis',(0.,0.104528463267652,-0.994521895368274));
#1914=DIRECTION('ref_axis',(-1.76946423334768E-16,0.994521895368274,0.104528463267652));
#1915=DIRECTION('center_axis',(5.76448334558757E-18,-0.104528463267652,
0.994521895368274));
#1916=DIRECTION('ref_axis',(5.44817434200327E-17,-0.994521895368274,-0.104528463267652));
#1917=DIRECTION('',(0.,0.104528463267652,-0.994521895368274));
#1918=DIRECTION('center_axis',(-5.76448334558757E-18,0.104528463267652,
-0.994521895368274));
#1919=DIRECTION('ref_axis',(5.44817434200327E-17,-0.994521895368274,-0.104528463267645));
#1920=DIRECTION('',(0.,0.104528463267652,-0.994521895368274));
#1921=DIRECTION('center_axis',(5.76448334558757E-18,-0.104528463267652,
0.994521895368274));
#1922=DIRECTION('ref_axis',(0.,-0.994521895368273,-0.104528463267652));
#1923=DIRECTION('',(0.,-0.104528463267652,0.994521895368274));
#1924=DIRECTION('center_axis',(5.76448334558757E-18,-0.104528463267652,
0.994521895368274));
#1925=DIRECTION('ref_axis',(0.,-0.994521895368273,-0.104528463267652));
#1926=DIRECTION('',(0.,0.104528463267652,-0.994521895368274));
#1927=DIRECTION('center_axis',(5.76448334558757E-18,-0.104528463267652,
0.994521895368274));
#1928=DIRECTION('ref_axis',(1.,0.,-5.7962357313943E-18));
#1929=DIRECTION('center_axis',(0.,0.104528463267645,-0.994521895368274));
#1930=DIRECTION('ref_axis',(5.44817434200327E-17,-0.994521895368274,-0.104528463267645));
#1931=DIRECTION('center_axis',(0.,-0.998629534754574,-0.0523359562429392));
#1932=DIRECTION('ref_axis',(2.85135413966989E-18,0.0523359562429392,-0.998629534754574));
#1933=DIRECTION('center_axis',(5.76448334558757E-18,-0.104528463267652,
0.994521895368274));
#1934=DIRECTION('ref_axis',(5.44817434200327E-17,-0.994521895368274,-0.104528463267652));
#1935=DIRECTION('center_axis',(0.,1.,0.));
#1936=DIRECTION('ref_axis',(-1.,0.,0.));
#1937=DIRECTION('center_axis',(0.,-1.,0.));
#1938=DIRECTION('ref_axis',(-1.,0.,0.));
#1939=DIRECTION('',(1.,0.,0.));
#1940=DIRECTION('center_axis',(0.,-1.,0.));
#1941=DIRECTION('ref_axis',(-1.,0.,0.));
#1942=DIRECTION('',(0.,0.,-1.));
#1943=DIRECTION('',(0.999996478771559,0.,-0.00265376044194803));
#1944=DIRECTION('',(0.,0.,1.));
#1945=DIRECTION('',(-0.99999357789817,0.,-0.00358387533506366));
#1946=DIRECTION('',(0.,0.,-1.));
#1947=DIRECTION('',(0.,0.,1.));
#1948=DIRECTION('',(-1.,0.,-6.89579518400718E-16));
#1949=DIRECTION('',(0.,0.,-1.));
#1950=DIRECTION('',(1.,0.,1.37915903680144E-15));
#1951=DIRECTION('center_axis',(1.,0.,0.));
#1952=DIRECTION('ref_axis',(0.,3.71856553425512E-19,-1.));
#1953=DIRECTION('',(0.,1.,0.));
#1954=DIRECTION('',(0.,-1.22464679914735E-16,1.));
#1955=DIRECTION('',(0.,1.,0.));
#1956=DIRECTION('',(0.,1.,0.));
#1957=DIRECTION('center_axis',(6.89579518400718E-16,0.,-1.));
#1958=DIRECTION('ref_axis',(-1.,-6.02927928155761E-19,-6.89579518400718E-16));
#1959=DIRECTION('',(0.,1.,0.));
#1960=DIRECTION('',(1.,-8.44491349967013E-32,6.89579518400718E-16));
#1961=DIRECTION('',(0.,1.,0.));
#1962=DIRECTION('center_axis',(1.,0.,0.));
#1963=DIRECTION('ref_axis',(0.,-0.104528463267645,0.994521895368274));
#1964=DIRECTION('',(0.,-0.994521895368274,-0.104528463267645));
#1965=DIRECTION('',(0.,1.22464679914735E-16,-1.));
#1966=DIRECTION('',(0.,-0.994521895368274,-0.104528463267645));
#1967=DIRECTION('center_axis',(0.00356424274109027,0.104527799309815,-0.994515578231497));
#1968=DIRECTION('ref_axis',(0.999993648066668,-0.000372564816439026,0.00354471744642171));
#1969=DIRECTION('',(0.,-0.994521895368274,-0.104528463267645));
#1970=DIRECTION('',(-0.99999357789817,4.38898145762886E-19,-0.00358387533506366));
#1971=DIRECTION('center_axis',(-1.,0.,0.));
#1972=DIRECTION('ref_axis',(0.,0.104528463267645,-0.994521895368274));
#1973=DIRECTION('',(0.,-0.994521895368274,-0.104528463267645));
#1974=DIRECTION('',(0.,-1.22464679914735E-16,1.));
#1975=DIRECTION('center_axis',(0.,0.,1.));
#1976=DIRECTION('ref_axis',(-1.,1.22464679914735E-16,0.));
#1977=DIRECTION('',(0.,0.,1.));
#1978=DIRECTION('center_axis',(0.,0.,1.));
#1979=DIRECTION('ref_axis',(1.,0.,0.));
#1980=DIRECTION('',(0.,0.,1.));
#1981=DIRECTION('center_axis',(0.,1.,0.));
#1982=DIRECTION('ref_axis',(-1.,0.,0.));
#1983=DIRECTION('',(0.,0.,1.));
#1984=DIRECTION('',(-1.,0.,0.));
#1985=DIRECTION('center_axis',(0.,0.,1.));
#1986=DIRECTION('ref_axis',(1.,0.,0.));
#1987=DIRECTION('',(0.,0.,1.));
#1988=DIRECTION('center_axis',(0.,0.,1.));
#1989=DIRECTION('ref_axis',(1.,0.,0.));
#1990=DIRECTION('center_axis',(0.,-1.,0.));
#1991=DIRECTION('ref_axis',(1.,0.,0.));
#1992=DIRECTION('',(1.,0.,0.));
#1993=DIRECTION('center_axis',(0.,0.,-1.));
#1994=DIRECTION('ref_axis',(1.,0.,0.));
#1995=DIRECTION('center_axis',(0.,0.,1.));
#1996=DIRECTION('ref_axis',(-1.,1.22464679914735E-16,0.));
#1997=DIRECTION('',(0.,0.,1.));
#1998=DIRECTION('center_axis',(0.,0.,1.));
#1999=DIRECTION('ref_axis',(1.,0.,0.));
#2000=DIRECTION('',(0.,0.,1.));
#2001=DIRECTION('center_axis',(0.,1.,0.));
#2002=DIRECTION('ref_axis',(-1.,0.,0.));
#2003=DIRECTION('',(0.,0.,1.));
#2004=DIRECTION('',(-1.,0.,0.));
#2005=DIRECTION('center_axis',(0.,0.,1.));
#2006=DIRECTION('ref_axis',(1.,0.,0.));
#2007=DIRECTION('',(0.,0.,1.));
#2008=DIRECTION('center_axis',(0.,0.,1.));
#2009=DIRECTION('ref_axis',(1.,0.,0.));
#2010=DIRECTION('center_axis',(0.,-1.,0.));
#2011=DIRECTION('ref_axis',(1.,0.,0.));
#2012=DIRECTION('',(1.,0.,0.));
#2013=DIRECTION('center_axis',(0.,0.,-1.));
#2014=DIRECTION('ref_axis',(1.,0.,0.));
#2015=DIRECTION('center_axis',(0.00263922296611986,-0.104528099220618,0.994518431692173));
#2016=DIRECTION('ref_axis',(-0.999996517245003,-0.000275873920869185,0.002624765026565));
#2017=DIRECTION('',(0.999996478771559,3.24991923093552E-19,-0.00265376044194803));
#2018=DIRECTION('center_axis',(0.,-1.,0.));
#2019=DIRECTION('ref_axis',(0.70710678412649,0.,-0.707106778246605));
#2020=DIRECTION('',(0.,-1.,0.));
#2021=DIRECTION('center_axis',(0.,0.,-1.));
#2022=DIRECTION('ref_axis',(1.,0.,0.));
#2023=DIRECTION('',(0.,-1.,0.));
#2024=DIRECTION('center_axis',(0.,-1.,0.));
#2025=DIRECTION('ref_axis',(-1.,0.,0.));
#2026=DIRECTION('',(0.,-1.,0.));
#2027=DIRECTION('center_axis',(-1.,0.,0.));
#2028=DIRECTION('ref_axis',(0.,0.,-1.));
#2029=DIRECTION('center_axis',(-1.,0.,0.));
#2030=DIRECTION('ref_axis',(0.,-3.71856553425425E-19,1.));
#2031=DIRECTION('',(0.,1.,0.));
#2032=DIRECTION('',(0.,1.22464679914735E-16,-1.));
#2033=DIRECTION('',(0.,1.,0.));
#2034=DIRECTION('center_axis',(-1.,0.,0.));
#2035=DIRECTION('ref_axis',(0.,0.,1.));
#2036=DIRECTION('',(0.,-0.994521895368273,-0.104528463267653));
#2037=DIRECTION('',(0.,0.,1.));
#2038=DIRECTION('center_axis',(0.,-1.,0.));
#2039=DIRECTION('ref_axis',(0.,0.,-1.));
#2040=DIRECTION('',(-1.,0.,0.));
#2041=DIRECTION('',(0.,0.,-1.));
#2042=DIRECTION('center_axis',(-1.37915903680144E-15,0.,1.));
#2043=DIRECTION('ref_axis',(1.,6.02927928155761E-19,1.37915903680144E-15));
#2044=DIRECTION('',(0.,1.,0.));
#2045=DIRECTION('',(-1.,1.68898269993403E-31,-1.37915903680144E-15));
#2046=DIRECTION('center_axis',(1.,0.,0.));
#2047=DIRECTION('ref_axis',(0.,0.,-1.));
#2048=DIRECTION('',(0.,0.994521895368273,0.104528463267653));
#2049=DIRECTION('center_axis',(0.,-0.104528463267644,0.994521895368274));
#2050=DIRECTION('ref_axis',(1.,0.,0.));
#2051=DIRECTION('',(-1.,0.,0.));
#2052=DIRECTION('',(0.,0.994521895368273,0.104528463267654));
#2053=DIRECTION('',(1.,0.,0.));
#2054=DIRECTION('',(0.,-0.994521895368273,-0.104528463267654));
#2055=DIRECTION('center_axis',(0.,1.22464679914735E-16,-1.));
#2056=DIRECTION('ref_axis',(1.,0.,0.));
#2057=DIRECTION('center_axis',(0.,-1.22464679914735E-16,1.));
#2058=DIRECTION('ref_axis',(-1.,0.,0.));
#2059=DIRECTION('center_axis',(1.,0.,0.));
#2060=DIRECTION('ref_axis',(0.,-1.,-1.22464679914735E-16));
#2061=DIRECTION('',(0.,1.22464679914735E-16,-1.));
#2062=DIRECTION('',(0.,1.,1.22464679914735E-16));
#2063=DIRECTION('',(0.,-1.22464679914735E-16,1.));
#2064=DIRECTION('',(0.,-0.104528463267645,0.994521895368274));
#2065=DIRECTION('',(0.,-0.104528463267645,0.994521895368274));
#2066=DIRECTION('center_axis',(-1.,0.,0.));
#2067=DIRECTION('ref_axis',(0.,1.,1.22464679914735E-16));
#2068=DIRECTION('',(0.,1.22464679914735E-16,-1.));
#2069=DIRECTION('',(0.,-1.,-1.22464679914735E-16));
#2070=DIRECTION('',(0.,1.22464679914735E-16,-1.));
#2071=DIRECTION('',(0.,-0.104528463267645,0.994521895368274));
#2072=DIRECTION('',(0.,-0.104528463267645,0.994521895368274));
#2073=DIRECTION('center_axis',(0.,-1.,-1.22464679914735E-16));
#2074=DIRECTION('ref_axis',(-1.,0.,0.));
#2075=DIRECTION('',(-1.,0.,0.));
#2076=DIRECTION('',(1.,0.,0.));
#2077=DIRECTION('center_axis',(0.,1.22464679914735E-16,-1.));
#2078=DIRECTION('ref_axis',(1.,0.,0.));
#2079=DIRECTION('center_axis',(0.,-1.22464679914735E-16,1.));
#2080=DIRECTION('ref_axis',(-1.,0.,0.));
#2081=DIRECTION('center_axis',(0.,1.22464679914735E-16,-1.));
#2082=DIRECTION('ref_axis',(1.,0.,0.));
#2083=DIRECTION('center_axis',(0.,-1.22464679914735E-16,1.));
#2084=DIRECTION('ref_axis',(-1.,0.,0.));
#2085=DIRECTION('center_axis',(0.,0.,1.));
#2086=DIRECTION('ref_axis',(-1.,0.,0.));
#2087=DIRECTION('center_axis',(-5.76448334558757E-18,0.104528463267652,
-0.994521895368274));
#2088=DIRECTION('ref_axis',(0.,-0.994521895368274,-0.104528463267652));
#2089=DIRECTION('',(0.,0.,-1.));
#2090=DIRECTION('center_axis',(0.,1.22464679914735E-16,-1.));
#2091=DIRECTION('ref_axis',(-1.,0.,0.));
#2092=DIRECTION('center_axis',(0.,1.22464679914735E-16,-1.));
#2093=DIRECTION('ref_axis',(1.,0.,0.));
#2094=DIRECTION('center_axis',(0.,-1.22464679914735E-16,1.));
#2095=DIRECTION('ref_axis',(-1.,0.,0.));
#2096=DIRECTION('center_axis',(0.,0.,1.));
#2097=DIRECTION('ref_axis',(-1.,0.,0.));
#2098=DIRECTION('center_axis',(0.,-0.0523359562430001,0.998629534754571));
#2099=DIRECTION('ref_axis',(5.44070780841655E-17,-0.998629534754571,-0.0523359562430001));
#2100=DIRECTION('center_axis',(0.,-0.99863705774675,-0.0521922110559936));
#2101=DIRECTION('ref_axis',(0.,0.0521922110559936,-0.99863705774675));
#2102=DIRECTION('center_axis',(5.76448334558757E-18,-0.104528463267652,
0.994521895368274));
#2103=DIRECTION('ref_axis',(0.,-0.994521895368273,-0.104528463267652));
#2104=DIRECTION('',(0.,0.,-1.));
#2105=DIRECTION('center_axis',(5.76448334558757E-18,-0.104528463267652,
0.994521895368274));
#2106=DIRECTION('ref_axis',(0.,-0.994521895368273,-0.104528463267652));
#2107=DIRECTION('center_axis',(0.,-0.99863705774675,-0.0521922110559936));
#2108=DIRECTION('ref_axis',(0.,0.0521922110559936,-0.99863705774675));
#2109=DIRECTION('center_axis',(0.,1.22464679914735E-16,-1.));
#2110=DIRECTION('ref_axis',(1.,0.,0.));
#2111=DIRECTION('',(-1.,0.,0.));
#2112=DIRECTION('center_axis',(0.,1.22464679914735E-16,-1.));
#2113=DIRECTION('ref_axis',(-1.,0.,0.));
#2114=DIRECTION('center_axis',(0.,1.22464679914735E-16,-1.));
#2115=DIRECTION('ref_axis',(-1.,0.,0.));
#2116=DIRECTION('center_axis',(0.,1.22464679914735E-16,-1.));
#2117=DIRECTION('ref_axis',(-1.,0.,0.));
#2118=DIRECTION('center_axis',(0.,0.,1.));
#2119=DIRECTION('ref_axis',(-1.,0.,0.));
#2120=DIRECTION('center_axis',(0.,-0.0523359562429961,0.998629534754571));
#2121=DIRECTION('ref_axis',(5.44070780841655E-17,-0.998629534754571,-0.0523359562429961));
#2122=DIRECTION('center_axis',(0.,-0.99863705774675,-0.0521922110559936));
#2123=DIRECTION('ref_axis',(0.,0.0521922110559936,-0.99863705774675));
#2124=DIRECTION('center_axis',(5.76448334558757E-18,-0.104528463267652,
0.994521895368274));
#2125=DIRECTION('ref_axis',(0.,-0.994521895368273,-0.104528463267652));
#2126=DIRECTION('',(0.,0.,-1.));
#2127=DIRECTION('center_axis',(5.76448334558757E-18,-0.104528463267652,
0.994521895368274));
#2128=DIRECTION('ref_axis',(0.,-0.994521895368273,-0.104528463267652));
#2129=DIRECTION('center_axis',(0.,-0.99863705774675,-0.0521922110559936));
#2130=DIRECTION('ref_axis',(0.,0.0521922110559936,-0.99863705774675));
#2131=DIRECTION('center_axis',(5.76448334558757E-18,-0.104528463267652,
0.994521895368274));
#2132=DIRECTION('ref_axis',(1.,0.,-5.7962357313943E-18));
#2133=DIRECTION('center_axis',(-5.76448334558757E-18,0.104528463267652,
-0.994521895368274));
#2134=DIRECTION('ref_axis',(0.,-0.994521895368274,-0.104528463267652));
#2135=DIRECTION('center_axis',(5.76448334558757E-18,-0.104528463267652,
0.994521895368274));
#2136=DIRECTION('ref_axis',(0.,-0.994521895368273,-0.104528463267652));
#2137=DIRECTION('center_axis',(5.76448334558757E-18,-0.104528463267652,
0.994521895368274));
#2138=DIRECTION('ref_axis',(5.44817434200327E-17,-0.994521895368274,-0.104528463267652));
#2139=DIRECTION('center_axis',(5.76448334558757E-18,-0.104528463267652,
0.994521895368274));
#2140=DIRECTION('ref_axis',(0.,-0.994521895368273,-0.104528463267652));
#2141=DIRECTION('',(0.,0.104528463267645,-0.994521895368274));
#2142=DIRECTION('center_axis',(5.76448334558757E-18,-0.104528463267652,
0.994521895368274));
#2143=DIRECTION('ref_axis',(1.,0.,-5.7962357313943E-18));
#2144=DIRECTION('center_axis',(-5.76448334558757E-18,0.104528463267652,
-0.994521895368274));
#2145=DIRECTION('ref_axis',(0.,-0.994521895368274,-0.104528463267652));
#2146=DIRECTION('center_axis',(5.76448334558757E-18,-0.104528463267652,
0.994521895368274));
#2147=DIRECTION('ref_axis',(0.,-0.994521895368273,-0.104528463267652));
#2148=DIRECTION('center_axis',(5.76448334558757E-18,-0.104528463267652,
0.994521895368274));
#2149=DIRECTION('ref_axis',(5.44817434200327E-17,-0.994521895368274,-0.104528463267652));
#2150=DIRECTION('center_axis',(5.76448334558757E-18,-0.104528463267652,
0.994521895368274));
#2151=DIRECTION('ref_axis',(0.,-0.994521895368273,-0.104528463267652));
#2152=DIRECTION('',(0.,0.104528463267645,-0.994521895368274));
#2153=DIRECTION('center_axis',(5.76448334558757E-18,-0.104528463267652,
0.994521895368274));
#2154=DIRECTION('ref_axis',(1.,0.,-5.7962357313943E-18));
#2155=DIRECTION('center_axis',(-5.76448334558757E-18,0.104528463267652,
-0.994521895368274));
#2156=DIRECTION('ref_axis',(0.,-0.994521895368274,-0.104528463267652));
#2157=DIRECTION('center_axis',(5.76448334558757E-18,-0.104528463267652,
0.994521895368274));
#2158=DIRECTION('ref_axis',(0.,-0.994521895368273,-0.104528463267652));
#2159=DIRECTION('center_axis',(5.76448334558757E-18,-0.104528463267652,
0.994521895368274));
#2160=DIRECTION('ref_axis',(5.44817434200327E-17,-0.994521895368274,-0.104528463267652));
#2161=DIRECTION('center_axis',(5.76448334558757E-18,-0.104528463267652,
0.994521895368274));
#2162=DIRECTION('ref_axis',(0.,-0.994521895368273,-0.104528463267652));
#2163=DIRECTION('center_axis',(5.76448334558757E-18,-0.104528463267652,
0.994521895368274));
#2164=DIRECTION('ref_axis',(0.,-0.994521895368273,-0.104528463267652));
#2165=DIRECTION('center_axis',(5.76448334558757E-18,-0.104528463267652,
0.994521895368274));
#2166=DIRECTION('ref_axis',(5.44817434200327E-17,-0.994521895368274,-0.104528463267652));
#2167=DIRECTION('',(0.,-0.104528463267645,0.994521895368274));
#2168=DIRECTION('center_axis',(5.76448334558757E-18,-0.104528463267652,
0.994521895368274));
#2169=DIRECTION('ref_axis',(0.,-0.994521895368273,-0.104528463267652));
#2170=DIRECTION('',(0.,0.104528463267645,-0.994521895368274));
#2171=DIRECTION('center_axis',(0.,0.,1.));
#2172=DIRECTION('ref_axis',(-1.,0.,0.));
#2173=DIRECTION('',(0.,0.,-1.));
#2174=DIRECTION('center_axis',(0.,0.,1.));
#2175=DIRECTION('ref_axis',(-1.,0.,0.));
#2176=DIRECTION('',(0.,0.,-1.));
#2177=DIRECTION('center_axis',(0.,0.,1.));
#2178=DIRECTION('ref_axis',(-1.,0.,0.));
#2179=DIRECTION('',(0.,0.,-1.));
#2180=DIRECTION('center_axis',(0.,0.,1.));
#2181=DIRECTION('ref_axis',(-1.,0.,0.));
#2182=DIRECTION('center_axis',(0.,-0.998629534754574,-0.0523359562429392));
#2183=DIRECTION('ref_axis',(2.85135413966989E-18,0.0523359562429392,-0.998629534754574));
#2184=DIRECTION('center_axis',(5.76448334558757E-18,-0.104528463267652,
0.994521895368274));
#2185=DIRECTION('ref_axis',(0.,-0.994521895368273,-0.104528463267652));
#2186=DIRECTION('',(0.,0.,-1.));
#2187=DIRECTION('center_axis',(5.76448334558757E-18,-0.104528463267652,
0.994521895368274));
#2188=DIRECTION('ref_axis',(0.,-0.994521895368273,-0.104528463267652));
#2189=DIRECTION('center_axis',(0.,0.,1.));
#2190=DIRECTION('ref_axis',(-1.,0.,0.));
#2191=DIRECTION('center_axis',(0.,-0.998629534754574,-0.0523359562429397));
#2192=DIRECTION('ref_axis',(2.85135413966987E-18,0.0523359562429397,-0.998629534754574));
#2193=DIRECTION('',(0.,0.,-1.));
#2194=DIRECTION('center_axis',(0.,-0.998629534754574,-0.0523359562429397));
#2195=DIRECTION('ref_axis',(2.85135413966987E-18,0.0523359562429397,-0.998629534754574));
#2196=DIRECTION('',(0.,-0.104528463267645,0.994521895368274));
#2197=DIRECTION('',(0.,-0.104528463267645,0.994521895368274));
#2198=DIRECTION('center_axis',(0.,0.104528463267645,-0.994521895368274));
#2199=DIRECTION('ref_axis',(5.44817434200327E-17,-0.994521895368274,-0.104528463267645));
#2200=DIRECTION('center_axis',(5.76448334558757E-18,-0.104528463267652,
0.994521895368274));
#2201=DIRECTION('ref_axis',(5.44817434200327E-17,-0.994521895368274,-0.104528463267652));
#2202=DIRECTION('center_axis',(0.,0.104528463267645,-0.994521895368274));
#2203=DIRECTION('ref_axis',(5.44817434200327E-17,-0.994521895368274,-0.104528463267645));
#2204=DIRECTION('center_axis',(0.,0.104528463267645,-0.994521895368274));
#2205=DIRECTION('ref_axis',(-4.17374931198533E-15,0.994521895368274,0.104528463267645));
#2206=DIRECTION('center_axis',(0.,0.104528463267645,-0.994521895368274));
#2207=DIRECTION('ref_axis',(7.11231996365357E-16,0.994521895368274,0.104528463267645));
#2208=DIRECTION('center_axis',(5.76448334558757E-18,-0.104528463267652,
0.994521895368274));
#2209=DIRECTION('ref_axis',(1.,5.47858393147051E-17,-3.80119868340544E-20));
#2210=DIRECTION('center_axis',(0.,0.104528463267645,-0.994521895368274));
#2211=DIRECTION('ref_axis',(5.44817434200327E-17,-0.994521895368274,-0.104528463267645));
#2212=DIRECTION('center_axis',(0.,0.994521895368274,0.104528463267645));
#2213=DIRECTION('ref_axis',(-1.,0.,0.));
#2214=DIRECTION('center_axis',(0.,-0.994521895368274,-0.104528463267645));
#2215=DIRECTION('ref_axis',(1.,0.,0.));
#2216=DIRECTION('',(1.,0.,0.));
#2217=DIRECTION('center_axis',(0.,1.,1.22464679914735E-16));
#2218=DIRECTION('ref_axis',(1.,0.,0.));
#2219=DIRECTION('center_axis',(0.,0.104528463267651,-0.994521895368274));
#2220=DIRECTION('ref_axis',(1.,0.,0.));
#2221=DIRECTION('center_axis',(0.,0.104528463267651,-0.994521895368274));
#2222=DIRECTION('ref_axis',(1.,0.,0.));
#2223=DIRECTION('',(0.,-0.104528463267651,0.994521895368274));
#2224=DIRECTION('center_axis',(0.,-0.104528463267651,0.994521895368274));
#2225=DIRECTION('ref_axis',(1.,0.,0.));
#2226=DIRECTION('center_axis',(0.,-0.104528463267651,0.994521895368274));
#2227=DIRECTION('ref_axis',(1.,0.,0.));
#2228=DIRECTION('center_axis',(0.,-0.104528463267651,0.994521895368274));
#2229=DIRECTION('ref_axis',(1.,0.,0.));
#2230=DIRECTION('center_axis',(0.,0.104528463267651,-0.994521895368274));
#2231=DIRECTION('ref_axis',(1.,0.,0.));
#2232=DIRECTION('center_axis',(0.,0.104528463267651,-0.994521895368274));
#2233=DIRECTION('ref_axis',(1.,0.,0.));
#2234=DIRECTION('',(0.,-0.104528463267651,0.994521895368274));
#2235=DIRECTION('center_axis',(0.,-0.104528463267651,0.994521895368274));
#2236=DIRECTION('ref_axis',(1.,0.,0.));
#2237=DIRECTION('center_axis',(0.,-0.104528463267651,0.994521895368274));
#2238=DIRECTION('ref_axis',(1.,0.,0.));
#2239=DIRECTION('center_axis',(0.,-0.104528463267651,0.994521895368274));
#2240=DIRECTION('ref_axis',(1.,0.,0.));
#2241=DIRECTION('center_axis',(0.,0.104528463267651,-0.994521895368274));
#2242=DIRECTION('ref_axis',(1.,0.,0.));
#2243=DIRECTION('center_axis',(0.,0.104528463267651,-0.994521895368274));
#2244=DIRECTION('ref_axis',(1.,0.,0.));
#2245=DIRECTION('',(0.,-0.104528463267651,0.994521895368274));
#2246=DIRECTION('center_axis',(0.,-0.104528463267651,0.994521895368274));
#2247=DIRECTION('ref_axis',(1.,0.,0.));
#2248=DIRECTION('center_axis',(0.,-0.104528463267651,0.994521895368274));
#2249=DIRECTION('ref_axis',(1.,0.,0.));
#2250=DIRECTION('center_axis',(0.,-0.104528463267651,0.994521895368274));
#2251=DIRECTION('ref_axis',(1.,0.,0.));
#2252=DIRECTION('center_axis',(0.,0.104528463267651,-0.994521895368274));
#2253=DIRECTION('ref_axis',(1.,0.,0.));
#2254=DIRECTION('center_axis',(0.,0.104528463267651,-0.994521895368274));
#2255=DIRECTION('ref_axis',(1.,0.,0.));
#2256=DIRECTION('',(0.,-0.104528463267651,0.994521895368274));
#2257=DIRECTION('center_axis',(0.,-0.104528463267651,0.994521895368274));
#2258=DIRECTION('ref_axis',(1.,0.,0.));
#2259=DIRECTION('center_axis',(0.,-0.104528463267651,0.994521895368274));
#2260=DIRECTION('ref_axis',(1.,0.,0.));
#2261=DIRECTION('center_axis',(0.,-0.104528463267651,0.994521895368274));
#2262=DIRECTION('ref_axis',(1.,0.,0.));
#2263=DIRECTION('center_axis',(0.,0.104528463267651,-0.994521895368274));
#2264=DIRECTION('ref_axis',(1.,0.,0.));
#2265=DIRECTION('center_axis',(0.,0.104528463267651,-0.994521895368274));
#2266=DIRECTION('ref_axis',(1.,0.,0.));
#2267=DIRECTION('',(0.,-0.104528463267651,0.994521895368274));
#2268=DIRECTION('center_axis',(0.,-0.104528463267651,0.994521895368274));
#2269=DIRECTION('ref_axis',(1.,0.,0.));
#2270=DIRECTION('center_axis',(0.,-0.104528463267651,0.994521895368274));
#2271=DIRECTION('ref_axis',(1.,0.,0.));
#2272=DIRECTION('center_axis',(0.,-0.104528463267651,0.994521895368274));
#2273=DIRECTION('ref_axis',(1.,0.,0.));
#2274=CARTESIAN_POINT('',(0.,0.,0.));
#2275=CARTESIAN_POINT('Origin',(-59.,-62.8959021646316,29.));
#2276=CARTESIAN_POINT('',(-69.1569974669694,-57.2459021646316,35.9372474697085));
#2277=CARTESIAN_POINT('',(-59.8257721517861,-68.5459021646316,29.5640038593259));
#2278=CARTESIAN_POINT('',(-69.1569974669694,-57.2459021646316,35.9372474697085));
#2279=CARTESIAN_POINT('',(-60.,-68.5459021646316,29.));
#2280=CARTESIAN_POINT('Origin',(-59.,-68.5459021646316,29.));
#2281=CARTESIAN_POINT('',(-71.3,-57.2459021646316,29.));
#2282=CARTESIAN_POINT('',(-60.,-68.5459021646316,29.));
#2283=CARTESIAN_POINT('Origin',(-59.,-57.2459021646316,29.));
#2284=CARTESIAN_POINT('Origin',(-65.65,-62.8959021646316,32.4686237348542));
#2285=CARTESIAN_POINT('',(-60.,-68.5459021646316,11.));
#2286=CARTESIAN_POINT('',(-71.3,-57.2459021646316,11.));
#2287=CARTESIAN_POINT('',(-60.,-68.5459021646316,11.));
#2288=CARTESIAN_POINT('',(-71.3,-57.2459021646316,32.4686237348542));
#2289=CARTESIAN_POINT('',(-60.,-68.5459021646316,32.4686237348542));
#2290=CARTESIAN_POINT('Origin',(-59.,-62.8959021646316,11.));
#2291=CARTESIAN_POINT('',(-59.6510638927587,-68.5459021646316,10.2409770704742));
#2292=CARTESIAN_POINT('',(-67.0080858809322,-57.2459021646316,1.66401796683318));
#2293=CARTESIAN_POINT('',(-59.6510638927587,-68.5459021646316,10.2409770704742));
#2294=CARTESIAN_POINT('Origin',(-59.,-57.2459021646316,11.));
#2295=CARTESIAN_POINT('Origin',(-59.,-68.5459021646316,11.));
#2296=CARTESIAN_POINT('Ctrl Pts',(-67.0080858809322,-57.2459021646316,1.66401796683318));
#2297=CARTESIAN_POINT('Ctrl Pts',(-64.801728008829,-57.2459021646316,-0.228520307244903));
#2298=CARTESIAN_POINT('Ctrl Pts',(-61.9068395515821,-57.2459021646316,-1.30000000000001));
#2299=CARTESIAN_POINT('Ctrl Pts',(-59.,-57.2459021646316,-1.29999999999999));
#2300=CARTESIAN_POINT('Ctrl Pts',(-64.5557452182077,-61.0125688312983,4.52300433471354));
#2301=CARTESIAN_POINT('Ctrl Pts',(-63.025047073876,-61.0125688312983,3.2100238518843));
#2302=CARTESIAN_POINT('Ctrl Pts',(-61.0166691739973,-61.0125688312983,2.46666666666666));
#2303=CARTESIAN_POINT('Ctrl Pts',(-59.,-61.0125688312983,2.46666666666667));
#2304=CARTESIAN_POINT('Ctrl Pts',(-62.1034045554832,-64.7792354979649,7.38199070259389));
#2305=CARTESIAN_POINT('Ctrl Pts',(-61.2483661389229,-64.7792354979649,6.6485680110135));
#2306=CARTESIAN_POINT('Ctrl Pts',(-60.1264987964126,-64.7792354979649,6.23333333333333));
#2307=CARTESIAN_POINT('Ctrl Pts',(-59.,-64.7792354979649,6.23333333333334));
#2308=CARTESIAN_POINT('Ctrl Pts',(-59.6510638927587,-68.5459021646316,10.2409770704742));
#2309=CARTESIAN_POINT('Ctrl Pts',(-59.4716852039698,-68.5459021646316,10.0871121701427));
#2310=CARTESIAN_POINT('Ctrl Pts',(-59.2363284188278,-68.5459021646316,10.));
#2311=CARTESIAN_POINT('Ctrl Pts',(-59.,-68.5459021646316,10.));
#2312=CARTESIAN_POINT('',(-59.,-60.2099201314648,1.66401796683318));
#2313=CARTESIAN_POINT('Ctrl Pts',(-59.,-60.2099201314648,1.66401796683317));
#2314=CARTESIAN_POINT('Ctrl Pts',(-59.0721490290637,-60.2099201314648,1.66401796683317));
#2315=CARTESIAN_POINT('Ctrl Pts',(-59.1443215010948,-60.2090837725692,1.66401796683321));
#2316=CARTESIAN_POINT('Ctrl Pts',(-59.4863153393373,-60.2011539529489,1.66401796683321));
#2317=CARTESIAN_POINT('Ctrl Pts',(-59.7549865057538,-60.1832393593073,1.6640179668374));
#2318=CARTESIAN_POINT('Ctrl Pts',(-60.4514405024106,-60.1073605317679,1.6640179668374));
#2319=CARTESIAN_POINT('Ctrl Pts',(-60.8741037878938,-60.0323670428072,1.66401796685383));
#2320=CARTESIAN_POINT('Ctrl Pts',(-61.809534985461,-59.8092498653309,1.66401796685383));
#2321=CARTESIAN_POINT('Ctrl Pts',(-62.3162425629419,-59.6490937075944,1.66401796683317));
#2322=CARTESIAN_POINT('Ctrl Pts',(-64.150525124652,-58.9556031176862,1.66401796683317));
#2323=CARTESIAN_POINT('Ctrl Pts',(-65.5314214287006,-58.2073050711999,1.66401796683317));
#2324=CARTESIAN_POINT('Ctrl Pts',(-67.0080858809322,-57.2459021646316,1.66401796683317));
#2325=CARTESIAN_POINT('',(-59.,-68.5459021646316,10.));
#2326=CARTESIAN_POINT('Ctrl Pts',(-59.6510638927587,-68.5459021646316,10.2409770704742));
#2327=CARTESIAN_POINT('Ctrl Pts',(-59.4716852039698,-68.5459021646316,10.0871121701427));
#2328=CARTESIAN_POINT('Ctrl Pts',(-59.2363284188278,-68.5459021646316,10.));
#2329=CARTESIAN_POINT('Ctrl Pts',(-59.,-68.5459021646316,10.));
#2330=CARTESIAN_POINT('',(-59.,-68.5459021646316,10.));
#2331=CARTESIAN_POINT('Origin',(-1.,-62.8959021646316,11.));
#2332=CARTESIAN_POINT('',(7.00808588093224,-57.2459021646316,1.66401796683318));
#2333=CARTESIAN_POINT('',(-0.348936107241281,-68.5459021646316,10.2409770704742));
#2334=CARTESIAN_POINT('',(7.00808588093224,-57.2459021646316,1.66401796683318));
#2335=CARTESIAN_POINT('',(0.,-68.5459021646316,11.0000000083154));
#2336=CARTESIAN_POINT('Origin',(-1.,-68.5459021646316,11.));
#2337=CARTESIAN_POINT('',(11.3,-57.2459021646316,11.0000001022796));
#2338=CARTESIAN_POINT('',(0.,-68.5459021646316,11.0000000083154));
#2339=CARTESIAN_POINT('Origin',(-1.,-57.2459021646316,11.));
#2340=CARTESIAN_POINT('Origin',(5.65,-62.8959021646316,23.4686237390119));
#2341=CARTESIAN_POINT('',(0.,-68.5459021646316,29.0000000083154));
#2342=CARTESIAN_POINT('',(11.3,-57.2459021646316,29.0000000083154));
#2343=CARTESIAN_POINT('',(0.,-68.5459021646316,29.0000000083154));
#2344=CARTESIAN_POINT('',(11.3,-57.2459021646316,23.4686237390119));
#2345=CARTESIAN_POINT('',(0.,-68.5459021646316,23.4686237390119));
#2346=CARTESIAN_POINT('Origin',(-1.,-62.8959021646316,29.));
#2347=CARTESIAN_POINT('',(-0.174227848213868,-68.5459021646316,29.5640038593259));
#2348=CARTESIAN_POINT('',(9.15699746696943,-57.2459021646316,35.9372474697085));
#2349=CARTESIAN_POINT('',(-0.174227848213868,-68.5459021646316,29.5640038593259));
#2350=CARTESIAN_POINT('Origin',(-1.,-57.2459021646316,29.));
#2351=CARTESIAN_POINT('Origin',(-1.,-68.5459021646316,29.));
#2352=CARTESIAN_POINT('Ctrl Pts',(-0.999999999999943,-57.2459021646316,
-1.3));
#2353=CARTESIAN_POINT('Ctrl Pts',(1.90683955158218,-57.2459021646316,-1.29999999999999));
#2354=CARTESIAN_POINT('Ctrl Pts',(4.80172800882904,-57.2459021646316,-0.228520307244883));
#2355=CARTESIAN_POINT('Ctrl Pts',(7.00808588093224,-57.2459021646316,1.66401796683318));
#2356=CARTESIAN_POINT('Ctrl Pts',(-0.999999999999961,-61.0125688312983,
2.46666666666666));
#2357=CARTESIAN_POINT('Ctrl Pts',(1.01666917399739,-61.0125688312983,2.46666666666667));
#2358=CARTESIAN_POINT('Ctrl Pts',(3.02504707387597,-61.0125688312983,3.21002385188431));
#2359=CARTESIAN_POINT('Ctrl Pts',(4.55574521820773,-61.0125688312983,4.52300433471354));
#2360=CARTESIAN_POINT('Ctrl Pts',(-0.999999999999979,-64.7792354979649,
6.23333333333333));
#2361=CARTESIAN_POINT('Ctrl Pts',(0.126498796412609,-64.7792354979649,6.23333333333334));
#2362=CARTESIAN_POINT('Ctrl Pts',(1.24836613892291,-64.7792354979649,6.6485680110135));
#2363=CARTESIAN_POINT('Ctrl Pts',(2.10340455548323,-64.7792354979649,7.38199070259389));
#2364=CARTESIAN_POINT('Ctrl Pts',(-0.999999999999996,-68.5459021646316,
10.));
#2365=CARTESIAN_POINT('Ctrl Pts',(-0.763671581172181,-68.5459021646316,
10.));
#2366=CARTESIAN_POINT('Ctrl Pts',(-0.528314796030159,-68.5459021646316,
10.0871121701427));
#2367=CARTESIAN_POINT('Ctrl Pts',(-0.348936107241281,-68.5459021646316,
10.2409770704742));
#2368=CARTESIAN_POINT('',(-0.999999999999957,-60.2099201314648,1.66401796683318));
#2369=CARTESIAN_POINT('Ctrl Pts',(7.00808588093224,-57.2459021646316,1.66401796683318));
#2370=CARTESIAN_POINT('Ctrl Pts',(5.19444344776521,-58.4266992672417,1.66401796683318));
#2371=CARTESIAN_POINT('Ctrl Pts',(3.63014350332148,-59.2148359909188,1.66401796683338));
#2372=CARTESIAN_POINT('Ctrl Pts',(1.61430981767461,-59.8659029362542,1.66401796683338));
#2373=CARTESIAN_POINT('Ctrl Pts',(1.03226779104675,-60.0093675953721,1.66401796683317));
#2374=CARTESIAN_POINT('Ctrl Pts',(0.132137007632632,-60.1463799547693,1.66401796683317));
#2375=CARTESIAN_POINT('Ctrl Pts',(-0.174604782695597,-60.1785758374619,
1.66401796683366));
#2376=CARTESIAN_POINT('Ctrl Pts',(-0.655567043770887,-60.2051512352203,
1.66401796683366));
#2377=CARTESIAN_POINT('Ctrl Pts',(-0.827716686256734,-60.2099201314648,
1.66401796683318));
#2378=CARTESIAN_POINT('Ctrl Pts',(-0.999999999999958,-60.2099201314648,
1.66401796683318));
#2379=CARTESIAN_POINT('',(-0.999999999999996,-68.5459021646316,10.));
#2380=CARTESIAN_POINT('',(-0.999999999999943,-57.2459021646316,-1.3));
#2381=CARTESIAN_POINT('Ctrl Pts',(-0.999999999999996,-68.5459021646316,
10.));
#2382=CARTESIAN_POINT('Ctrl Pts',(-0.763671581172181,-68.5459021646316,
10.));
#2383=CARTESIAN_POINT('Ctrl Pts',(-0.528314796030159,-68.5459021646316,
10.0871121701427));
#2384=CARTESIAN_POINT('Ctrl Pts',(-0.348936107241281,-68.5459021646316,
10.2409770704742));
#2385=CARTESIAN_POINT('Origin',(-112.5,-62.8959021646316,4.35));
#2386=CARTESIAN_POINT('',(-56.25,-60.2099201314648,1.66401796683318));
#2387=CARTESIAN_POINT('',(-112.5,-68.5459021646316,10.));
#2388=CARTESIAN_POINT('Ctrl Pts',(9.15699746696951,-57.2459021646316,35.9372474697083));
#2389=CARTESIAN_POINT('Ctrl Pts',(8.19413736313512,-57.2459021646316,37.3469950213699));
#2390=CARTESIAN_POINT('Ctrl Pts',(5.25331786905086,-57.2459021646316,40.1639373307397));
#2391=CARTESIAN_POINT('Ctrl Pts',(1.27624944501921,-57.2459021646316,41.3));
#2392=CARTESIAN_POINT('Ctrl Pts',(-0.999999999999943,-57.2459021646316,
41.3));
#2393=CARTESIAN_POINT('Ctrl Pts',(6.04658902857506,-61.0125688312983,33.8128329329142));
#2394=CARTESIAN_POINT('Ctrl Pts',(5.37858852293385,-61.0125688312983,34.7908691747174));
#2395=CARTESIAN_POINT('Ctrl Pts',(3.33834518828461,-61.0125688312983,36.7451706142802));
#2396=CARTESIAN_POINT('Ctrl Pts',(0.57918660684259,-61.0125688312983,37.5333333333333));
#2397=CARTESIAN_POINT('Ctrl Pts',(-0.999999999999961,-61.0125688312983,
37.5333333333333));
#2398=CARTESIAN_POINT('Ctrl Pts',(2.9361805901806,-64.7792354979649,31.68841839612));
#2399=CARTESIAN_POINT('Ctrl Pts',(2.56303968273258,-64.7792354979649,32.2347433280648));
#2400=CARTESIAN_POINT('Ctrl Pts',(1.42337250751835,-64.7792354979649,33.3264038978206));
#2401=CARTESIAN_POINT('Ctrl Pts',(-0.11787623133402,-64.7792354979649,33.7666666666667));
#2402=CARTESIAN_POINT('Ctrl Pts',(-0.999999999999979,-64.7792354979649,
33.7666666666667));
#2403=CARTESIAN_POINT('Ctrl Pts',(-0.17422784821386,-68.5459021646316,29.5640038593259));
#2404=CARTESIAN_POINT('Ctrl Pts',(-0.25250915746869,-68.5459021646316,29.6786174814122));
#2405=CARTESIAN_POINT('Ctrl Pts',(-0.491600173247898,-68.5459021646316,
29.9076371813609));
#2406=CARTESIAN_POINT('Ctrl Pts',(-0.814939069510635,-68.5459021646316,
30.));
#2407=CARTESIAN_POINT('Ctrl Pts',(-0.999999999999996,-68.5459021646316,
30.));
#2408=CARTESIAN_POINT('',(-0.999999999999971,-63.2385023552065,35.3073998094251));
#2409=CARTESIAN_POINT('Ctrl Pts',(-0.999999999999972,-63.2385023552065,
35.3073998094251));
#2410=CARTESIAN_POINT('Ctrl Pts',(-0.887500947033939,-63.2385023552065,
35.3073998094251));
#2411=CARTESIAN_POINT('Ctrl Pts',(-0.775014247994339,-63.2351390516138,
35.3077533068772));
#2412=CARTESIAN_POINT('Ctrl Pts',(-0.406134783702345,-63.2131144076755,
35.3100681902353));
#2413=CARTESIAN_POINT('Ctrl Pts',(-0.15264069562045,-63.1806165938038,35.3134838480929));
#2414=CARTESIAN_POINT('Ctrl Pts',(0.533387478027379,-63.0494317717166,35.3272719284968));
#2415=CARTESIAN_POINT('Ctrl Pts',(0.956045077363967,-62.9211569045207,35.3407541603344));
#2416=CARTESIAN_POINT('Ctrl Pts',(1.90124021319539,-62.5552956919492,35.3792077232951));
#2417=CARTESIAN_POINT('Ctrl Pts',(2.42319775158074,-62.293424017052,35.4067315454229));
#2418=CARTESIAN_POINT('Ctrl Pts',(3.93011915897392,-61.4325421718176,35.4972138734204));
#2419=CARTESIAN_POINT('Ctrl Pts',(5.00693603425475,-60.6673159963531,35.5776423854022));
#2420=CARTESIAN_POINT('Ctrl Pts',(7.17099146911083,-58.9613070042027,35.7569511558785));
#2421=CARTESIAN_POINT('Ctrl Pts',(8.20553474631022,-58.0811036542131,35.8494642558531));
#2422=CARTESIAN_POINT('Ctrl Pts',(9.15699746696947,-57.2459021646317,35.9372474697083));
#2423=CARTESIAN_POINT('',(-0.999999999999996,-68.5459021646316,30.));
#2424=CARTESIAN_POINT('Ctrl Pts',(-0.17422784821386,-68.5459021646316,29.5640038593259));
#2425=CARTESIAN_POINT('Ctrl Pts',(-0.25250915746869,-68.5459021646316,29.6786174814122));
#2426=CARTESIAN_POINT('Ctrl Pts',(-0.491600173247898,-68.5459021646316,
29.9076371813609));
#2427=CARTESIAN_POINT('Ctrl Pts',(-0.814939069510635,-68.5459021646316,
30.));
#2428=CARTESIAN_POINT('Ctrl Pts',(-0.999999999999996,-68.5459021646316,
30.));
#2429=CARTESIAN_POINT('',(-0.999999999999996,-68.5459021646316,30.));
#2430=CARTESIAN_POINT('Ctrl Pts',(-59.,-57.2459021646316,41.3));
#2431=CARTESIAN_POINT('Ctrl Pts',(-60.7071870837644,-57.2459021646316,41.3));
#2432=CARTESIAN_POINT('Ctrl Pts',(-64.6919139114689,-57.2459021646316,40.4601909470779));
#2433=CARTESIAN_POINT('Ctrl Pts',(-67.8731839951903,-57.2459021646316,37.8169108719238));
#2434=CARTESIAN_POINT('Ctrl Pts',(-69.1569974669695,-57.2459021646316,35.9372474697084));
#2435=CARTESIAN_POINT('Ctrl Pts',(-59.,-61.0125688312983,37.5333333333333));
#2436=CARTESIAN_POINT('Ctrl Pts',(-60.1843899551319,-61.0125688312983,37.5333333333333));
#2437=CARTESIAN_POINT('Ctrl Pts',(-62.9488616838375,-61.0125688312983,36.9507015784605));
#2438=CARTESIAN_POINT('Ctrl Pts',(-65.1559216877201,-61.0125688312983,35.1168812553184));
#2439=CARTESIAN_POINT('Ctrl Pts',(-66.0465890285751,-61.0125688312983,33.8128329329142));
#2440=CARTESIAN_POINT('Ctrl Pts',(-59.,-64.7792354979649,33.7666666666667));
#2441=CARTESIAN_POINT('Ctrl Pts',(-59.6615928264995,-64.7792354979649,33.7666666666667));
#2442=CARTESIAN_POINT('Ctrl Pts',(-61.2058094562061,-64.7792354979649,33.4412122098432));
#2443=CARTESIAN_POINT('Ctrl Pts',(-62.4386593802499,-64.7792354979649,32.416851638713));
#2444=CARTESIAN_POINT('Ctrl Pts',(-62.9361805901806,-64.7792354979649,31.68841839612));
#2445=CARTESIAN_POINT('Ctrl Pts',(-59.,-68.5459021646316,30.));
#2446=CARTESIAN_POINT('Ctrl Pts',(-59.138795697867,-68.5459021646316,30.));
#2447=CARTESIAN_POINT('Ctrl Pts',(-59.4627572285747,-68.5459021646316,29.9317228412258));
#2448=CARTESIAN_POINT('Ctrl Pts',(-59.7213970727797,-68.5459021646316,29.7168220221076));
#2449=CARTESIAN_POINT('Ctrl Pts',(-59.8257721517861,-68.5459021646316,29.5640038593259));
#2450=CARTESIAN_POINT('',(-59.,-63.2385023552065,35.3073998094251));
#2451=CARTESIAN_POINT('Ctrl Pts',(-69.1569974669695,-57.2459021646316,35.9372474697083));
#2452=CARTESIAN_POINT('Ctrl Pts',(-67.8757554923878,-58.370586487464,35.8190383840417));
#2453=CARTESIAN_POINT('Ctrl Pts',(-66.3299283962675,-59.6768847955097,35.6817408993458));
#2454=CARTESIAN_POINT('Ctrl Pts',(-63.6557158022168,-61.6155100130409,35.4779831783904));
#2455=CARTESIAN_POINT('Ctrl Pts',(-62.4568898106344,-62.3503367209631,35.4007497792015));
#2456=CARTESIAN_POINT('Ctrl Pts',(-60.9016852859369,-62.9382900303189,35.3389533962497));
#2457=CARTESIAN_POINT('Ctrl Pts',(-60.4899370008089,-63.0599220706132,35.3261693536707));
#2458=CARTESIAN_POINT('Ctrl Pts',(-59.8180481220312,-63.1847974179405,35.3130444257864));
#2459=CARTESIAN_POINT('Ctrl Pts',(-59.5673141608561,-63.2157073608892,35.3097956598707));
#2460=CARTESIAN_POINT('Ctrl Pts',(-59.2092058264818,-63.2355949067607,35.3077053945705));
#2461=CARTESIAN_POINT('Ctrl Pts',(-59.1045975734961,-63.2385023552065,35.3073998094251));
#2462=CARTESIAN_POINT('Ctrl Pts',(-59.,-63.2385023552065,35.3073998094251));
#2463=CARTESIAN_POINT('',(-59.,-68.5459021646316,30.));
#2464=CARTESIAN_POINT('',(-59.,-57.2459021646316,41.3));
#2465=CARTESIAN_POINT('Ctrl Pts',(-59.,-68.5459021646316,30.));
#2466=CARTESIAN_POINT('Ctrl Pts',(-59.138795697867,-68.5459021646316,30.));
#2467=CARTESIAN_POINT('Ctrl Pts',(-59.4627572285747,-68.5459021646316,29.9317228412258));
#2468=CARTESIAN_POINT('Ctrl Pts',(-59.7213970727797,-68.5459021646316,29.7168220221076));
#2469=CARTESIAN_POINT('Ctrl Pts',(-59.8257721517861,-68.5459021646316,29.5640038593259));
#2470=CARTESIAN_POINT('Origin',(-83.5000000000001,-62.8959021646316,35.65));
#2471=CARTESIAN_POINT('',(37.5,-63.2385023552065,35.3073998094251));
#2472=CARTESIAN_POINT('',(-83.5000000000001,-68.5459021646316,30.));
#2473=CARTESIAN_POINT('Origin',(-59.,-57.2459021646316,29.));
#2474=CARTESIAN_POINT('',(-59.,-68.6179021646316,30.));
#2475=CARTESIAN_POINT('',(-59.,-57.2459021646316,30.));
#2476=CARTESIAN_POINT('',(-60.,-68.6179021646316,29.));
#2477=CARTESIAN_POINT('Origin',(-59.,-68.6179021646316,29.));
#2478=CARTESIAN_POINT('',(-60.,-57.2459021646316,29.));
#2479=CARTESIAN_POINT('Origin',(-1.,-57.2459021646316,30.));
#2480=CARTESIAN_POINT('',(-0.999999999999996,-68.6179021646316,30.));
#2481=CARTESIAN_POINT('',(-0.999999999999996,-62.2459021646316,30.));
#2482=CARTESIAN_POINT('',(-15.5,-68.6179021646316,30.));
#2483=CARTESIAN_POINT('Origin',(-1.,-57.2459021646316,29.));
#2484=CARTESIAN_POINT('',(0.,-68.6179021646316,29.0000000083154));
#2485=CARTESIAN_POINT('',(0.,-62.2459021646316,29.0000000083154));
#2486=CARTESIAN_POINT('Origin',(-1.,-68.6179021646316,29.));
#2487=CARTESIAN_POINT('Origin',(0.,-57.2459021646316,11.0000000083154));
#2488=CARTESIAN_POINT('',(0.,-68.6179021646316,11.0000000083154));
#2489=CARTESIAN_POINT('',(0.,-62.2459021646316,11.0000000083154));
#2490=CARTESIAN_POINT('',(0.,-68.6179021646316,15.5000000041577));
#2491=CARTESIAN_POINT('Origin',(0.,-128.,1.66401796683317));
#2492=CARTESIAN_POINT('',(166.,-57.2459021646316,1.66401796683318));
#2493=CARTESIAN_POINT('',(-83.,-57.2459021646316,1.66401796683318));
#2494=CARTESIAN_POINT('',(166.,-202.6661,1.66401796683316));
#2495=CARTESIAN_POINT('',(166.,-96.,1.66401796683317));
#2496=CARTESIAN_POINT('',(-166.,-202.6661,1.66401796683316));
#2497=CARTESIAN_POINT('',(158.5,-202.6661,1.66401796683316));
#2498=CARTESIAN_POINT('',(-166.,-57.2459021646316,1.66401796683318));
#2499=CARTESIAN_POINT('',(-166.,-160.,1.66401796683316));
#2500=CARTESIAN_POINT('',(-83.,-57.2459021646316,1.66401796683318));
#2501=CARTESIAN_POINT('',(129.00017048941,-190.032672045126,1.66401796683317));
#2502=CARTESIAN_POINT('',(129.00017048941,-198.032672045126,1.66401796683317));
#2503=CARTESIAN_POINT('Origin',(129.00017048941,-194.032672045126,1.66401796683317));
#2504=CARTESIAN_POINT('',(146.00017048941,-198.032672045126,1.66401796683317));
#2505=CARTESIAN_POINT('',(64.5000852447048,-198.032672045126,1.66401796683316));
#2506=CARTESIAN_POINT('',(146.00017048941,-190.032672045126,1.66401796683317));
#2507=CARTESIAN_POINT('Origin',(146.00017048941,-194.032672045126,1.66401796683317));
#2508=CARTESIAN_POINT('',(73.0000852447048,-190.032672045126,1.66401796683316));
#2509=CARTESIAN_POINT('',(-145.997526250741,-190.025429236008,1.66401796683317));
#2510=CARTESIAN_POINT('',(-145.997526250741,-198.025429236008,1.66401796683317));
#2511=CARTESIAN_POINT('Origin',(-145.997526250741,-194.025429236008,1.66401796683317));
#2512=CARTESIAN_POINT('',(-128.997526250741,-198.025429236008,1.66401796683317));
#2513=CARTESIAN_POINT('',(-72.9987631253705,-198.025429236008,1.66401796683316));
#2514=CARTESIAN_POINT('',(-128.997526250741,-190.025429236008,1.66401796683317));
#2515=CARTESIAN_POINT('Origin',(-128.997526250741,-194.025429236008,1.66401796683317));
#2516=CARTESIAN_POINT('',(-64.4987631253706,-190.025429236008,1.66401796683316));
#2517=CARTESIAN_POINT('Origin',(-166.,-57.2459021646316,35.9372474697085));
#2518=CARTESIAN_POINT('',(166.,-57.2459021646316,35.9372474697085));
#2519=CARTESIAN_POINT('',(158.5,-57.2459021646316,35.9372474697085));
#2520=CARTESIAN_POINT('',(166.,-57.2459021646316,29.8006327182708));
#2521=CARTESIAN_POINT('Origin',(-166.,-57.2459021646316,35.9372474697085));
#2522=CARTESIAN_POINT('',(-166.,-57.2459021646316,35.9372474697085));
#2523=CARTESIAN_POINT('',(-166.,-57.2459021646316,29.8006327182708));
#2524=CARTESIAN_POINT('',(158.5,-57.2459021646316,35.9372474697085));
#2525=CARTESIAN_POINT('Origin',(-149.063,-149.502325921252,15.4661401300222));
#2526=CARTESIAN_POINT('',(-147.973728524291,-149.49690520265,13.9483923683642));
#2527=CARTESIAN_POINT('',(-150.152271475709,-149.49690520265,13.9483923683642));
#2528=CARTESIAN_POINT('Origin',(-149.063,-149.344487941718,13.9644120680158));
#2529=CARTESIAN_POINT('',(-150.152271475709,-149.474536111511,13.7355646827554));
#2530=CARTESIAN_POINT('',(-150.152271475709,-149.654743182184,15.4501204303703));
#2531=CARTESIAN_POINT('',(-147.973728524291,-149.474536111511,13.7355646827554));
#2532=CARTESIAN_POINT('Origin',(-149.063,-149.322118850579,13.7515843824073));
#2533=CARTESIAN_POINT('',(-147.973728524291,-149.654743182184,15.4501204303703));
#2534=CARTESIAN_POINT('Ctrl Pts',(-150.152271475709,-149.654743182184,15.4501204303703));
#2535=CARTESIAN_POINT('Ctrl Pts',(-150.019067907429,-148.708,15.5496271485268));
#2536=CARTESIAN_POINT('Ctrl Pts',(-149.063,-148.708,15.5496271485268));
#2537=CARTESIAN_POINT('Ctrl Pts',(-148.106932092571,-148.708,15.5496271485268));
#2538=CARTESIAN_POINT('Ctrl Pts',(-147.973728524291,-149.654743182184,15.4501204303703));
#2539=CARTESIAN_POINT('Ctrl Pts',(-150.152271475709,-149.474536111511,13.7355646827554));
#2540=CARTESIAN_POINT('Ctrl Pts',(-150.019067907429,-148.527792929327,13.8350714009119));
#2541=CARTESIAN_POINT('Ctrl Pts',(-149.063,-148.527792929327,13.8350714009119));
#2542=CARTESIAN_POINT('Ctrl Pts',(-148.106932092571,-148.527792929327,13.8350714009119));
#2543=CARTESIAN_POINT('Ctrl Pts',(-147.973728524291,-149.474536111511,13.7355646827554));
#2544=CARTESIAN_POINT('',(-147.973728524291,-149.654743182184,15.4501204303703));
#2545=CARTESIAN_POINT('',(-150.152271475709,-149.654743182184,15.4501204303703));
#2546=CARTESIAN_POINT('Origin',(-149.063,-149.808,15.4340124897345));
#2547=CARTESIAN_POINT('',(-147.973728524291,-149.654743182184,15.4501204303703));
#2548=CARTESIAN_POINT('Origin',(-149.063,-149.627792929327,13.7194567421196));
#2549=CARTESIAN_POINT('',(-150.152271475709,-149.654743182184,15.4501204303703));
#2550=CARTESIAN_POINT('Origin',(0.0320000000000498,-111.237792929327,17.7544083339689));
#2551=CARTESIAN_POINT('Origin',(-149.063,-149.502325921252,15.4661401300219));
#2552=CARTESIAN_POINT('',(-147.987828527188,-149.575607435467,13.9401204303703));
#2553=CARTESIAN_POINT('Origin',(-149.063,-149.808,18.3744347194389));
#2554=CARTESIAN_POINT('Origin',(-149.063,-149.344487941718,13.9644120680158));
#2555=CARTESIAN_POINT('Origin',(-30.,-68.6179021646316,20.));
#2556=CARTESIAN_POINT('',(-0.999999999999996,-68.6179021646316,10.));
#2557=CARTESIAN_POINT('Origin',(-1.,-68.6179021646316,11.));
#2558=CARTESIAN_POINT('',(-59.,-68.6179021646316,10.));
#2559=CARTESIAN_POINT('',(-44.5,-68.6179021646316,10.));
#2560=CARTESIAN_POINT('',(-60.,-68.6179021646316,11.));
#2561=CARTESIAN_POINT('Origin',(-59.,-68.6179021646316,11.));
#2562=CARTESIAN_POINT('',(-60.,-68.6179021646316,24.5));
#2563=CARTESIAN_POINT('',(-45.758238654776,-68.6179021646316,20.9662411881377));
#2564=CARTESIAN_POINT('',(-36.6990227804034,-68.6179021646316,20.9422001147611));
#2565=CARTESIAN_POINT('',(-36.7016974283869,-68.6179021646316,20.9422072126611));
#2566=CARTESIAN_POINT('',(-45.758238654776,-68.6179021646316,16.912222879955));
#2567=CARTESIAN_POINT('',(-45.758238654776,-68.6179021646316,21.1560016327341));
#2568=CARTESIAN_POINT('',(-36.6990227804034,-68.6179021646316,16.9446901887906));
#2569=CARTESIAN_POINT('',(-37.8711965798161,-68.6179021646316,16.9404892370435));
#2570=CARTESIAN_POINT('',(-36.6990227804034,-68.6179021646316,19.1671962675873));
#2571=CARTESIAN_POINT('',(-19.455274052936,-68.6179021646316,20.0598432170984));
#2572=CARTESIAN_POINT('',(-17.705274052936,-68.6179021646316,21.8029955863087));
#2573=CARTESIAN_POINT('Ctrl Pts',(-19.455274052936,-68.6179021646316,20.0598432170984));
#2574=CARTESIAN_POINT('Ctrl Pts',(-19.455274052936,-68.6179021646316,20.451623721563));
#2575=CARTESIAN_POINT('Ctrl Pts',(-19.3176536016891,-68.6179021646316,20.8440902220351));
#2576=CARTESIAN_POINT('Ctrl Pts',(-19.0725856449305,-68.6179021646316,21.1483680237906));
#2577=CARTESIAN_POINT('Ctrl Pts',(-18.7458283692524,-68.6179021646316,21.5540717594645));
#2578=CARTESIAN_POINT('Ctrl Pts',(-18.2280533059978,-68.6179021646316,21.8029955863087));
#2579=CARTESIAN_POINT('Ctrl Pts',(-17.705274052936,-68.6179021646316,21.8029955863087));
#2580=CARTESIAN_POINT('',(-19.455274052936,-68.6179021646316,19.3537326713869));
#2581=CARTESIAN_POINT('',(-19.455274052936,-68.6179021646316,19.6768663356935));
#2582=CARTESIAN_POINT('',(-17.705274052936,-68.6179021646316,17.6105803021766));
#2583=CARTESIAN_POINT('Ctrl Pts',(-17.705274052936,-68.6179021646316,17.6105803021766));
#2584=CARTESIAN_POINT('Ctrl Pts',(-18.0973584927323,-68.6179021646316,17.6105803021766));
#2585=CARTESIAN_POINT('Ctrl Pts',(-18.4904361803233,-68.6179021646316,17.7463974830811));
#2586=CARTESIAN_POINT('Ctrl Pts',(-18.7960031977716,-68.6179021646316,17.990024534829));
#2587=CARTESIAN_POINT('Ctrl Pts',(-19.2034258877028,-68.6179021646316,18.3148606038263));
#2588=CARTESIAN_POINT('Ctrl Pts',(-19.455274052936,-68.6179021646316,18.8313586654341));
#2589=CARTESIAN_POINT('Ctrl Pts',(-19.455274052936,-68.6179021646316,19.3537326713869));
#2590=CARTESIAN_POINT('',(-11.265274052936,-68.6179021646316,17.6105803021766));
#2591=CARTESIAN_POINT('',(-20.632637026468,-68.6179021646316,17.6105803021766));
#2592=CARTESIAN_POINT('',(-9.51527405293596,-68.6179021646316,19.3537326713869));
#2593=CARTESIAN_POINT('Ctrl Pts',(-9.51527405293596,-68.6179021646316,19.3537326713869));
#2594=CARTESIAN_POINT('Ctrl Pts',(-9.51527405293596,-68.6179021646316,18.9619521669223));
#2595=CARTESIAN_POINT('Ctrl Pts',(-9.65287915675527,-68.6179021646316,18.5694669356281));
#2596=CARTESIAN_POINT('Ctrl Pts',(-9.89794492102423,-68.6179021646316,18.2651864580409));
#2597=CARTESIAN_POINT('Ctrl Pts',(-10.2246992733828,-68.6179021646316,17.8594791545914));
#2598=CARTESIAN_POINT('Ctrl Pts',(-10.7424947998742,-68.6179021646316,17.6105803021766));
#2599=CARTESIAN_POINT('Ctrl Pts',(-11.265274052936,-68.6179021646316,17.6105803021766));
#2600=CARTESIAN_POINT('',(-9.51527405293596,-68.6179021646316,20.0598432170984));
#2601=CARTESIAN_POINT('',(-9.51527405293596,-68.6179021646316,20.0299216085492));
#2602=CARTESIAN_POINT('',(-11.265274052936,-68.6179021646316,21.8029955863087));
#2603=CARTESIAN_POINT('Ctrl Pts',(-11.265274052936,-68.6179021646316,21.8029955863087));
#2604=CARTESIAN_POINT('Ctrl Pts',(-10.8731896131396,-68.6179021646316,21.8029955863087));
#2605=CARTESIAN_POINT('Ctrl Pts',(-10.4801026885041,-68.6179021646316,21.6671862292684));
#2606=CARTESIAN_POINT('Ctrl Pts',(-10.174534351478,-68.6179021646316,21.4235602952153));
#2607=CARTESIAN_POINT('Ctrl Pts',(-9.7671099021098,-68.6179021646316,21.0987257164779));
#2608=CARTESIAN_POINT('Ctrl Pts',(-9.51527405293596,-68.6179021646316,20.5822172230512));
#2609=CARTESIAN_POINT('Ctrl Pts',(-9.51527405293596,-68.6179021646316,20.0598432170984));
#2610=CARTESIAN_POINT('',(-23.852637026468,-68.6179021646316,21.8029955863087));
#2611=CARTESIAN_POINT('Origin',(-9.51527405293596,-69.5,20.0598432170984));
#2612=CARTESIAN_POINT('',(-9.51527405293596,-69.5,19.3537326713869));
#2613=CARTESIAN_POINT('',(-9.51527405293596,-69.5,19.3537326713869));
#2614=CARTESIAN_POINT('',(-9.51527405293596,-69.5,20.0598432170984));
#2615=CARTESIAN_POINT('',(-9.51527405293596,-69.5,21.8619305919658));
#2616=CARTESIAN_POINT('',(-9.51527405293596,-69.5,20.0598432170984));
#2617=CARTESIAN_POINT('Ctrl Pts',(-9.51527405293596,-69.5,19.3537326713869));
#2618=CARTESIAN_POINT('Ctrl Pts',(-9.51527405293596,-69.5,18.9619521669223));
#2619=CARTESIAN_POINT('Ctrl Pts',(-9.83635262851435,-69.5,18.0461532939024));
#2620=CARTESIAN_POINT('Ctrl Pts',(-10.7424947998742,-69.5,17.6105803021766));
#2621=CARTESIAN_POINT('Ctrl Pts',(-11.265274052936,-69.5,17.6105803021766));
#2622=CARTESIAN_POINT('Ctrl Pts',(-9.51527405293596,-68.6179021646316,19.3537326713869));
#2623=CARTESIAN_POINT('Ctrl Pts',(-9.51527405293596,-68.6179021646316,18.9619521669223));
#2624=CARTESIAN_POINT('Ctrl Pts',(-9.83635262851435,-68.6179021646316,18.0461532939024));
#2625=CARTESIAN_POINT('Ctrl Pts',(-10.7424947998742,-68.6179021646316,17.6105803021766));
#2626=CARTESIAN_POINT('Ctrl Pts',(-11.265274052936,-68.6179021646316,17.6105803021766));
#2627=CARTESIAN_POINT('',(-11.265274052936,-69.5,17.6105803021766));
#2628=CARTESIAN_POINT('',(-11.265274052936,-69.5,17.6105803021766));
#2629=CARTESIAN_POINT('Ctrl Pts',(-11.265274052936,-69.5,17.6105803021766));
#2630=CARTESIAN_POINT('Ctrl Pts',(-10.7424947998742,-69.5,17.6105803021766));
#2631=CARTESIAN_POINT('Ctrl Pts',(-9.83635262851435,-69.5,18.0461532939024));
#2632=CARTESIAN_POINT('Ctrl Pts',(-9.51527405293596,-69.5,18.9619521669223));
#2633=CARTESIAN_POINT('Ctrl Pts',(-9.51527405293596,-69.5,19.3537326713869));
#2634=CARTESIAN_POINT('Origin',(-11.265274052936,-69.5,17.6105803021766));
#2635=CARTESIAN_POINT('',(-17.705274052936,-69.5,17.6105803021766));
#2636=CARTESIAN_POINT('',(-17.705274052936,-69.5,17.6105803021766));
#2637=CARTESIAN_POINT('',(-84.882637026468,-69.5,17.6105803021765));
#2638=CARTESIAN_POINT('Ctrl Pts',(-17.705274052936,-69.5,17.6105803021766));
#2639=CARTESIAN_POINT('Ctrl Pts',(-18.0973584927323,-69.5,17.6105803021766));
#2640=CARTESIAN_POINT('Ctrl Pts',(-19.0145397637779,-69.5000000000001,17.9274870576204));
#2641=CARTESIAN_POINT('Ctrl Pts',(-19.455274052936,-69.5,18.8313586654341));
#2642=CARTESIAN_POINT('Ctrl Pts',(-19.455274052936,-69.5,19.3537326713869));
#2643=CARTESIAN_POINT('Ctrl Pts',(-17.705274052936,-68.6179021646316,17.6105803021766));
#2644=CARTESIAN_POINT('Ctrl Pts',(-18.0973584927323,-68.6179021646316,17.6105803021766));
#2645=CARTESIAN_POINT('Ctrl Pts',(-19.0145397637779,-68.6179021646316,17.9274870576204));
#2646=CARTESIAN_POINT('Ctrl Pts',(-19.455274052936,-68.6179021646316,18.8313586654341));
#2647=CARTESIAN_POINT('Ctrl Pts',(-19.455274052936,-68.6179021646316,19.3537326713869));
#2648=CARTESIAN_POINT('',(-19.455274052936,-69.5,19.3537326713869));
#2649=CARTESIAN_POINT('',(-19.455274052936,-69.5,19.3537326713869));
#2650=CARTESIAN_POINT('Ctrl Pts',(-19.455274052936,-69.5,19.3537326713869));
#2651=CARTESIAN_POINT('Ctrl Pts',(-19.455274052936,-69.5,18.8313586654341));
#2652=CARTESIAN_POINT('Ctrl Pts',(-19.0145397637779,-69.5000000000001,17.9274870576204));
#2653=CARTESIAN_POINT('Ctrl Pts',(-18.0973584927323,-69.5,17.6105803021766));
#2654=CARTESIAN_POINT('Ctrl Pts',(-17.705274052936,-69.5,17.6105803021766));
#2655=CARTESIAN_POINT('Origin',(-36.6990227804034,-55.395767558245,18.3343925351746));
#2656=CARTESIAN_POINT('',(-36.6990227804034,-69.5,16.8519779703747));
#2657=CARTESIAN_POINT('',(-36.6990227804034,-55.395767558245,18.3343925351746));
#2658=CARTESIAN_POINT('',(-36.6990227804034,-69.5,20.8494878963452));
#2659=CARTESIAN_POINT('',(-36.6990227804034,-69.5,20.9992052510039));
#2660=CARTESIAN_POINT('',(-36.6990227804034,-55.8113320821296,22.2882248696587));
#2661=CARTESIAN_POINT('Origin',(-45.758238654776,-55.3923923917068,18.3022799706369));
#2662=CARTESIAN_POINT('',(-45.758238654776,-69.5,16.8195106615391));
#2663=CARTESIAN_POINT('',(-45.758238654776,-55.3923923917068,18.3022799706369));
#2664=CARTESIAN_POINT('',(-102.113473425838,-69.5,16.6175392285603));
#2665=CARTESIAN_POINT('Origin',(-45.758238654776,-55.813831292237,22.3120032654682));
#2666=CARTESIAN_POINT('',(-45.758238654776,-69.5,20.8735289697218));
#2667=CARTESIAN_POINT('',(-45.758238654776,-55.813831292237,22.3120032654682));
#2668=CARTESIAN_POINT('',(-45.758238654776,-69.5,22.9880106161507));
#2669=CARTESIAN_POINT('Origin',(-145.997526250741,-194.025429236008,1.66401796683317));
#2670=CARTESIAN_POINT('',(-145.997526250741,-190.025429236008,3.66401796683317));
#2671=CARTESIAN_POINT('',(-145.997526250741,-190.025429236008,1.66401796683317));
#2672=CARTESIAN_POINT('',(-145.997526250741,-198.025429236008,3.66401796683317));
#2673=CARTESIAN_POINT('Origin',(-145.997526250741,-194.025429236008,3.66401796683317));
#2674=CARTESIAN_POINT('',(-145.997526250741,-198.025429236008,1.66401796683317));
#2675=CARTESIAN_POINT('Origin',(-128.997526250741,-190.025429236008,1.66401796683317));
#2676=CARTESIAN_POINT('',(-128.997526250741,-190.025429236008,3.66401796683317));
#2677=CARTESIAN_POINT('',(-128.997526250741,-190.025429236008,1.66401796683317));
#2678=CARTESIAN_POINT('',(-149.997526250741,-190.025429236008,3.66401796683317));
#2679=CARTESIAN_POINT('Origin',(-128.997526250741,-194.025429236008,1.66401796683317));
#2680=CARTESIAN_POINT('',(-128.997526250741,-198.025429236008,3.66401796683317));
#2681=CARTESIAN_POINT('',(-128.997526250741,-198.025429236008,1.66401796683317));
#2682=CARTESIAN_POINT('Origin',(-128.997526250741,-194.025429236008,3.66401796683317));
#2683=CARTESIAN_POINT('Origin',(-145.997526250741,-198.025429236008,1.66401796683317));
#2684=CARTESIAN_POINT('',(-124.997526250741,-198.025429236008,3.66401796683317));
#2685=CARTESIAN_POINT('Origin',(-137.497526250741,-194.025429236008,3.66401796683317));
#2686=CARTESIAN_POINT('Origin',(129.00017048941,-194.032672045126,1.66401796683317));
#2687=CARTESIAN_POINT('',(129.00017048941,-190.032672045126,3.66401796683317));
#2688=CARTESIAN_POINT('',(129.00017048941,-190.032672045126,1.66401796683317));
#2689=CARTESIAN_POINT('',(129.00017048941,-198.032672045126,3.66401796683317));
#2690=CARTESIAN_POINT('Origin',(129.00017048941,-194.032672045126,3.66401796683317));
#2691=CARTESIAN_POINT('',(129.00017048941,-198.032672045126,1.66401796683317));
#2692=CARTESIAN_POINT('Origin',(146.00017048941,-190.032672045126,1.66401796683317));
#2693=CARTESIAN_POINT('',(146.00017048941,-190.032672045126,3.66401796683317));
#2694=CARTESIAN_POINT('',(146.00017048941,-190.032672045126,1.66401796683317));
#2695=CARTESIAN_POINT('',(125.00017048941,-190.032672045126,3.66401796683317));
#2696=CARTESIAN_POINT('Origin',(146.00017048941,-194.032672045126,1.66401796683317));
#2697=CARTESIAN_POINT('',(146.00017048941,-198.032672045126,3.66401796683317));
#2698=CARTESIAN_POINT('',(146.00017048941,-198.032672045126,1.66401796683317));
#2699=CARTESIAN_POINT('Origin',(146.00017048941,-194.032672045126,3.66401796683317));
#2700=CARTESIAN_POINT('Origin',(129.00017048941,-198.032672045126,1.66401796683317));
#2701=CARTESIAN_POINT('',(150.00017048941,-198.032672045126,3.66401796683317));
#2702=CARTESIAN_POINT('Origin',(137.50017048941,-194.032672045126,3.66401796683317));
#2703=CARTESIAN_POINT('Origin',(-36.6990227804034,-55.8113320821296,22.2882248696587));
#2704=CARTESIAN_POINT('',(-97.6047260579343,-69.5,21.0111176115273));
#2705=CARTESIAN_POINT('Origin',(-1.,-57.2459021646316,11.));
#2706=CARTESIAN_POINT('',(-0.999999999999996,-62.2459021646316,10.));
#2707=CARTESIAN_POINT('Origin',(-59.,-57.2459021646316,10.));
#2708=CARTESIAN_POINT('',(-59.,-57.2459021646316,10.));
#2709=CARTESIAN_POINT('Origin',(-59.,-57.2459021646316,11.));
#2710=CARTESIAN_POINT('',(-60.,-57.2459021646316,11.));
#2711=CARTESIAN_POINT('Origin',(-60.,-57.2459021646316,29.));
#2712=CARTESIAN_POINT('Origin',(-19.455274052936,-69.5,19.3537326713869));
#2713=CARTESIAN_POINT('',(-19.455274052936,-69.5,20.0598432170984));
#2714=CARTESIAN_POINT('',(-19.455274052936,-69.5,20.0598432170984));
#2715=CARTESIAN_POINT('',(-19.455274052936,-69.5,21.5088753191101));
#2716=CARTESIAN_POINT('Ctrl Pts',(-19.455274052936,-69.5,20.0598432170984));
#2717=CARTESIAN_POINT('Ctrl Pts',(-19.455274052936,-69.5,20.451623721563));
#2718=CARTESIAN_POINT('Ctrl Pts',(-19.1341596666933,-69.5,21.3673788893313));
#2719=CARTESIAN_POINT('Ctrl Pts',(-18.2280533059978,-69.5,21.8029955863087));
#2720=CARTESIAN_POINT('Ctrl Pts',(-17.705274052936,-69.5,21.8029955863087));
#2721=CARTESIAN_POINT('Ctrl Pts',(-19.455274052936,-68.6179021646316,20.0598432170984));
#2722=CARTESIAN_POINT('Ctrl Pts',(-19.455274052936,-68.6179021646316,20.451623721563));
#2723=CARTESIAN_POINT('Ctrl Pts',(-19.1341596666933,-68.6179021646316,21.3673788893313));
#2724=CARTESIAN_POINT('Ctrl Pts',(-18.2280533059978,-68.6179021646316,21.8029955863087));
#2725=CARTESIAN_POINT('Ctrl Pts',(-17.705274052936,-68.6179021646316,21.8029955863087));
#2726=CARTESIAN_POINT('',(-17.705274052936,-69.5,21.8029955863087));
#2727=CARTESIAN_POINT('',(-17.705274052936,-69.5,21.8029955863087));
#2728=CARTESIAN_POINT('Ctrl Pts',(-17.705274052936,-69.5,21.8029955863087));
#2729=CARTESIAN_POINT('Ctrl Pts',(-18.2280533059978,-69.5,21.8029955863087));
#2730=CARTESIAN_POINT('Ctrl Pts',(-19.1341596666933,-69.5,21.3673788893313));
#2731=CARTESIAN_POINT('Ctrl Pts',(-19.455274052936,-69.5,20.451623721563));
#2732=CARTESIAN_POINT('Ctrl Pts',(-19.455274052936,-69.5,20.0598432170984));
#2733=CARTESIAN_POINT('Origin',(166.,-64.,23.6640179668332));
#2734=CARTESIAN_POINT('',(166.,-202.6661,20.6529687840398));
#2735=CARTESIAN_POINT('',(166.,-133.934088663789,27.8769942738041));
#2736=CARTESIAN_POINT('',(166.,-202.6661,23.6640179668332));
#2737=CARTESIAN_POINT('Origin',(158.5,-202.6661,23.6640179668332));
#2738=CARTESIAN_POINT('',(-166.,-202.6661,20.6529687840398));
#2739=CARTESIAN_POINT('',(-3.75000000000005,-202.6661,20.6529687840398));
#2740=CARTESIAN_POINT('',(-166.,-202.6661,23.6640179668332));
#2741=CARTESIAN_POINT('Origin',(-17.705274052936,-69.5,21.8029955863087));
#2742=CARTESIAN_POINT('',(-11.265274052936,-69.5,21.8029955863087));
#2743=CARTESIAN_POINT('',(-11.265274052936,-69.5,21.8029955863087));
#2744=CARTESIAN_POINT('',(-88.102637026468,-69.5,21.8029955863086));
#2745=CARTESIAN_POINT('Ctrl Pts',(-11.265274052936,-69.5,21.8029955863087));
#2746=CARTESIAN_POINT('Ctrl Pts',(-10.8731896131396,-69.5,21.8029955863087));
#2747=CARTESIAN_POINT('Ctrl Pts',(-9.95598678899018,-69.5,21.486107086548));
#2748=CARTESIAN_POINT('Ctrl Pts',(-9.51527405293596,-69.5,20.5822172230512));
#2749=CARTESIAN_POINT('Ctrl Pts',(-9.51527405293596,-69.5,20.0598432170984));
#2750=CARTESIAN_POINT('Ctrl Pts',(-11.265274052936,-68.6179021646316,21.8029955863087));
#2751=CARTESIAN_POINT('Ctrl Pts',(-10.8731896131396,-68.6179021646316,21.8029955863087));
#2752=CARTESIAN_POINT('Ctrl Pts',(-9.95598678899018,-68.6179021646316,21.486107086548));
#2753=CARTESIAN_POINT('Ctrl Pts',(-9.51527405293596,-68.6179021646316,20.5822172230512));
#2754=CARTESIAN_POINT('Ctrl Pts',(-9.51527405293596,-68.6179021646316,20.0598432170984));
#2755=CARTESIAN_POINT('Ctrl Pts',(-9.51527405293596,-69.5,20.0598432170984));
#2756=CARTESIAN_POINT('Ctrl Pts',(-9.51527405293596,-69.5,20.5822172230512));
#2757=CARTESIAN_POINT('Ctrl Pts',(-9.95598678899018,-69.5,21.486107086548));
#2758=CARTESIAN_POINT('Ctrl Pts',(-10.8731896131396,-69.5,21.8029955863087));
#2759=CARTESIAN_POINT('Ctrl Pts',(-11.265274052936,-69.5,21.8029955863087));
#2760=CARTESIAN_POINT('Origin',(-166.,-192.,23.6640179668332));
#2761=CARTESIAN_POINT('',(-166.,-197.234811887271,21.2238201676358));
#2762=CARTESIAN_POINT('Origin',(158.5,-65.2020773275778,35.1010197635672));
#2763=CARTESIAN_POINT('',(153.,-187.702077327578,22.2257509435229));
#2764=CARTESIAN_POINT('',(-153.,-187.702077327578,22.2257509435229));
#2765=CARTESIAN_POINT('',(158.5,-187.702077327578,22.2257509435229));
#2766=CARTESIAN_POINT('',(-153.,-70.7020773275779,34.5229464696071));
#2767=CARTESIAN_POINT('',(-153.,-128.50280055106,28.4478456574));
#2768=CARTESIAN_POINT('',(153.,-70.7020773275779,34.5229464696071));
#2769=CARTESIAN_POINT('',(0.,-70.7020773275779,34.5229464696071));
#2770=CARTESIAN_POINT('',(153.,-65.2020773275779,35.1010197635683));
#2771=CARTESIAN_POINT('Origin',(0.,-128.,7.16401796683316));
#2772=CARTESIAN_POINT('',(35.037,-168.168,7.16401796683316));
#2773=CARTESIAN_POINT('Origin',(33.937,-168.168,7.16401796683316));
#2774=CARTESIAN_POINT('Origin',(153.,-64.,23.6640179668332));
#2775=CARTESIAN_POINT('',(153.,-69.5,23.085944672872));
#2776=CARTESIAN_POINT('',(153.,-69.5,7.16401796683317));
#2777=CARTESIAN_POINT('',(153.,-69.5,23.6640179668332));
#2778=CARTESIAN_POINT('',(153.,-186.5,7.16401796683316));
#2779=CARTESIAN_POINT('',(153.,-96.,7.16401796683317));
#2780=CARTESIAN_POINT('',(153.,-186.5,10.7887491467878));
#2781=CARTESIAN_POINT('',(153.,-186.5,23.6640179668332));
#2782=CARTESIAN_POINT('',(153.,-186.5,10.7887491467878));
#2783=CARTESIAN_POINT('',(153.,-69.5,23.085944672872));
#2784=CARTESIAN_POINT('Origin',(-153.,-192.,23.6640179668332));
#2785=CARTESIAN_POINT('',(-153.,-186.5,10.7887491467878));
#2786=CARTESIAN_POINT('',(-153.,-186.5,7.16401796683316));
#2787=CARTESIAN_POINT('',(-153.,-186.5,23.6640179668332));
#2788=CARTESIAN_POINT('',(-153.,-69.5,7.16401796683317));
#2789=CARTESIAN_POINT('',(-153.,-160.,7.16401796683316));
#2790=CARTESIAN_POINT('',(-153.,-69.5,23.085944672872));
#2791=CARTESIAN_POINT('',(-153.,-69.5,23.6640179668332));
#2792=CARTESIAN_POINT('',(-153.,-69.5,23.085944672872));
#2793=CARTESIAN_POINT('',(-153.,-186.5,10.7887491467878));
#2794=CARTESIAN_POINT('Origin',(158.5,-186.5,23.6640179668332));
#2795=CARTESIAN_POINT('',(158.5,-186.5,10.7887491467878));
#2796=CARTESIAN_POINT('',(79.25,-186.5,7.16401796683316));
#2797=CARTESIAN_POINT('Origin',(0.,-128.,7.16401796683316));
#2798=CARTESIAN_POINT('',(-147.963,-149.808,7.16401796683316));
#2799=CARTESIAN_POINT('Origin',(-149.063,-149.808,7.16401796683316));
#2800=CARTESIAN_POINT('Origin',(0.,-128.,7.16401796683316));
#2801=CARTESIAN_POINT('',(150.267,-73.028,7.16401796683316));
#2802=CARTESIAN_POINT('Origin',(149.167,-73.028,7.16401796683316));
#2803=CARTESIAN_POINT('Origin',(-149.063,-149.808,7.16401796683316));
#2804=CARTESIAN_POINT('',(-146.563,-149.808,13.9156949875936));
#2805=CARTESIAN_POINT('Origin',(-149.063,-149.808,13.9156949875936));
#2806=CARTESIAN_POINT('',(-146.563,-149.808,7.16401796683316));
#2807=CARTESIAN_POINT('',(-146.563,-149.808,7.16401796683316));
#2808=CARTESIAN_POINT('Origin',(-149.063,-149.808,7.16401796683316));
#2809=CARTESIAN_POINT('Origin',(0.,-128.,7.16401796683316));
#2810=CARTESIAN_POINT('',(-148.003,-73.1180000000001,7.16401796683316));
#2811=CARTESIAN_POINT('Origin',(-149.103,-73.1180000000001,7.16401796683316));
#2812=CARTESIAN_POINT('Origin',(149.167,-73.028,7.16401796683316));
#2813=CARTESIAN_POINT('',(150.265489568534,-72.9703747640261,22.4013240234399));
#2814=CARTESIAN_POINT('',(148.068510431466,-72.9703747640261,22.4013240234399));
#2815=CARTESIAN_POINT('Origin',(149.167,-73.028,22.3983040127908));
#2816=CARTESIAN_POINT('',(148.069834655554,-72.949081010233,21.9938928913596));
#2817=CARTESIAN_POINT('Origin',(149.167,-73.028,23.5039156734331));
#2818=CARTESIAN_POINT('',(150.267,-73.028,21.9855981712922));
#2819=CARTESIAN_POINT('Origin',(149.167,-73.028,21.9855981712922));
#2820=CARTESIAN_POINT('',(150.267,-73.028,7.16401796683316));
#2821=CARTESIAN_POINT('',(150.264165344446,-72.949081010233,21.9938928913596));
#2822=CARTESIAN_POINT('Origin',(149.167,-73.028,21.9855981712922));
#2823=CARTESIAN_POINT('Origin',(149.167,-73.028,23.5039156734331));
#2824=CARTESIAN_POINT('Origin',(0.,-128.,7.16401796683316));
#2825=CARTESIAN_POINT('',(-79.25,-69.5,7.16401796683317));
#2826=CARTESIAN_POINT('',(151.667,-73.028,7.16401796683316));
#2827=CARTESIAN_POINT('Origin',(149.167,-73.028,7.16401796683316));
#2828=CARTESIAN_POINT('',(36.437,-168.168,7.16401796683316));
#2829=CARTESIAN_POINT('Origin',(33.937,-168.168,7.16401796683316));
#2830=CARTESIAN_POINT('',(-146.603,-73.1180000000001,7.16401796683316));
#2831=CARTESIAN_POINT('Origin',(-149.103,-73.1180000000001,7.16401796683316));
#2832=CARTESIAN_POINT('Origin',(-149.103,-73.1180000000001,7.16401796683316));
#2833=CARTESIAN_POINT('',(-148.004497492017,-73.0606219558057,22.396594368532));
#2834=CARTESIAN_POINT('',(-150.201502507983,-73.0606219558057,22.396594368532));
#2835=CARTESIAN_POINT('Origin',(-149.103,-73.1180000000001,22.3935873126551));
#2836=CARTESIAN_POINT('',(-150.200165344446,-73.039081010233,21.9844335101857));
#2837=CARTESIAN_POINT('Origin',(-149.103,-73.1180000000001,23.4944562922592));
#2838=CARTESIAN_POINT('',(-148.003,-73.1180000000001,21.9761387901183));
#2839=CARTESIAN_POINT('Origin',(-149.103,-73.1180000000001,21.9761387901183));
#2840=CARTESIAN_POINT('',(-148.003,-73.1180000000001,7.16401796683316));
#2841=CARTESIAN_POINT('',(-148.005834655554,-73.039081010233,21.9844335101857));
#2842=CARTESIAN_POINT('Origin',(-149.103,-73.1180000000001,21.9761387901183));
#2843=CARTESIAN_POINT('Origin',(-149.103,-73.1180000000001,23.4944562922592));
#2844=CARTESIAN_POINT('Origin',(0.0320000000000498,-111.260162020466,17.9672360195777));
#2845=CARTESIAN_POINT('',(-146.603,-73.1180000000001,21.9761387901183));
#2846=CARTESIAN_POINT('Origin',(-149.103,-73.1180000000001,21.9761387901183));
#2847=CARTESIAN_POINT('',(-150.201502507983,-73.0175400646603,21.986697554797));
#2848=CARTESIAN_POINT('Origin',(-149.103,-72.9601620204659,21.9927282302531));
#2849=CARTESIAN_POINT('',(-148.004497492017,-73.0175400646603,21.986697554797));
#2850=CARTESIAN_POINT('Origin',(-149.103,-73.0746037859251,21.9806999160121));
#2851=CARTESIAN_POINT('Origin',(-149.103,-72.9601620204659,21.9927282302531));
#2852=CARTESIAN_POINT('Ctrl Pts',(-150.200165344446,-73.0821629013784,22.3943303239207));
#2853=CARTESIAN_POINT('Ctrl Pts',(-150.200939591636,-73.0713989878189,22.3954616568238));
#2854=CARTESIAN_POINT('Ctrl Pts',(-150.201502507983,-73.0606219558057,22.396594368532));
#2855=CARTESIAN_POINT('Ctrl Pts',(-150.200165344446,-73.039081010233,21.9844335101857));
#2856=CARTESIAN_POINT('Ctrl Pts',(-150.200939591636,-73.0283170966734,21.9855648430888));
#2857=CARTESIAN_POINT('Ctrl Pts',(-150.201502507983,-73.0175400646603,21.986697554797));
#2858=CARTESIAN_POINT('',(-150.201502507983,-73.1753780441945,23.4884256168031));
#2859=CARTESIAN_POINT('Origin',(0.0320000000000498,-111.260162020466,17.9672360195777));
#2860=CARTESIAN_POINT('',(151.667,-73.028,21.9855981712922));
#2861=CARTESIAN_POINT('Origin',(149.167,-73.028,21.9855981712922));
#2862=CARTESIAN_POINT('',(148.068510431466,-72.92778725644,21.9961309550679));
#2863=CARTESIAN_POINT('Origin',(149.167,-72.8701620204659,22.002187611427));
#2864=CARTESIAN_POINT('',(150.265489568534,-72.92778725644,21.9961309550679));
#2865=CARTESIAN_POINT('Origin',(149.167,-72.9850968153419,21.9901074777061));
#2866=CARTESIAN_POINT('Origin',(149.167,-72.8701620204659,22.002187611427));
#2867=CARTESIAN_POINT('Ctrl Pts',(148.069834655554,-72.9916685178192,22.3990859597316));
#2868=CARTESIAN_POINT('Ctrl Pts',(148.069069288679,-72.9810280621734,22.4002043166851));
#2869=CARTESIAN_POINT('Ctrl Pts',(148.068510431466,-72.9703747640261,22.4013240234399));
#2870=CARTESIAN_POINT('Ctrl Pts',(148.069834655554,-72.949081010233,21.9938928913596));
#2871=CARTESIAN_POINT('Ctrl Pts',(148.069069288679,-72.9384405545872,21.9950112483131));
#2872=CARTESIAN_POINT('Ctrl Pts',(148.068510431466,-72.9277872564399,21.996130955068));
#2873=CARTESIAN_POINT('',(148.068510431466,-73.0856252359741,23.497859017074));
#2874=CARTESIAN_POINT('Origin',(33.937,-168.010162020466,12.0025706682507));
#2875=CARTESIAN_POINT('',(36.437,-168.168,11.9859812281158));
#2876=CARTESIAN_POINT('Origin',(33.937,-168.168,11.9859812281158));
#2877=CARTESIAN_POINT('',(35.0179777297588,-167.806478079603,12.023978713091));
#2878=CARTESIAN_POINT('',(32.8560222702412,-167.806478079603,12.023978713091));
#2879=CARTESIAN_POINT('Origin',(33.937,-168.010162020466,12.0025706682507));
#2880=CARTESIAN_POINT('',(35.0000207073792,-167.885180312419,12.0157067750971));
#2881=CARTESIAN_POINT('Origin',(33.937,-167.603909940679,12.0452694824217));
#2882=CARTESIAN_POINT('',(35.037,-168.168,11.9859812281158));
#2883=CARTESIAN_POINT('Origin',(33.937,-168.168,11.9859812281158));
#2884=CARTESIAN_POINT('',(32.8739792926209,-167.885180312419,12.0157067750971));
#2885=CARTESIAN_POINT('Origin',(33.937,-168.168,11.9859812281158));
#2886=CARTESIAN_POINT('Origin',(33.937,-167.603909940679,12.0452694824217));
#2887=CARTESIAN_POINT('Ctrl Pts',(32.8560222702412,-167.964316059137,13.5257067750971));
#2888=CARTESIAN_POINT('Ctrl Pts',(33.0249112141649,-167.068,13.619913389049));
#2889=CARTESIAN_POINT('Ctrl Pts',(33.937,-167.068,13.619913389049));
#2890=CARTESIAN_POINT('Ctrl Pts',(34.8490887858352,-167.068,13.619913389049));
#2891=CARTESIAN_POINT('Ctrl Pts',(35.0179777297588,-167.964316059137,13.5257067750971));
#2892=CARTESIAN_POINT('Ctrl Pts',(32.8560222702412,-167.806478079603,12.023978713091));
#2893=CARTESIAN_POINT('Ctrl Pts',(33.0249112141649,-166.910162020466,12.1181853270429));
#2894=CARTESIAN_POINT('Ctrl Pts',(33.937,-166.910162020466,12.1181853270429));
#2895=CARTESIAN_POINT('Ctrl Pts',(34.8490887858352,-166.910162020466,12.1181853270429));
#2896=CARTESIAN_POINT('Ctrl Pts',(35.0179777297588,-167.806478079603,12.023978713091));
#2897=CARTESIAN_POINT('',(32.8560222702412,-167.964316059137,13.5257067750971));
#2898=CARTESIAN_POINT('',(32.8560222702412,-167.964316059137,13.5257067750971));
#2899=CARTESIAN_POINT('',(35.0179777297588,-167.964316059137,13.5257067750971));
#2900=CARTESIAN_POINT('Origin',(33.937,-168.168,13.5042987302567));
#2901=CARTESIAN_POINT('',(35.0179777297588,-167.964316059137,13.5257067750971));
#2902=CARTESIAN_POINT('Origin',(-149.103,-73.1180000000001,7.16401796683316));
#2903=CARTESIAN_POINT('',(-146.603,-73.1180000000001,7.16401796683316));
#2904=CARTESIAN_POINT('Origin',(149.167,-73.028,7.16401796683316));
#2905=CARTESIAN_POINT('',(151.667,-73.028,7.16401796683316));
#2906=CARTESIAN_POINT('Origin',(33.937,-168.168,7.16401796683316));
#2907=CARTESIAN_POINT('',(36.437,-168.168,7.16401796683316));
#2908=CARTESIAN_POINT('Origin',(-149.063,-149.808,7.16401796683316));
#2909=CARTESIAN_POINT('',(-150.138171472812,-149.575607435467,13.9401204303703));
#2910=CARTESIAN_POINT('Origin',(-149.063,-149.808,18.3744347194389));
#2911=CARTESIAN_POINT('',(-147.963,-149.808,13.9156949875936));
#2912=CARTESIAN_POINT('Origin',(-149.063,-149.808,13.9156949875936));
#2913=CARTESIAN_POINT('',(-147.963,-149.808,7.16401796683316));
#2914=CARTESIAN_POINT('Origin',(-149.063,-149.808,13.9156949875936));
#2915=CARTESIAN_POINT('Origin',(33.937,-168.168,7.16401796683316));
#2916=CARTESIAN_POINT('Origin',(33.937,-168.168,17.4122278918024));
#2917=CARTESIAN_POINT('',(35.037,-168.168,7.16401796683316));
#2918=CARTESIAN_POINT('Origin',(33.937,-168.168,17.4122278918024));
#2919=CARTESIAN_POINT('Ctrl Pts',(-148.004497492017,-73.0606219558057,22.396594368532));
#2920=CARTESIAN_POINT('Ctrl Pts',(-148.005060408364,-73.0713989878189,22.3954616568238));
#2921=CARTESIAN_POINT('Ctrl Pts',(-148.005834655554,-73.0821629013784,22.3943303239207));
#2922=CARTESIAN_POINT('Ctrl Pts',(-148.004497492017,-73.0175400646603,21.986697554797));
#2923=CARTESIAN_POINT('Ctrl Pts',(-148.005060408364,-73.0283170966734,21.9855648430888));
#2924=CARTESIAN_POINT('Ctrl Pts',(-148.005834655554,-73.039081010233,21.9844335101857));
#2925=CARTESIAN_POINT('',(-148.004497492017,-73.1753780441945,23.4884256168031));
#2926=CARTESIAN_POINT('Ctrl Pts',(150.265489568534,-72.9703747640261,22.4013240234399));
#2927=CARTESIAN_POINT('Ctrl Pts',(150.264930711321,-72.9810280621734,22.4002043166851));
#2928=CARTESIAN_POINT('Ctrl Pts',(150.264165344446,-72.9916685178192,22.3990859597316));
#2929=CARTESIAN_POINT('Ctrl Pts',(150.265489568534,-72.9277872564399,21.996130955068));
#2930=CARTESIAN_POINT('Ctrl Pts',(150.264930711321,-72.9384405545872,21.9950112483131));
#2931=CARTESIAN_POINT('Ctrl Pts',(150.264165344446,-72.949081010233,21.9938928913596));
#2932=CARTESIAN_POINT('',(150.265489568534,-73.0856252359741,23.497859017074));
#2933=CARTESIAN_POINT('Origin',(-149.063,-149.502325921252,15.4661401300219));
#2934=CARTESIAN_POINT('Origin',(-149.063,-149.344487941718,13.9644120680158));
#2935=CARTESIAN_POINT('Origin',(33.937,-167.761747920214,13.5469975444278));
#2936=CARTESIAN_POINT('Origin',(-149.103,-73.2324417654592,23.4824279780181));
#2937=CARTESIAN_POINT('Origin',(149.167,-73.142934794876,23.4918355397122));
#2938=CARTESIAN_POINT('Origin',(-380.813,143.084730172369,44.6999614072363));
#2939=CARTESIAN_POINT('Origin',(33.937,-167.761747920214,13.5469975444278));
#2940=CARTESIAN_POINT('Origin',(153.,-186.5,10.7887491467878));
#2941=CARTESIAN_POINT('Origin',(-153.,-69.5,23.085944672872));
#2942=CARTESIAN_POINT('',(0.,-69.5,23.085944672872));
#2943=CARTESIAN_POINT('Origin',(-158.5,-69.5,23.6640179668332));
#2944=CARTESIAN_POINT('Origin',(-59.379735111523,-149.775431704224,13.9191180534153));
#2945=CARTESIAN_POINT('',(-61.8797351487759,-149.09714650608,7.46566547437056));
#2946=CARTESIAN_POINT('Origin',(-59.379735111523,-149.09714650608,7.46566547437056));
#2947=CARTESIAN_POINT('',(-61.8797351487759,-149.775431704224,13.9191180534153));
#2948=CARTESIAN_POINT('',(-61.8797351487759,-149.775431704224,13.9191180534153));
#2949=CARTESIAN_POINT('Origin',(-59.379735111523,-149.775431704224,13.9191180534153));
#2950=CARTESIAN_POINT('Origin',(-59.379735111523,-149.775431704224,13.9191180534153));
#2951=CARTESIAN_POINT('Origin',(-59.379735111523,-149.09714650608,7.46566547437056));
#2952=CARTESIAN_POINT('Origin',(58.866264888477,-149.775431704224,13.9191180534153));
#2953=CARTESIAN_POINT('',(56.3662648512241,-149.09714650608,7.46566547437056));
#2954=CARTESIAN_POINT('Origin',(58.866264888477,-149.09714650608,7.46566547437056));
#2955=CARTESIAN_POINT('',(56.3662648512241,-149.775431704224,13.9191180534153));
#2956=CARTESIAN_POINT('',(56.3662648512241,-149.775431704224,13.9191180534153));
#2957=CARTESIAN_POINT('Origin',(58.866264888477,-149.775431704224,13.9191180534153));
#2958=CARTESIAN_POINT('Origin',(58.866264888477,-149.775431704224,13.9191180534153));
#2959=CARTESIAN_POINT('Origin',(58.866264888477,-149.09714650608,7.46566547437056));
#2960=CARTESIAN_POINT('Origin',(141.930264888477,-149.775431704224,13.9191180534153));
#2961=CARTESIAN_POINT('',(139.430264851224,-149.09714650608,7.46566547437056));
#2962=CARTESIAN_POINT('Origin',(141.930264888477,-149.09714650608,7.46566547437056));
#2963=CARTESIAN_POINT('',(139.430264851224,-149.775431704224,13.9191180534153));
#2964=CARTESIAN_POINT('',(139.430264851224,-149.775431704224,13.9191180534153));
#2965=CARTESIAN_POINT('Origin',(141.930264888477,-149.775431704224,13.9191180534153));
#2966=CARTESIAN_POINT('Origin',(141.930264888477,-149.775431704224,13.9191180534153));
#2967=CARTESIAN_POINT('Origin',(141.930264888477,-149.09714650608,7.46566547437056));
#2968=CARTESIAN_POINT('Origin',(98.2423975226794,-168.132543985837,11.9897078053702));
#2969=CARTESIAN_POINT('',(95.7835535744603,-167.655998721799,7.45568248438627));
#2970=CARTESIAN_POINT('Origin',(98.2423975226794,-167.655998721799,7.45568248438627));
#2971=CARTESIAN_POINT('',(95.7835535744603,-168.132543985837,11.9897078053702));
#2972=CARTESIAN_POINT('',(95.7835535744603,-168.132543985837,11.9897078053702));
#2973=CARTESIAN_POINT('Origin',(98.2423975226794,-168.132543985837,11.9897078053702));
#2974=CARTESIAN_POINT('Origin',(98.2423975226794,-168.132543985837,11.9897078053702));
#2975=CARTESIAN_POINT('Origin',(98.2423975226794,-167.655998721799,7.45568248438627));
#2976=CARTESIAN_POINT('Origin',(-110.107602477321,-168.132543985837,11.9897078053702));
#2977=CARTESIAN_POINT('',(-112.56644642554,-167.655998721799,7.45568248438627));
#2978=CARTESIAN_POINT('Origin',(-110.107602477321,-167.655998721799,7.45568248438627));
#2979=CARTESIAN_POINT('',(-112.56644642554,-168.132543985837,11.9897078053702));
#2980=CARTESIAN_POINT('',(-112.56644642554,-168.132543985837,11.9897078053702));
#2981=CARTESIAN_POINT('Origin',(-110.107602477321,-168.132543985837,11.9897078053702));
#2982=CARTESIAN_POINT('Origin',(-110.107602477321,-168.132543985837,11.9897078053702));
#2983=CARTESIAN_POINT('Origin',(-110.107602477321,-167.655998721799,7.45568248438627));
#2984=UNCERTAINTY_MEASURE_WITH_UNIT(LENGTH_MEASURE(0.01),#2988,
'DISTANCE_ACCURACY_VALUE',
'Maximum model space distance between geometric entities at asserted c
onnectivities');
#2985=UNCERTAINTY_MEASURE_WITH_UNIT(LENGTH_MEASURE(0.01),#2988,
'DISTANCE_ACCURACY_VALUE',
'Maximum model space distance between geometric entities at asserted c
onnectivities');
#2986=(
GEOMETRIC_REPRESENTATION_CONTEXT(3)
GLOBAL_UNCERTAINTY_ASSIGNED_CONTEXT((#2984))
GLOBAL_UNIT_ASSIGNED_CONTEXT((#2988,#2990,#2991))
REPRESENTATION_CONTEXT('','3D')
);
#2987=(
GEOMETRIC_REPRESENTATION_CONTEXT(3)
GLOBAL_UNCERTAINTY_ASSIGNED_CONTEXT((#2985))
GLOBAL_UNIT_ASSIGNED_CONTEXT((#2988,#2990,#2991))
REPRESENTATION_CONTEXT('','3D')
);
#2988=(
LENGTH_UNIT()
NAMED_UNIT(*)
SI_UNIT(.MILLI.,.METRE.)
);
#2989=(
LENGTH_UNIT()
NAMED_UNIT(*)
SI_UNIT($,.METRE.)
);
#2990=(
NAMED_UNIT(*)
PLANE_ANGLE_UNIT()
SI_UNIT($,.RADIAN.)
);
#2991=(
NAMED_UNIT(*)
SI_UNIT($,.STERADIAN.)
SOLID_ANGLE_UNIT()
);
#2992=SHAPE_DEFINITION_REPRESENTATION(#2993,#2994);
#2993=PRODUCT_DEFINITION_SHAPE('',$,#2996);
#2994=SHAPE_REPRESENTATION('',(#1648),#2986);
#2995=PRODUCT_DEFINITION_CONTEXT('part definition',#3000,'design');
#2996=PRODUCT_DEFINITION('2026-05-23-03-08-16-909','keyboard_base',#2997,
#2995);
#2997=PRODUCT_DEFINITION_FORMATION('',$,#3002);
#2998=PRODUCT_RELATED_PRODUCT_CATEGORY('keyboard_base','keyboard_base',
(#3002));
#2999=APPLICATION_PROTOCOL_DEFINITION('international standard',
'automotive_design',2009,#3000);
#3000=APPLICATION_CONTEXT(
'Core Data for Automotive Mechanical Design Process');
#3001=PRODUCT_CONTEXT('part definition',#3000,'mechanical');
#3002=PRODUCT('2026-05-23-03-08-16-909','keyboard_base',$,(#3001));
#3003=PRESENTATION_STYLE_ASSIGNMENT((#3004));
#3004=SURFACE_STYLE_USAGE(.BOTH.,#3005);
#3005=SURFACE_SIDE_STYLE('',(#3006));
#3006=SURFACE_STYLE_FILL_AREA(#3007);
#3007=FILL_AREA_STYLE('Steel - Satin',(#3008));
#3008=FILL_AREA_STYLE_COLOUR('Steel - Satin',#3009);
#3009=COLOUR_RGB('Steel - Satin',0.627450980392157,0.627450980392157,0.627450980392157);
ENDSEC;
END-ISO-10303-21;
