ISO-10303-21;
HEADER;
/* Generated by software containing ST-Developer
 * from STEP Tools, Inc. (www.steptools.com) 
 */

FILE_DESCRIPTION(
/* description */ (''),
/* implementation_level */ '2;1');

FILE_NAME(
/* name */ 'keyboard_base.step',
/* time_stamp */ '2026-06-02T01:47:18+05:30',
/* author */ (''),
/* organization */ (''),
/* preprocessor_version */ 'ST-DEVELOPER v20.1',
/* originating_system */ 'Autodesk Translation Framework v15.8.0.0',
/* authorisation */ '');

FILE_SCHEMA (('AUTOMOTIVE_DESIGN { 1 0 10303 214 3 1 1 }'));
ENDSEC;

DATA;
#10=MECHANICAL_DESIGN_GEOMETRIC_PRESENTATION_REPRESENTATION('',(#13),#2534);
#11=SHAPE_REPRESENTATION_RELATIONSHIP('SRR','None',#2541,#12);
#12=ADVANCED_BREP_SHAPE_REPRESENTATION('',(#14),#2533);
#13=STYLED_ITEM('',(#2550),#14);
#14=MANIFOLD_SOLID_BREP('Body9',#1334);
#15=(
BOUNDED_SURFACE()
B_SPLINE_SURFACE(1,2,((#2422,#2423,#2424),(#2425,#2426,#2427)),
 .UNSPECIFIED.,.F.,.F.,.F.)
B_SPLINE_SURFACE_WITH_KNOTS((2,2),(3,3),(0.99257386206464,1.36520732909646),
(1.49899009945779,1.51861078524651),.UNSPECIFIED.)
GEOMETRIC_REPRESENTATION_ITEM()
RATIONAL_B_SPLINE_SURFACE(((1.,0.999951878972091,1.),(1.,0.999951878972091,
1.)))
REPRESENTATION_ITEM('')
SURFACE()
);
#16=(
BOUNDED_SURFACE()
B_SPLINE_SURFACE(1,2,((#2437,#2438,#2439),(#2440,#2441,#2442)),
 .UNSPECIFIED.,.F.,.F.,.F.)
B_SPLINE_SURFACE_WITH_KNOTS((2,2),(3,3),(0.996849994212837,1.36520732909646),
(1.49899009945779,1.5183857577817),.UNSPECIFIED.)
GEOMETRIC_REPRESENTATION_ITEM()
RATIONAL_B_SPLINE_SURFACE(((1.,0.999952976423313,1.),(1.,0.999952976423313,
1.)))
REPRESENTATION_ITEM('')
SURFACE()
);
#17=(
BOUNDED_SURFACE()
B_SPLINE_SURFACE(1,2,((#2457,#2458,#2459,#2460,#2461),(#2462,#2463,#2464,
#2465,#2466)),.UNSPECIFIED.,.F.,.F.,.F.)
B_SPLINE_SURFACE_WITH_KNOTS((2,2),(3,2,3),(-8.09387909915753E-15,1.36520732909645),
(1.75703834796466,3.14159265358979,4.52614695921493),.UNSPECIFIED.)
GEOMETRIC_REPRESENTATION_ITEM()
RATIONAL_B_SPLINE_SURFACE(((1.,0.769794524196717,1.,0.769794524196717,1.),
(1.,0.769794524196717,1.,0.769794524196717,1.)))
REPRESENTATION_ITEM('')
SURFACE()
);
#18=(
BOUNDED_SURFACE()
B_SPLINE_SURFACE(1,2,((#2491,#2492,#2493),(#2494,#2495,#2496)),
 .UNSPECIFIED.,.F.,.F.,.F.)
B_SPLINE_SURFACE_WITH_KNOTS((2,2),(3,3),(0.99257386206464,1.36520732909646),
(-1.51861078524651,-1.49899009945779),.UNSPECIFIED.)
GEOMETRIC_REPRESENTATION_ITEM()
RATIONAL_B_SPLINE_SURFACE(((1.,0.999951878972091,1.),(1.,0.999951878972091,
1.)))
REPRESENTATION_ITEM('')
SURFACE()
);
#19=(
BOUNDED_SURFACE()
B_SPLINE_SURFACE(1,2,((#2498,#2499,#2500),(#2501,#2502,#2503)),
 .UNSPECIFIED.,.F.,.F.,.F.)
B_SPLINE_SURFACE_WITH_KNOTS((2,2),(3,3),(0.996849994212838,1.36520732909645),
(-1.51838575778171,-1.49899009945779),.UNSPECIFIED.)
GEOMETRIC_REPRESENTATION_ITEM()
RATIONAL_B_SPLINE_SURFACE(((1.,0.999952976423313,1.),(1.,0.999952976423313,
1.)))
REPRESENTATION_ITEM('')
SURFACE()
);
#20=ELLIPSE('',#1408,2.51377069890879,2.5);
#21=ELLIPSE('',#1413,1.10150958059771,1.1);
#22=ELLIPSE('',#1414,21.07594174962,1.09999999999999);
#23=ELLIPSE('',#1415,1.10605910751986,1.09999999999999);
#24=ELLIPSE('',#1416,1.10605910751986,1.09999999999999);
#25=ELLIPSE('',#1417,21.07594174962,1.09999999999999);
#26=ELLIPSE('',#1423,1.10150958059771,1.1);
#27=ELLIPSE('',#1424,21.07594174962,1.09999999999999);
#28=ELLIPSE('',#1425,1.10605910751986,1.09999999999999);
#29=ELLIPSE('',#1426,1.10605910751986,1.09999999999999);
#30=ELLIPSE('',#1427,21.07594174962,1.09999999999999);
#31=ELLIPSE('',#1430,1.10605910751986,1.09999999999999);
#32=ELLIPSE('',#1432,2.51377069890879,2.5);
#33=ELLIPSE('',#1433,1.10605910751986,1.09999999999999);
#34=ELLIPSE('',#1435,1.10605910751986,1.09999999999999);
#35=ELLIPSE('',#1437,2.51377069890879,2.5);
#36=ELLIPSE('',#1438,1.10605910751986,1.09999999999999);
#37=ELLIPSE('',#1440,1.10605910751986,1.09999999999999);
#38=ELLIPSE('',#1442,2.51377069890879,2.5);
#39=ELLIPSE('',#1443,1.10605910751987,1.1);
#40=ELLIPSE('',#1445,1.10605910751987,1.1);
#41=ELLIPSE('',#1446,1.10605910751987,1.1);
#42=ELLIPSE('',#1448,1.10605910751987,1.1);
#43=ELLIPSE('',#1453,21.0180548702289,1.1);
#44=ELLIPSE('',#1454,1.10605910751986,1.09999999999999);
#45=ELLIPSE('',#1455,1.10605910751986,1.09999999999999);
#46=ELLIPSE('',#1456,21.0180548702289,1.1);
#47=ELLIPSE('',#1458,21.018054870229,1.1);
#48=ELLIPSE('',#1459,21.018054870229,1.1);
#49=B_SPLINE_SURFACE_WITH_KNOTS('',3,1,((#1995,#1996),(#1997,#1998),(#1999,
#2000),(#2001,#2002),(#2003,#2004),(#2005,#2006),(#2007,#2008),(#2009,#2010),
(#2011,#2012),(#2013,#2014),(#2015,#2016),(#2017,#2018)),.UNSPECIFIED.,
 .F.,.F.,.F.,(4,2,2,2,2,4),(2,2),(0.,0.0617023565670502,0.123411005156352,
0.191579433899999,0.233271806306637,0.274967064733781),(0.,0.0999999999999996),
 .UNSPECIFIED.);
#50=B_SPLINE_SURFACE_WITH_KNOTS('',3,1,((#2039,#2040),(#2041,#2042),(#2043,
#2044),(#2045,#2046),(#2047,#2048),(#2049,#2050),(#2051,#2052),(#2053,#2054),
(#2055,#2056),(#2057,#2058),(#2059,#2060),(#2061,#2062),(#2063,#2064),(#2065,
#2066)),.UNSPECIFIED.,.F.,.F.,.F.,(4,2,2,2,2,2,4),(2,2),(0.,0.0270663169627874,
0.0541317048551397,0.122681269452546,0.190977210322329,0.232955403300367,
0.274930772895868),(0.,0.0999999999999996),.UNSPECIFIED.);
#51=B_SPLINE_SURFACE_WITH_KNOTS('',3,1,((#2090,#2091),(#2092,#2093),(#2094,
#2095),(#2096,#2097),(#2098,#2099),(#2100,#2101),(#2102,#2103),(#2104,#2105),
(#2106,#2107),(#2108,#2109),(#2110,#2111),(#2112,#2113)),.UNSPECIFIED.,
 .F.,.F.,.F.,(4,2,2,2,2,4),(2,2),(0.,0.0617023565670496,0.12341100515635,
0.191579433899999,0.233271806306639,0.274967064733778),(0.,0.0999999999999996),
 .UNSPECIFIED.);
#52=B_SPLINE_SURFACE_WITH_KNOTS('',3,1,((#2134,#2135),(#2136,#2137),(#2138,
#2139),(#2140,#2141),(#2142,#2143),(#2144,#2145),(#2146,#2147),(#2148,#2149),
(#2150,#2151),(#2152,#2153),(#2154,#2155),(#2156,#2157),(#2158,#2159),(#2160,
#2161)),.UNSPECIFIED.,.F.,.F.,.F.,(4,2,2,2,2,2,4),(2,2),(0.,0.0270663169627879,
0.0541317048551332,0.122681269452513,0.19097721032227,0.23295540330029,
0.274930772895772),(0.,0.0999999999999996),.UNSPECIFIED.);
#53=B_SPLINE_SURFACE_WITH_KNOTS('',1,3,((#2229,#2230,#2231,#2232,#2233),
(#2234,#2235,#2236,#2237,#2238)),.UNSPECIFIED.,.F.,.F.,.F.,(2,2),(4,1,4),
(0.,5.00327826829474),(-1.5707963267949,-0.897597901025656,2.22044604925031E-16),
 .UNSPECIFIED.);
#54=B_SPLINE_SURFACE_WITH_KNOTS('',1,3,((#2250,#2251,#2252,#2253,#2254),
(#2255,#2256,#2257,#2258,#2259)),.UNSPECIFIED.,.F.,.F.,.F.,(2,2),(4,1,4),
(0.,5.00327826829474),(-2.22044604925031E-16,0.673198425769242,1.5707963267949),
 .UNSPECIFIED.);
#55=B_SPLINE_SURFACE_WITH_KNOTS('',1,3,((#2298,#2299,#2300,#2301,#2302),
(#2303,#2304,#2305,#2306,#2307)),.UNSPECIFIED.,.F.,.F.,.F.,(2,2),(4,1,4),
(0.,5.00327826829474),(-1.5707963267949,-0.897597901025657,2.22044604925031E-16),
 .UNSPECIFIED.);
#56=B_SPLINE_SURFACE_WITH_KNOTS('',1,3,((#2521,#2522,#2523,#2524,#2525),
(#2526,#2527,#2528,#2529,#2530)),.UNSPECIFIED.,.F.,.F.,.F.,(2,2),(4,1,4),
(0.,5.00327826829474),(-4.35340021249416E-16,0.673198425769241,1.5707963267949),
 .UNSPECIFIED.);
#57=FACE_BOUND('',#214,.T.);
#58=FACE_BOUND('',#215,.T.);
#59=FACE_BOUND('',#238,.T.);
#60=FACE_BOUND('',#239,.T.);
#61=FACE_BOUND('',#245,.T.);
#62=FACE_BOUND('',#248,.T.);
#63=FACE_BOUND('',#260,.T.);
#64=FACE_BOUND('',#261,.T.);
#65=FACE_BOUND('',#262,.T.);
#66=FACE_BOUND('',#263,.T.);
#67=FACE_BOUND('',#267,.T.);
#68=FACE_BOUND('',#270,.T.);
#69=FACE_BOUND('',#273,.T.);
#70=FACE_BOUND('',#287,.T.);
#71=FACE_BOUND('',#292,.T.);
#72=FACE_BOUND('',#293,.T.);
#73=B_SPLINE_CURVE_WITH_KNOTS('',3,(#1901,#1902,#1903,#1904,#1905,#1906,
#1907,#1908,#1909,#1910,#1911,#1912,#1913,#1914,#1915,#1916,#1917,#1918,
#1919),.UNSPECIFIED.,.F.,.F.,(4,3,3,3,3,3,4),(0.,0.0270663169627879,0.0541317048551332,
0.122681269452513,0.19097721032227,0.23295540330029,0.274930772895772),
 .UNSPECIFIED.);
#74=B_SPLINE_CURVE_WITH_KNOTS('',3,(#1923,#1924,#1925,#1926,#1927,#1928,
#1929,#1930,#1931,#1932,#1933,#1934,#1935,#1936,#1937,#1938),
 .UNSPECIFIED.,.F.,.F.,(4,3,3,3,3,4),(0.,0.0617023565670496,0.12341100515635,
0.191579433899999,0.233271806306639,0.274967064733778),.UNSPECIFIED.);
#75=B_SPLINE_CURVE_WITH_KNOTS('',3,(#1942,#1943,#1944,#1945,#1946,#1947,
#1948,#1949,#1950,#1951,#1952,#1953,#1954,#1955,#1956,#1957,#1958,#1959,
#1960),.UNSPECIFIED.,.F.,.F.,(4,3,3,3,3,3,4),(0.,0.0270663169627874,0.0541317048551397,
0.122681269452546,0.190977210322329,0.232955403300367,0.274930772895868),
 .UNSPECIFIED.);
#76=B_SPLINE_CURVE_WITH_KNOTS('',3,(#1964,#1965,#1966,#1967,#1968,#1969,
#1970,#1971,#1972,#1973,#1974,#1975,#1976,#1977,#1978,#1979),
 .UNSPECIFIED.,.F.,.F.,(4,3,3,3,3,4),(0.,0.0617023565670502,0.123411005156352,
0.191579433899999,0.233271806306637,0.274967064733781),.UNSPECIFIED.);
#77=B_SPLINE_CURVE_WITH_KNOTS('',3,(#2021,#2022,#2023,#2024,#2025,#2026,
#2027,#2028,#2029,#2030,#2031,#2032,#2033,#2034,#2035,#2036),
 .UNSPECIFIED.,.F.,.F.,(4,3,3,3,3,4),(-0.274967064733781,-0.233271806306637,
-0.191579433899999,-0.123411005156352,-0.0617023565670502,0.),
 .UNSPECIFIED.);
#78=B_SPLINE_CURVE_WITH_KNOTS('',3,(#2069,#2070,#2071,#2072,#2073,#2074,
#2075,#2076,#2077,#2078,#2079,#2080,#2081,#2082,#2083,#2084,#2085,#2086,
#2087),.UNSPECIFIED.,.F.,.F.,(4,3,3,3,3,3,4),(-0.274930772895868,-0.232955403300367,
-0.190977210322329,-0.122681269452546,-0.0541317048551397,-0.0270663169627874,
0.),.UNSPECIFIED.);
#79=B_SPLINE_CURVE_WITH_KNOTS('',3,(#2116,#2117,#2118,#2119,#2120,#2121,
#2122,#2123,#2124,#2125,#2126,#2127,#2128,#2129,#2130,#2131),
 .UNSPECIFIED.,.F.,.F.,(4,3,3,3,3,4),(-0.274967064733778,-0.233271806306639,
-0.191579433899999,-0.12341100515635,-0.0617023565670496,0.),
 .UNSPECIFIED.);
#80=B_SPLINE_CURVE_WITH_KNOTS('',3,(#2164,#2165,#2166,#2167,#2168,#2169,
#2170,#2171,#2172,#2173,#2174,#2175,#2176,#2177,#2178,#2179,#2180,#2181,
#2182),.UNSPECIFIED.,.F.,.F.,(4,3,3,3,3,3,4),(-0.274930772895772,-0.23295540330029,
-0.19097721032227,-0.122681269452513,-0.0541317048551332,-0.0270663169627879,
0.),.UNSPECIFIED.);
#81=B_SPLINE_CURVE_WITH_KNOTS('',3,(#2241,#2242,#2243,#2244,#2245),
 .UNSPECIFIED.,.F.,.F.,(4,1,4),(-2.22044604925031E-16,0.897597901025656,
1.5707963267949),.UNSPECIFIED.);
#82=B_SPLINE_CURVE_WITH_KNOTS('',3,(#2262,#2263,#2264,#2265,#2266),
 .UNSPECIFIED.,.F.,.F.,(4,1,4),(-1.5707963267949,-0.673198425769242,2.22044604925031E-16),
 .UNSPECIFIED.);
#83=B_SPLINE_CURVE_WITH_KNOTS('',3,(#2310,#2311,#2312,#2313,#2314),
 .UNSPECIFIED.,.F.,.F.,(4,1,4),(-2.22044604925031E-16,0.897597901025657,
1.5707963267949),.UNSPECIFIED.);
#84=B_SPLINE_CURVE_WITH_KNOTS('',3,(#2516,#2517,#2518,#2519,#2520),
 .UNSPECIFIED.,.F.,.F.,(4,1,4),(-1.5707963267949,-0.673198425769241,4.35340021249416E-16),
 .UNSPECIFIED.);
#85=PLANE('',#1351);
#86=PLANE('',#1355);
#87=PLANE('',#1356);
#88=PLANE('',#1360);
#89=PLANE('',#1364);
#90=PLANE('',#1365);
#91=PLANE('',#1366);
#92=PLANE('',#1371);
#93=PLANE('',#1372);
#94=PLANE('',#1375);
#95=PLANE('',#1378);
#96=PLANE('',#1379);
#97=PLANE('',#1382);
#98=PLANE('',#1385);
#99=PLANE('',#1386);
#100=PLANE('',#1387);
#101=PLANE('',#1388);
#102=PLANE('',#1389);
#103=PLANE('',#1390);
#104=PLANE('',#1391);
#105=PLANE('',#1392);
#106=PLANE('',#1393);
#107=PLANE('',#1394);
#108=PLANE('',#1395);
#109=PLANE('',#1396);
#110=PLANE('',#1397);
#111=PLANE('',#1398);
#112=PLANE('',#1400);
#113=PLANE('',#1401);
#114=PLANE('',#1402);
#115=PLANE('',#1403);
#116=PLANE('',#1405);
#117=PLANE('',#1410);
#118=PLANE('',#1418);
#119=PLANE('',#1428);
#120=PLANE('',#1431);
#121=PLANE('',#1436);
#122=PLANE('',#1441);
#123=PLANE('',#1465);
#124=PLANE('',#1467);
#125=PLANE('',#1468);
#126=PLANE('',#1469);
#127=FACE_OUTER_BOUND('',#203,.T.);
#128=FACE_OUTER_BOUND('',#204,.T.);
#129=FACE_OUTER_BOUND('',#205,.T.);
#130=FACE_OUTER_BOUND('',#206,.T.);
#131=FACE_OUTER_BOUND('',#207,.T.);
#132=FACE_OUTER_BOUND('',#208,.T.);
#133=FACE_OUTER_BOUND('',#209,.T.);
#134=FACE_OUTER_BOUND('',#210,.T.);
#135=FACE_OUTER_BOUND('',#211,.T.);
#136=FACE_OUTER_BOUND('',#212,.T.);
#137=FACE_OUTER_BOUND('',#213,.T.);
#138=FACE_OUTER_BOUND('',#216,.T.);
#139=FACE_OUTER_BOUND('',#217,.T.);
#140=FACE_OUTER_BOUND('',#218,.T.);
#141=FACE_OUTER_BOUND('',#219,.T.);
#142=FACE_OUTER_BOUND('',#220,.T.);
#143=FACE_OUTER_BOUND('',#221,.T.);
#144=FACE_OUTER_BOUND('',#222,.T.);
#145=FACE_OUTER_BOUND('',#223,.T.);
#146=FACE_OUTER_BOUND('',#224,.T.);
#147=FACE_OUTER_BOUND('',#225,.T.);
#148=FACE_OUTER_BOUND('',#226,.T.);
#149=FACE_OUTER_BOUND('',#227,.T.);
#150=FACE_OUTER_BOUND('',#228,.T.);
#151=FACE_OUTER_BOUND('',#229,.T.);
#152=FACE_OUTER_BOUND('',#230,.T.);
#153=FACE_OUTER_BOUND('',#231,.T.);
#154=FACE_OUTER_BOUND('',#232,.T.);
#155=FACE_OUTER_BOUND('',#233,.T.);
#156=FACE_OUTER_BOUND('',#234,.T.);
#157=FACE_OUTER_BOUND('',#235,.T.);
#158=FACE_OUTER_BOUND('',#236,.T.);
#159=FACE_OUTER_BOUND('',#237,.T.);
#160=FACE_OUTER_BOUND('',#240,.T.);
#161=FACE_OUTER_BOUND('',#241,.T.);
#162=FACE_OUTER_BOUND('',#242,.T.);
#163=FACE_OUTER_BOUND('',#243,.T.);
#164=FACE_OUTER_BOUND('',#244,.T.);
#165=FACE_OUTER_BOUND('',#246,.T.);
#166=FACE_OUTER_BOUND('',#247,.T.);
#167=FACE_OUTER_BOUND('',#249,.T.);
#168=FACE_OUTER_BOUND('',#250,.T.);
#169=FACE_OUTER_BOUND('',#251,.T.);
#170=FACE_OUTER_BOUND('',#252,.T.);
#171=FACE_OUTER_BOUND('',#253,.T.);
#172=FACE_OUTER_BOUND('',#254,.T.);
#173=FACE_OUTER_BOUND('',#255,.T.);
#174=FACE_OUTER_BOUND('',#256,.T.);
#175=FACE_OUTER_BOUND('',#257,.T.);
#176=FACE_OUTER_BOUND('',#258,.T.);
#177=FACE_OUTER_BOUND('',#259,.T.);
#178=FACE_OUTER_BOUND('',#264,.T.);
#179=FACE_OUTER_BOUND('',#265,.T.);
#180=FACE_OUTER_BOUND('',#266,.T.);
#181=FACE_OUTER_BOUND('',#268,.T.);
#182=FACE_OUTER_BOUND('',#269,.T.);
#183=FACE_OUTER_BOUND('',#271,.T.);
#184=FACE_OUTER_BOUND('',#272,.T.);
#185=FACE_OUTER_BOUND('',#274,.T.);
#186=FACE_OUTER_BOUND('',#275,.T.);
#187=FACE_OUTER_BOUND('',#276,.T.);
#188=FACE_OUTER_BOUND('',#277,.T.);
#189=FACE_OUTER_BOUND('',#278,.T.);
#190=FACE_OUTER_BOUND('',#279,.T.);
#191=FACE_OUTER_BOUND('',#280,.T.);
#192=FACE_OUTER_BOUND('',#281,.T.);
#193=FACE_OUTER_BOUND('',#282,.T.);
#194=FACE_OUTER_BOUND('',#283,.T.);
#195=FACE_OUTER_BOUND('',#284,.T.);
#196=FACE_OUTER_BOUND('',#285,.T.);
#197=FACE_OUTER_BOUND('',#286,.T.);
#198=FACE_OUTER_BOUND('',#288,.T.);
#199=FACE_OUTER_BOUND('',#289,.T.);
#200=FACE_OUTER_BOUND('',#290,.T.);
#201=FACE_OUTER_BOUND('',#291,.T.);
#202=FACE_OUTER_BOUND('',#294,.T.);
#203=EDGE_LOOP('',(#865,#866,#867,#868));
#204=EDGE_LOOP('',(#869,#870,#871,#872));
#205=EDGE_LOOP('',(#873,#874,#875,#876));
#206=EDGE_LOOP('',(#877,#878,#879,#880));
#207=EDGE_LOOP('',(#881,#882,#883,#884));
#208=EDGE_LOOP('',(#885,#886,#887,#888));
#209=EDGE_LOOP('',(#889,#890,#891,#892));
#210=EDGE_LOOP('',(#893,#894,#895,#896));
#211=EDGE_LOOP('',(#897,#898,#899,#900));
#212=EDGE_LOOP('',(#901,#902,#903,#904));
#213=EDGE_LOOP('',(#905,#906,#907,#908,#909,#910,#911,#912));
#214=EDGE_LOOP('',(#913,#914,#915,#916,#917,#918,#919,#920));
#215=EDGE_LOOP('',(#921,#922,#923,#924));
#216=EDGE_LOOP('',(#925,#926,#927,#928));
#217=EDGE_LOOP('',(#929,#930,#931,#932));
#218=EDGE_LOOP('',(#933,#934,#935,#936));
#219=EDGE_LOOP('',(#937,#938,#939,#940));
#220=EDGE_LOOP('',(#941,#942,#943,#944));
#221=EDGE_LOOP('',(#945,#946,#947,#948));
#222=EDGE_LOOP('',(#949,#950,#951,#952));
#223=EDGE_LOOP('',(#953,#954,#955,#956));
#224=EDGE_LOOP('',(#957,#958,#959,#960));
#225=EDGE_LOOP('',(#961,#962,#963,#964));
#226=EDGE_LOOP('',(#965,#966,#967,#968));
#227=EDGE_LOOP('',(#969,#970,#971,#972));
#228=EDGE_LOOP('',(#973,#974,#975,#976));
#229=EDGE_LOOP('',(#977,#978,#979,#980));
#230=EDGE_LOOP('',(#981,#982,#983,#984,#985,#986));
#231=EDGE_LOOP('',(#987,#988,#989,#990));
#232=EDGE_LOOP('',(#991,#992,#993,#994,#995,#996));
#233=EDGE_LOOP('',(#997,#998,#999,#1000));
#234=EDGE_LOOP('',(#1001,#1002,#1003,#1004,#1005));
#235=EDGE_LOOP('',(#1006,#1007,#1008,#1009));
#236=EDGE_LOOP('',(#1010,#1011,#1012,#1013));
#237=EDGE_LOOP('',(#1014,#1015,#1016,#1017));
#238=EDGE_LOOP('',(#1018,#1019,#1020,#1021));
#239=EDGE_LOOP('',(#1022,#1023,#1024,#1025));
#240=EDGE_LOOP('',(#1026,#1027,#1028,#1029,#1030));
#241=EDGE_LOOP('',(#1031,#1032,#1033,#1034,#1035,#1036));
#242=EDGE_LOOP('',(#1037,#1038,#1039,#1040));
#243=EDGE_LOOP('',(#1041,#1042,#1043,#1044,#1045,#1046));
#244=EDGE_LOOP('',(#1047,#1048,#1049,#1050));
#245=EDGE_LOOP('',(#1051,#1052,#1053,#1054,#1055,#1056,#1057,#1058));
#246=EDGE_LOOP('',(#1059,#1060,#1061,#1062));
#247=EDGE_LOOP('',(#1063,#1064,#1065,#1066));
#248=EDGE_LOOP('',(#1067,#1068,#1069,#1070));
#249=EDGE_LOOP('',(#1071,#1072,#1073,#1074));
#250=EDGE_LOOP('',(#1075));
#251=EDGE_LOOP('',(#1076,#1077,#1078,#1079,#1080,#1081));
#252=EDGE_LOOP('',(#1082,#1083,#1084,#1085,#1086,#1087));
#253=EDGE_LOOP('',(#1088,#1089,#1090,#1091));
#254=EDGE_LOOP('',(#1092));
#255=EDGE_LOOP('',(#1093));
#256=EDGE_LOOP('',(#1094,#1095,#1096,#1097));
#257=EDGE_LOOP('',(#1098));
#258=EDGE_LOOP('',(#1099,#1100,#1101,#1102,#1103,#1104,#1105,#1106));
#259=EDGE_LOOP('',(#1107,#1108,#1109,#1110));
#260=EDGE_LOOP('',(#1111));
#261=EDGE_LOOP('',(#1112));
#262=EDGE_LOOP('',(#1113));
#263=EDGE_LOOP('',(#1114));
#264=EDGE_LOOP('',(#1115,#1116,#1117,#1118,#1119,#1120,#1121,#1122));
#265=EDGE_LOOP('',(#1123,#1124));
#266=EDGE_LOOP('',(#1125));
#267=EDGE_LOOP('',(#1126,#1127,#1128,#1129,#1130));
#268=EDGE_LOOP('',(#1131,#1132,#1133));
#269=EDGE_LOOP('',(#1134));
#270=EDGE_LOOP('',(#1135,#1136,#1137,#1138,#1139));
#271=EDGE_LOOP('',(#1140,#1141,#1142));
#272=EDGE_LOOP('',(#1143));
#273=EDGE_LOOP('',(#1144,#1145,#1146,#1147,#1148));
#274=EDGE_LOOP('',(#1149,#1150,#1151,#1152));
#275=EDGE_LOOP('',(#1153,#1154,#1155,#1156));
#276=EDGE_LOOP('',(#1157,#1158,#1159,#1160));
#277=EDGE_LOOP('',(#1161,#1162,#1163,#1164));
#278=EDGE_LOOP('',(#1165,#1166,#1167,#1168,#1169,#1170,#1171,#1172));
#279=EDGE_LOOP('',(#1173,#1174,#1175,#1176,#1177,#1178,#1179,#1180));
#280=EDGE_LOOP('',(#1181,#1182,#1183));
#281=EDGE_LOOP('',(#1184,#1185,#1186));
#282=EDGE_LOOP('',(#1187,#1188,#1189,#1190));
#283=EDGE_LOOP('',(#1191,#1192,#1193));
#284=EDGE_LOOP('',(#1194,#1195,#1196,#1197));
#285=EDGE_LOOP('',(#1198,#1199,#1200,#1201));
#286=EDGE_LOOP('',(#1202));
#287=EDGE_LOOP('',(#1203,#1204,#1205));
#288=EDGE_LOOP('',(#1206,#1207,#1208));
#289=EDGE_LOOP('',(#1209,#1210,#1211,#1212));
#290=EDGE_LOOP('',(#1213,#1214,#1215,#1216));
#291=EDGE_LOOP('',(#1217,#1218,#1219,#1220));
#292=EDGE_LOOP('',(#1221,#1222,#1223,#1224));
#293=EDGE_LOOP('',(#1225,#1226,#1227,#1228,#1229,#1230,#1231,#1232));
#294=EDGE_LOOP('',(#1233,#1234,#1235,#1236));
#295=LINE('',#1837,#410);
#296=LINE('',#1840,#411);
#297=LINE('',#1843,#412);
#298=LINE('',#1845,#413);
#299=LINE('',#1846,#414);
#300=LINE('',#1851,#415);
#301=LINE('',#1854,#416);
#302=LINE('',#1855,#417);
#303=LINE('',#1862,#418);
#304=LINE('',#1865,#419);
#305=LINE('',#1868,#420);
#306=LINE('',#1870,#421);
#307=LINE('',#1871,#422);
#308=LINE('',#1876,#423);
#309=LINE('',#1879,#424);
#310=LINE('',#1880,#425);
#311=LINE('',#1887,#426);
#312=LINE('',#1891,#427);
#313=LINE('',#1895,#428);
#314=LINE('',#1898,#429);
#315=LINE('',#1921,#430);
#316=LINE('',#1940,#431);
#317=LINE('',#1962,#432);
#318=LINE('',#1980,#433);
#319=LINE('',#1983,#434);
#320=LINE('',#1985,#435);
#321=LINE('',#1987,#436);
#322=LINE('',#1988,#437);
#323=LINE('',#1991,#438);
#324=LINE('',#1993,#439);
#325=LINE('',#1994,#440);
#326=LINE('',#2037,#441);
#327=LINE('',#2038,#442);
#328=LINE('',#2088,#443);
#329=LINE('',#2089,#444);
#330=LINE('',#2132,#445);
#331=LINE('',#2133,#446);
#332=LINE('',#2183,#447);
#333=LINE('',#2184,#448);
#334=LINE('',#2188,#449);
#335=LINE('',#2189,#450);
#336=LINE('',#2190,#451);
#337=LINE('',#2193,#452);
#338=LINE('',#2196,#453);
#339=LINE('',#2199,#454);
#340=LINE('',#2200,#455);
#341=LINE('',#2203,#456);
#342=LINE('',#2207,#457);
#343=LINE('',#2208,#458);
#344=LINE('',#2211,#459);
#345=LINE('',#2212,#460);
#346=LINE('',#2216,#461);
#347=LINE('',#2219,#462);
#348=LINE('',#2220,#463);
#349=LINE('',#2225,#464);
#350=LINE('',#2227,#465);
#351=LINE('',#2228,#466);
#352=LINE('',#2240,#467);
#353=LINE('',#2248,#468);
#354=LINE('',#2249,#469);
#355=LINE('',#2261,#470);
#356=LINE('',#2269,#471);
#357=LINE('',#2270,#472);
#358=LINE('',#2274,#473);
#359=LINE('',#2276,#474);
#360=LINE('',#2278,#475);
#361=LINE('',#2279,#476);
#362=LINE('',#2282,#477);
#363=LINE('',#2284,#478);
#364=LINE('',#2285,#479);
#365=LINE('',#2288,#480);
#366=LINE('',#2289,#481);
#367=LINE('',#2292,#482);
#368=LINE('',#2293,#483);
#369=LINE('',#2296,#484);
#370=LINE('',#2297,#485);
#371=LINE('',#2309,#486);
#372=LINE('',#2317,#487);
#373=LINE('',#2318,#488);
#374=LINE('',#2321,#489);
#375=LINE('',#2322,#490);
#376=LINE('',#2324,#491);
#377=LINE('',#2328,#492);
#378=LINE('',#2330,#493);
#379=LINE('',#2332,#494);
#380=LINE('',#2333,#495);
#381=LINE('',#2335,#496);
#382=LINE('',#2342,#497);
#383=LINE('',#2344,#498);
#384=LINE('',#2346,#499);
#385=LINE('',#2347,#500);
#386=LINE('',#2348,#501);
#387=LINE('',#2352,#502);
#388=LINE('',#2354,#503);
#389=LINE('',#2356,#504);
#390=LINE('',#2357,#505);
#391=LINE('',#2358,#506);
#392=LINE('',#2360,#507);
#393=LINE('',#2361,#508);
#394=LINE('',#2372,#509);
#395=LINE('',#2385,#510);
#396=LINE('',#2390,#511);
#397=LINE('',#2405,#512);
#398=LINE('',#2428,#513);
#399=LINE('',#2443,#514);
#400=LINE('',#2468,#515);
#401=LINE('',#2471,#516);
#402=LINE('',#2473,#517);
#403=LINE('',#2475,#518);
#404=LINE('',#2477,#519);
#405=LINE('',#2483,#520);
#406=LINE('',#2489,#521);
#407=LINE('',#2497,#522);
#408=LINE('',#2504,#523);
#409=LINE('',#2514,#524);
#410=VECTOR('',#1476,10.);
#411=VECTOR('',#1479,10.);
#412=VECTOR('',#1482,10.);
#413=VECTOR('',#1483,10.);
#414=VECTOR('',#1484,10.);
#415=VECTOR('',#1489,10.);
#416=VECTOR('',#1494,10.);
#417=VECTOR('',#1495,10.);
#418=VECTOR('',#1502,10.);
#419=VECTOR('',#1505,10.);
#420=VECTOR('',#1508,10.);
#421=VECTOR('',#1509,10.);
#422=VECTOR('',#1510,10.);
#423=VECTOR('',#1515,10.);
#424=VECTOR('',#1520,10.);
#425=VECTOR('',#1521,10.);
#426=VECTOR('',#1528,10.);
#427=VECTOR('',#1531,10.);
#428=VECTOR('',#1534,10.);
#429=VECTOR('',#1537,10.);
#430=VECTOR('',#1538,10.);
#431=VECTOR('',#1539,10.);
#432=VECTOR('',#1540,10.);
#433=VECTOR('',#1541,10.);
#434=VECTOR('',#1542,10.);
#435=VECTOR('',#1543,10.);
#436=VECTOR('',#1544,10.);
#437=VECTOR('',#1545,10.);
#438=VECTOR('',#1548,10.);
#439=VECTOR('',#1549,10.);
#440=VECTOR('',#1550,10.);
#441=VECTOR('',#1551,10.);
#442=VECTOR('',#1552,10.);
#443=VECTOR('',#1553,10.);
#444=VECTOR('',#1554,10.);
#445=VECTOR('',#1555,10.);
#446=VECTOR('',#1556,10.);
#447=VECTOR('',#1557,10.);
#448=VECTOR('',#1558,10.);
#449=VECTOR('',#1561,10.);
#450=VECTOR('',#1562,10.);
#451=VECTOR('',#1563,10.);
#452=VECTOR('',#1566,10.);
#453=VECTOR('',#1569,10.);
#454=VECTOR('',#1572,10.);
#455=VECTOR('',#1573,10.);
#456=VECTOR('',#1576,10.);
#457=VECTOR('',#1581,10.);
#458=VECTOR('',#1582,10.);
#459=VECTOR('',#1585,10.);
#460=VECTOR('',#1586,10.);
#461=VECTOR('',#1591,10.);
#462=VECTOR('',#1594,10.);
#463=VECTOR('',#1595,10.);
#464=VECTOR('',#1602,10.);
#465=VECTOR('',#1603,10.);
#466=VECTOR('',#1604,10.);
#467=VECTOR('',#1605,10.);
#468=VECTOR('',#1608,10.);
#469=VECTOR('',#1609,10.);
#470=VECTOR('',#1610,10.);
#471=VECTOR('',#1613,10.);
#472=VECTOR('',#1614,10.);
#473=VECTOR('',#1617,10.);
#474=VECTOR('',#1618,10.);
#475=VECTOR('',#1619,10.);
#476=VECTOR('',#1620,10.);
#477=VECTOR('',#1623,10.);
#478=VECTOR('',#1624,10.);
#479=VECTOR('',#1625,10.);
#480=VECTOR('',#1628,10.);
#481=VECTOR('',#1629,10.);
#482=VECTOR('',#1632,10.);
#483=VECTOR('',#1633,10.);
#484=VECTOR('',#1636,10.);
#485=VECTOR('',#1637,10.);
#486=VECTOR('',#1638,10.);
#487=VECTOR('',#1641,10.);
#488=VECTOR('',#1642,10.);
#489=VECTOR('',#1645,10.);
#490=VECTOR('',#1646,10.);
#491=VECTOR('',#1649,10.);
#492=VECTOR('',#1652,10.);
#493=VECTOR('',#1653,10.);
#494=VECTOR('',#1654,10.);
#495=VECTOR('',#1655,10.);
#496=VECTOR('',#1658,10.);
#497=VECTOR('',#1665,10.);
#498=VECTOR('',#1666,10.);
#499=VECTOR('',#1667,10.);
#500=VECTOR('',#1668,10.);
#501=VECTOR('',#1669,10.);
#502=VECTOR('',#1672,10.);
#503=VECTOR('',#1673,10.);
#504=VECTOR('',#1674,10.);
#505=VECTOR('',#1675,10.);
#506=VECTOR('',#1676,10.);
#507=VECTOR('',#1679,10.);
#508=VECTOR('',#1680,10.);
#509=VECTOR('',#1693,2.5);
#510=VECTOR('',#1708,1.09999999999999);
#511=VECTOR('',#1715,10.);
#512=VECTOR('',#1730,1.09999999999999);
#513=VECTOR('',#1751,10.);
#514=VECTOR('',#1762,10.);
#515=VECTOR('',#1777,10.);
#516=VECTOR('',#1780,10.);
#517=VECTOR('',#1783,2.5);
#518=VECTOR('',#1786,2.5);
#519=VECTOR('',#1789,2.5);
#520=VECTOR('',#1796,1.09999999999999);
#521=VECTOR('',#1805,1.1);
#522=VECTOR('',#1808,10.);
#523=VECTOR('',#1809,10.);
#524=VECTOR('',#1828,10.);
#525=CIRCLE('',#1349,4.);
#526=CIRCLE('',#1350,4.);
#527=CIRCLE('',#1353,4.);
#528=CIRCLE('',#1354,4.);
#529=CIRCLE('',#1358,4.);
#530=CIRCLE('',#1359,4.);
#531=CIRCLE('',#1362,4.);
#532=CIRCLE('',#1363,4.);
#533=CIRCLE('',#1367,0.999999999999996);
#534=CIRCLE('',#1368,1.);
#535=CIRCLE('',#1369,1.);
#536=CIRCLE('',#1370,0.999999999999996);
#537=CIRCLE('',#1374,1.);
#538=CIRCLE('',#1377,1.);
#539=CIRCLE('',#1381,0.999999999999996);
#540=CIRCLE('',#1384,0.999999999999996);
#541=CIRCLE('',#1399,1.1);
#542=CIRCLE('',#1404,1.09999999999999);
#543=CIRCLE('',#1406,1.09999999999999);
#544=CIRCLE('',#1409,2.5);
#545=CIRCLE('',#1411,1.09999999999999);
#546=CIRCLE('',#1419,2.5);
#547=CIRCLE('',#1420,2.5);
#548=CIRCLE('',#1421,2.5);
#549=CIRCLE('',#1429,1.1);
#550=CIRCLE('',#1434,1.1);
#551=CIRCLE('',#1439,1.1);
#552=CIRCLE('',#1444,1.1);
#553=CIRCLE('',#1447,1.1);
#554=CIRCLE('',#1461,1.1);
#555=VERTEX_POINT('',#1833);
#556=VERTEX_POINT('',#1834);
#557=VERTEX_POINT('',#1836);
#558=VERTEX_POINT('',#1838);
#559=VERTEX_POINT('',#1842);
#560=VERTEX_POINT('',#1844);
#561=VERTEX_POINT('',#1848);
#562=VERTEX_POINT('',#1850);
#563=VERTEX_POINT('',#1858);
#564=VERTEX_POINT('',#1859);
#565=VERTEX_POINT('',#1861);
#566=VERTEX_POINT('',#1863);
#567=VERTEX_POINT('',#1867);
#568=VERTEX_POINT('',#1869);
#569=VERTEX_POINT('',#1873);
#570=VERTEX_POINT('',#1875);
#571=VERTEX_POINT('',#1883);
#572=VERTEX_POINT('',#1884);
#573=VERTEX_POINT('',#1886);
#574=VERTEX_POINT('',#1888);
#575=VERTEX_POINT('',#1890);
#576=VERTEX_POINT('',#1892);
#577=VERTEX_POINT('',#1894);
#578=VERTEX_POINT('',#1896);
#579=VERTEX_POINT('',#1899);
#580=VERTEX_POINT('',#1900);
#581=VERTEX_POINT('',#1920);
#582=VERTEX_POINT('',#1922);
#583=VERTEX_POINT('',#1939);
#584=VERTEX_POINT('',#1941);
#585=VERTEX_POINT('',#1961);
#586=VERTEX_POINT('',#1963);
#587=VERTEX_POINT('',#1981);
#588=VERTEX_POINT('',#1982);
#589=VERTEX_POINT('',#1984);
#590=VERTEX_POINT('',#1986);
#591=VERTEX_POINT('',#1990);
#592=VERTEX_POINT('',#1992);
#593=VERTEX_POINT('',#2019);
#594=VERTEX_POINT('',#2020);
#595=VERTEX_POINT('',#2067);
#596=VERTEX_POINT('',#2068);
#597=VERTEX_POINT('',#2114);
#598=VERTEX_POINT('',#2115);
#599=VERTEX_POINT('',#2162);
#600=VERTEX_POINT('',#2163);
#601=VERTEX_POINT('',#2186);
#602=VERTEX_POINT('',#2187);
#603=VERTEX_POINT('',#2192);
#604=VERTEX_POINT('',#2194);
#605=VERTEX_POINT('',#2198);
#606=VERTEX_POINT('',#2202);
#607=VERTEX_POINT('',#2206);
#608=VERTEX_POINT('',#2210);
#609=VERTEX_POINT('',#2214);
#610=VERTEX_POINT('',#2218);
#611=VERTEX_POINT('',#2224);
#612=VERTEX_POINT('',#2226);
#613=VERTEX_POINT('',#2239);
#614=VERTEX_POINT('',#2247);
#615=VERTEX_POINT('',#2260);
#616=VERTEX_POINT('',#2268);
#617=VERTEX_POINT('',#2272);
#618=VERTEX_POINT('',#2273);
#619=VERTEX_POINT('',#2275);
#620=VERTEX_POINT('',#2277);
#621=VERTEX_POINT('',#2281);
#622=VERTEX_POINT('',#2283);
#623=VERTEX_POINT('',#2287);
#624=VERTEX_POINT('',#2291);
#625=VERTEX_POINT('',#2295);
#626=VERTEX_POINT('',#2308);
#627=VERTEX_POINT('',#2316);
#628=VERTEX_POINT('',#2320);
#629=VERTEX_POINT('',#2326);
#630=VERTEX_POINT('',#2327);
#631=VERTEX_POINT('',#2329);
#632=VERTEX_POINT('',#2331);
#633=VERTEX_POINT('',#2337);
#634=VERTEX_POINT('',#2340);
#635=VERTEX_POINT('',#2341);
#636=VERTEX_POINT('',#2343);
#637=VERTEX_POINT('',#2345);
#638=VERTEX_POINT('',#2350);
#639=VERTEX_POINT('',#2351);
#640=VERTEX_POINT('',#2353);
#641=VERTEX_POINT('',#2355);
#642=VERTEX_POINT('',#2363);
#643=VERTEX_POINT('',#2366);
#644=VERTEX_POINT('',#2369);
#645=VERTEX_POINT('',#2371);
#646=VERTEX_POINT('',#2375);
#647=VERTEX_POINT('',#2378);
#648=VERTEX_POINT('',#2379);
#649=VERTEX_POINT('',#2381);
#650=VERTEX_POINT('',#2383);
#651=VERTEX_POINT('',#2386);
#652=VERTEX_POINT('',#2391);
#653=VERTEX_POINT('',#2393);
#654=VERTEX_POINT('',#2395);
#655=VERTEX_POINT('',#2398);
#656=VERTEX_POINT('',#2399);
#657=VERTEX_POINT('',#2401);
#658=VERTEX_POINT('',#2403);
#659=VERTEX_POINT('',#2406);
#660=VERTEX_POINT('',#2410);
#661=VERTEX_POINT('',#2411);
#662=VERTEX_POINT('',#2415);
#663=VERTEX_POINT('',#2417);
#664=VERTEX_POINT('',#2419);
#665=VERTEX_POINT('',#2430);
#666=VERTEX_POINT('',#2432);
#667=VERTEX_POINT('',#2434);
#668=VERTEX_POINT('',#2445);
#669=VERTEX_POINT('',#2447);
#670=VERTEX_POINT('',#2448);
#671=VERTEX_POINT('',#2450);
#672=VERTEX_POINT('',#2452);
#673=VERTEX_POINT('',#2454);
#674=VERTEX_POINT('',#2467);
#675=VERTEX_POINT('',#2469);
#676=VERTEX_POINT('',#2479);
#677=VERTEX_POINT('',#2481);
#678=VERTEX_POINT('',#2484);
#679=EDGE_CURVE('',#555,#556,#525,.T.);
#680=EDGE_CURVE('',#555,#557,#295,.T.);
#681=EDGE_CURVE('',#557,#558,#526,.T.);
#682=EDGE_CURVE('',#556,#558,#296,.T.);
#683=EDGE_CURVE('',#559,#555,#297,.T.);
#684=EDGE_CURVE('',#559,#560,#298,.T.);
#685=EDGE_CURVE('',#560,#557,#299,.T.);
#686=EDGE_CURVE('',#561,#559,#527,.T.);
#687=EDGE_CURVE('',#561,#562,#300,.T.);
#688=EDGE_CURVE('',#562,#560,#528,.T.);
#689=EDGE_CURVE('',#556,#561,#301,.T.);
#690=EDGE_CURVE('',#558,#562,#302,.T.);
#691=EDGE_CURVE('',#563,#564,#529,.T.);
#692=EDGE_CURVE('',#563,#565,#303,.T.);
#693=EDGE_CURVE('',#565,#566,#530,.T.);
#694=EDGE_CURVE('',#564,#566,#304,.T.);
#695=EDGE_CURVE('',#567,#563,#305,.T.);
#696=EDGE_CURVE('',#567,#568,#306,.T.);
#697=EDGE_CURVE('',#568,#565,#307,.T.);
#698=EDGE_CURVE('',#569,#567,#531,.T.);
#699=EDGE_CURVE('',#569,#570,#308,.T.);
#700=EDGE_CURVE('',#570,#568,#532,.T.);
#701=EDGE_CURVE('',#564,#569,#309,.T.);
#702=EDGE_CURVE('',#566,#570,#310,.T.);
#703=EDGE_CURVE('',#571,#572,#533,.T.);
#704=EDGE_CURVE('',#573,#571,#311,.T.);
#705=EDGE_CURVE('',#574,#573,#534,.T.);
#706=EDGE_CURVE('',#575,#574,#312,.T.);
#707=EDGE_CURVE('',#576,#575,#535,.T.);
#708=EDGE_CURVE('',#577,#576,#313,.T.);
#709=EDGE_CURVE('',#578,#577,#536,.T.);
#710=EDGE_CURVE('',#572,#578,#314,.T.);
#711=EDGE_CURVE('',#579,#580,#73,.T.);
#712=EDGE_CURVE('',#580,#581,#315,.T.);
#713=EDGE_CURVE('',#581,#582,#74,.T.);
#714=EDGE_CURVE('',#582,#583,#316,.T.);
#715=EDGE_CURVE('',#583,#584,#75,.T.);
#716=EDGE_CURVE('',#584,#585,#317,.T.);
#717=EDGE_CURVE('',#585,#586,#76,.T.);
#718=EDGE_CURVE('',#586,#579,#318,.T.);
#719=EDGE_CURVE('',#587,#588,#319,.T.);
#720=EDGE_CURVE('',#587,#589,#320,.T.);
#721=EDGE_CURVE('',#589,#590,#321,.T.);
#722=EDGE_CURVE('',#590,#588,#322,.T.);
#723=EDGE_CURVE('',#588,#591,#323,.T.);
#724=EDGE_CURVE('',#592,#591,#324,.T.);
#725=EDGE_CURVE('',#587,#592,#325,.T.);
#726=EDGE_CURVE('',#593,#594,#77,.T.);
#727=EDGE_CURVE('',#593,#586,#326,.T.);
#728=EDGE_CURVE('',#594,#585,#327,.T.);
#729=EDGE_CURVE('',#595,#596,#78,.T.);
#730=EDGE_CURVE('',#595,#584,#328,.T.);
#731=EDGE_CURVE('',#596,#583,#329,.T.);
#732=EDGE_CURVE('',#597,#598,#79,.T.);
#733=EDGE_CURVE('',#597,#582,#330,.T.);
#734=EDGE_CURVE('',#598,#581,#331,.T.);
#735=EDGE_CURVE('',#599,#600,#80,.T.);
#736=EDGE_CURVE('',#599,#580,#332,.T.);
#737=EDGE_CURVE('',#600,#579,#333,.T.);
#738=EDGE_CURVE('',#601,#602,#334,.T.);
#739=EDGE_CURVE('',#601,#590,#335,.T.);
#740=EDGE_CURVE('',#602,#589,#336,.T.);
#741=EDGE_CURVE('',#603,#575,#337,.T.);
#742=EDGE_CURVE('',#604,#603,#537,.T.);
#743=EDGE_CURVE('',#604,#576,#338,.T.);
#744=EDGE_CURVE('',#605,#574,#339,.T.);
#745=EDGE_CURVE('',#603,#605,#340,.T.);
#746=EDGE_CURVE('',#606,#573,#341,.T.);
#747=EDGE_CURVE('',#605,#606,#538,.T.);
#748=EDGE_CURVE('',#607,#571,#342,.T.);
#749=EDGE_CURVE('',#606,#607,#343,.T.);
#750=EDGE_CURVE('',#608,#604,#344,.T.);
#751=EDGE_CURVE('',#608,#577,#345,.T.);
#752=EDGE_CURVE('',#609,#608,#539,.T.);
#753=EDGE_CURVE('',#609,#578,#346,.T.);
#754=EDGE_CURVE('',#610,#609,#347,.T.);
#755=EDGE_CURVE('',#610,#572,#348,.T.);
#756=EDGE_CURVE('',#607,#610,#540,.T.);
#757=EDGE_CURVE('',#611,#597,#349,.T.);
#758=EDGE_CURVE('',#612,#611,#350,.F.);
#759=EDGE_CURVE('',#612,#596,#351,.T.);
#760=EDGE_CURVE('',#613,#598,#352,.T.);
#761=EDGE_CURVE('',#611,#613,#81,.F.);
#762=EDGE_CURVE('',#614,#599,#353,.T.);
#763=EDGE_CURVE('',#613,#614,#354,.F.);
#764=EDGE_CURVE('',#615,#600,#355,.T.);
#765=EDGE_CURVE('',#614,#615,#82,.F.);
#766=EDGE_CURVE('',#616,#592,#356,.T.);
#767=EDGE_CURVE('',#602,#616,#357,.T.);
#768=EDGE_CURVE('',#617,#618,#358,.T.);
#769=EDGE_CURVE('',#619,#618,#359,.T.);
#770=EDGE_CURVE('',#620,#619,#360,.T.);
#771=EDGE_CURVE('',#620,#617,#361,.T.);
#772=EDGE_CURVE('',#618,#621,#362,.T.);
#773=EDGE_CURVE('',#621,#622,#363,.T.);
#774=EDGE_CURVE('',#622,#619,#364,.T.);
#775=EDGE_CURVE('',#623,#620,#365,.T.);
#776=EDGE_CURVE('',#622,#623,#366,.T.);
#777=EDGE_CURVE('',#601,#624,#367,.T.);
#778=EDGE_CURVE('',#591,#624,#368,.T.);
#779=EDGE_CURVE('',#625,#593,#369,.T.);
#780=EDGE_CURVE('',#615,#625,#370,.F.);
#781=EDGE_CURVE('',#626,#594,#371,.T.);
#782=EDGE_CURVE('',#625,#626,#83,.F.);
#783=EDGE_CURVE('',#627,#595,#372,.T.);
#784=EDGE_CURVE('',#626,#627,#373,.F.);
#785=EDGE_CURVE('',#628,#623,#374,.T.);
#786=EDGE_CURVE('',#617,#628,#375,.T.);
#787=EDGE_CURVE('',#621,#628,#376,.T.);
#788=EDGE_CURVE('',#629,#630,#377,.T.);
#789=EDGE_CURVE('',#630,#631,#378,.T.);
#790=EDGE_CURVE('',#631,#632,#379,.T.);
#791=EDGE_CURVE('',#632,#629,#380,.T.);
#792=EDGE_CURVE('',#624,#616,#381,.T.);
#793=EDGE_CURVE('',#633,#633,#541,.T.);
#794=EDGE_CURVE('',#634,#635,#382,.T.);
#795=EDGE_CURVE('',#635,#636,#383,.F.);
#796=EDGE_CURVE('',#637,#636,#384,.F.);
#797=EDGE_CURVE('',#637,#629,#385,.T.);
#798=EDGE_CURVE('',#634,#632,#386,.T.);
#799=EDGE_CURVE('',#638,#639,#387,.T.);
#800=EDGE_CURVE('',#639,#640,#388,.F.);
#801=EDGE_CURVE('',#641,#640,#389,.T.);
#802=EDGE_CURVE('',#641,#631,#390,.T.);
#803=EDGE_CURVE('',#638,#630,#391,.T.);
#804=EDGE_CURVE('',#637,#638,#392,.T.);
#805=EDGE_CURVE('',#636,#639,#393,.F.);
#806=EDGE_CURVE('',#642,#642,#542,.T.);
#807=EDGE_CURVE('',#643,#643,#543,.T.);
#808=EDGE_CURVE('',#644,#644,#20,.T.);
#809=EDGE_CURVE('',#644,#645,#394,.T.);
#810=EDGE_CURVE('',#645,#645,#544,.T.);
#811=EDGE_CURVE('',#646,#646,#545,.T.);
#812=EDGE_CURVE('',#647,#648,#21,.T.);
#813=EDGE_CURVE('',#648,#649,#22,.T.);
#814=EDGE_CURVE('',#649,#650,#23,.T.);
#815=EDGE_CURVE('',#650,#643,#395,.T.);
#816=EDGE_CURVE('',#650,#651,#24,.T.);
#817=EDGE_CURVE('',#651,#647,#25,.T.);
#818=EDGE_CURVE('',#640,#635,#396,.F.);
#819=EDGE_CURVE('',#652,#652,#546,.T.);
#820=EDGE_CURVE('',#653,#653,#547,.T.);
#821=EDGE_CURVE('',#654,#654,#548,.T.);
#822=EDGE_CURVE('',#655,#656,#26,.T.);
#823=EDGE_CURVE('',#656,#657,#27,.T.);
#824=EDGE_CURVE('',#657,#658,#28,.T.);
#825=EDGE_CURVE('',#658,#646,#397,.T.);
#826=EDGE_CURVE('',#658,#659,#29,.T.);
#827=EDGE_CURVE('',#659,#655,#30,.T.);
#828=EDGE_CURVE('',#660,#661,#549,.T.);
#829=EDGE_CURVE('',#660,#661,#31,.T.);
#830=EDGE_CURVE('',#662,#662,#32,.T.);
#831=EDGE_CURVE('',#663,#657,#33,.T.);
#832=EDGE_CURVE('',#664,#663,#550,.T.);
#833=EDGE_CURVE('',#659,#664,#34,.T.);
#834=EDGE_CURVE('',#656,#663,#398,.T.);
#835=EDGE_CURVE('',#665,#665,#35,.T.);
#836=EDGE_CURVE('',#666,#649,#36,.T.);
#837=EDGE_CURVE('',#667,#666,#551,.T.);
#838=EDGE_CURVE('',#651,#667,#37,.T.);
#839=EDGE_CURVE('',#648,#666,#399,.T.);
#840=EDGE_CURVE('',#668,#668,#38,.T.);
#841=EDGE_CURVE('',#669,#670,#39,.T.);
#842=EDGE_CURVE('',#671,#669,#552,.T.);
#843=EDGE_CURVE('',#672,#671,#40,.T.);
#844=EDGE_CURVE('',#673,#672,#41,.T.);
#845=EDGE_CURVE('',#670,#673,#553,.T.);
#846=EDGE_CURVE('',#670,#674,#400,.T.);
#847=EDGE_CURVE('',#675,#674,#42,.T.);
#848=EDGE_CURVE('',#675,#669,#401,.T.);
#849=EDGE_CURVE('',#662,#654,#402,.T.);
#850=EDGE_CURVE('',#665,#652,#403,.T.);
#851=EDGE_CURVE('',#668,#653,#404,.T.);
#852=EDGE_CURVE('',#661,#676,#43,.T.);
#853=EDGE_CURVE('',#676,#677,#44,.T.);
#854=EDGE_CURVE('',#677,#642,#405,.T.);
#855=EDGE_CURVE('',#677,#678,#45,.T.);
#856=EDGE_CURVE('',#678,#660,#46,.T.);
#857=EDGE_CURVE('',#674,#673,#47,.T.);
#858=EDGE_CURVE('',#672,#633,#406,.T.);
#859=EDGE_CURVE('',#671,#675,#48,.T.);
#860=EDGE_CURVE('',#664,#655,#407,.T.);
#861=EDGE_CURVE('',#667,#647,#408,.T.);
#862=EDGE_CURVE('',#678,#676,#554,.T.);
#863=EDGE_CURVE('',#641,#634,#409,.T.);
#864=EDGE_CURVE('',#627,#612,#84,.F.);
#865=ORIENTED_EDGE('',*,*,#679,.F.);
#866=ORIENTED_EDGE('',*,*,#680,.T.);
#867=ORIENTED_EDGE('',*,*,#681,.T.);
#868=ORIENTED_EDGE('',*,*,#682,.F.);
#869=ORIENTED_EDGE('',*,*,#683,.F.);
#870=ORIENTED_EDGE('',*,*,#684,.T.);
#871=ORIENTED_EDGE('',*,*,#685,.T.);
#872=ORIENTED_EDGE('',*,*,#680,.F.);
#873=ORIENTED_EDGE('',*,*,#686,.F.);
#874=ORIENTED_EDGE('',*,*,#687,.T.);
#875=ORIENTED_EDGE('',*,*,#688,.T.);
#876=ORIENTED_EDGE('',*,*,#684,.F.);
#877=ORIENTED_EDGE('',*,*,#689,.F.);
#878=ORIENTED_EDGE('',*,*,#682,.T.);
#879=ORIENTED_EDGE('',*,*,#690,.T.);
#880=ORIENTED_EDGE('',*,*,#687,.F.);
#881=ORIENTED_EDGE('',*,*,#690,.F.);
#882=ORIENTED_EDGE('',*,*,#681,.F.);
#883=ORIENTED_EDGE('',*,*,#685,.F.);
#884=ORIENTED_EDGE('',*,*,#688,.F.);
#885=ORIENTED_EDGE('',*,*,#691,.F.);
#886=ORIENTED_EDGE('',*,*,#692,.T.);
#887=ORIENTED_EDGE('',*,*,#693,.T.);
#888=ORIENTED_EDGE('',*,*,#694,.F.);
#889=ORIENTED_EDGE('',*,*,#695,.F.);
#890=ORIENTED_EDGE('',*,*,#696,.T.);
#891=ORIENTED_EDGE('',*,*,#697,.T.);
#892=ORIENTED_EDGE('',*,*,#692,.F.);
#893=ORIENTED_EDGE('',*,*,#698,.F.);
#894=ORIENTED_EDGE('',*,*,#699,.T.);
#895=ORIENTED_EDGE('',*,*,#700,.T.);
#896=ORIENTED_EDGE('',*,*,#696,.F.);
#897=ORIENTED_EDGE('',*,*,#701,.F.);
#898=ORIENTED_EDGE('',*,*,#694,.T.);
#899=ORIENTED_EDGE('',*,*,#702,.T.);
#900=ORIENTED_EDGE('',*,*,#699,.F.);
#901=ORIENTED_EDGE('',*,*,#702,.F.);
#902=ORIENTED_EDGE('',*,*,#693,.F.);
#903=ORIENTED_EDGE('',*,*,#697,.F.);
#904=ORIENTED_EDGE('',*,*,#700,.F.);
#905=ORIENTED_EDGE('',*,*,#703,.F.);
#906=ORIENTED_EDGE('',*,*,#704,.F.);
#907=ORIENTED_EDGE('',*,*,#705,.F.);
#908=ORIENTED_EDGE('',*,*,#706,.F.);
#909=ORIENTED_EDGE('',*,*,#707,.F.);
#910=ORIENTED_EDGE('',*,*,#708,.F.);
#911=ORIENTED_EDGE('',*,*,#709,.F.);
#912=ORIENTED_EDGE('',*,*,#710,.F.);
#913=ORIENTED_EDGE('',*,*,#711,.T.);
#914=ORIENTED_EDGE('',*,*,#712,.T.);
#915=ORIENTED_EDGE('',*,*,#713,.T.);
#916=ORIENTED_EDGE('',*,*,#714,.T.);
#917=ORIENTED_EDGE('',*,*,#715,.T.);
#918=ORIENTED_EDGE('',*,*,#716,.T.);
#919=ORIENTED_EDGE('',*,*,#717,.T.);
#920=ORIENTED_EDGE('',*,*,#718,.T.);
#921=ORIENTED_EDGE('',*,*,#719,.F.);
#922=ORIENTED_EDGE('',*,*,#720,.T.);
#923=ORIENTED_EDGE('',*,*,#721,.T.);
#924=ORIENTED_EDGE('',*,*,#722,.T.);
#925=ORIENTED_EDGE('',*,*,#719,.T.);
#926=ORIENTED_EDGE('',*,*,#723,.T.);
#927=ORIENTED_EDGE('',*,*,#724,.F.);
#928=ORIENTED_EDGE('',*,*,#725,.F.);
#929=ORIENTED_EDGE('',*,*,#726,.F.);
#930=ORIENTED_EDGE('',*,*,#727,.T.);
#931=ORIENTED_EDGE('',*,*,#717,.F.);
#932=ORIENTED_EDGE('',*,*,#728,.F.);
#933=ORIENTED_EDGE('',*,*,#729,.F.);
#934=ORIENTED_EDGE('',*,*,#730,.T.);
#935=ORIENTED_EDGE('',*,*,#715,.F.);
#936=ORIENTED_EDGE('',*,*,#731,.F.);
#937=ORIENTED_EDGE('',*,*,#732,.F.);
#938=ORIENTED_EDGE('',*,*,#733,.T.);
#939=ORIENTED_EDGE('',*,*,#713,.F.);
#940=ORIENTED_EDGE('',*,*,#734,.F.);
#941=ORIENTED_EDGE('',*,*,#735,.F.);
#942=ORIENTED_EDGE('',*,*,#736,.T.);
#943=ORIENTED_EDGE('',*,*,#711,.F.);
#944=ORIENTED_EDGE('',*,*,#737,.F.);
#945=ORIENTED_EDGE('',*,*,#738,.F.);
#946=ORIENTED_EDGE('',*,*,#739,.T.);
#947=ORIENTED_EDGE('',*,*,#721,.F.);
#948=ORIENTED_EDGE('',*,*,#740,.F.);
#949=ORIENTED_EDGE('',*,*,#707,.T.);
#950=ORIENTED_EDGE('',*,*,#741,.F.);
#951=ORIENTED_EDGE('',*,*,#742,.F.);
#952=ORIENTED_EDGE('',*,*,#743,.T.);
#953=ORIENTED_EDGE('',*,*,#706,.T.);
#954=ORIENTED_EDGE('',*,*,#744,.F.);
#955=ORIENTED_EDGE('',*,*,#745,.F.);
#956=ORIENTED_EDGE('',*,*,#741,.T.);
#957=ORIENTED_EDGE('',*,*,#705,.T.);
#958=ORIENTED_EDGE('',*,*,#746,.F.);
#959=ORIENTED_EDGE('',*,*,#747,.F.);
#960=ORIENTED_EDGE('',*,*,#744,.T.);
#961=ORIENTED_EDGE('',*,*,#704,.T.);
#962=ORIENTED_EDGE('',*,*,#748,.F.);
#963=ORIENTED_EDGE('',*,*,#749,.F.);
#964=ORIENTED_EDGE('',*,*,#746,.T.);
#965=ORIENTED_EDGE('',*,*,#708,.T.);
#966=ORIENTED_EDGE('',*,*,#743,.F.);
#967=ORIENTED_EDGE('',*,*,#750,.F.);
#968=ORIENTED_EDGE('',*,*,#751,.T.);
#969=ORIENTED_EDGE('',*,*,#709,.T.);
#970=ORIENTED_EDGE('',*,*,#751,.F.);
#971=ORIENTED_EDGE('',*,*,#752,.F.);
#972=ORIENTED_EDGE('',*,*,#753,.T.);
#973=ORIENTED_EDGE('',*,*,#710,.T.);
#974=ORIENTED_EDGE('',*,*,#753,.F.);
#975=ORIENTED_EDGE('',*,*,#754,.F.);
#976=ORIENTED_EDGE('',*,*,#755,.T.);
#977=ORIENTED_EDGE('',*,*,#703,.T.);
#978=ORIENTED_EDGE('',*,*,#755,.F.);
#979=ORIENTED_EDGE('',*,*,#756,.F.);
#980=ORIENTED_EDGE('',*,*,#748,.T.);
#981=ORIENTED_EDGE('',*,*,#757,.F.);
#982=ORIENTED_EDGE('',*,*,#758,.F.);
#983=ORIENTED_EDGE('',*,*,#759,.T.);
#984=ORIENTED_EDGE('',*,*,#731,.T.);
#985=ORIENTED_EDGE('',*,*,#714,.F.);
#986=ORIENTED_EDGE('',*,*,#733,.F.);
#987=ORIENTED_EDGE('',*,*,#732,.T.);
#988=ORIENTED_EDGE('',*,*,#760,.F.);
#989=ORIENTED_EDGE('',*,*,#761,.F.);
#990=ORIENTED_EDGE('',*,*,#757,.T.);
#991=ORIENTED_EDGE('',*,*,#762,.F.);
#992=ORIENTED_EDGE('',*,*,#763,.F.);
#993=ORIENTED_EDGE('',*,*,#760,.T.);
#994=ORIENTED_EDGE('',*,*,#734,.T.);
#995=ORIENTED_EDGE('',*,*,#712,.F.);
#996=ORIENTED_EDGE('',*,*,#736,.F.);
#997=ORIENTED_EDGE('',*,*,#735,.T.);
#998=ORIENTED_EDGE('',*,*,#764,.F.);
#999=ORIENTED_EDGE('',*,*,#765,.F.);
#1000=ORIENTED_EDGE('',*,*,#762,.T.);
#1001=ORIENTED_EDGE('',*,*,#725,.T.);
#1002=ORIENTED_EDGE('',*,*,#766,.F.);
#1003=ORIENTED_EDGE('',*,*,#767,.F.);
#1004=ORIENTED_EDGE('',*,*,#740,.T.);
#1005=ORIENTED_EDGE('',*,*,#720,.F.);
#1006=ORIENTED_EDGE('',*,*,#768,.T.);
#1007=ORIENTED_EDGE('',*,*,#769,.F.);
#1008=ORIENTED_EDGE('',*,*,#770,.F.);
#1009=ORIENTED_EDGE('',*,*,#771,.T.);
#1010=ORIENTED_EDGE('',*,*,#772,.T.);
#1011=ORIENTED_EDGE('',*,*,#773,.T.);
#1012=ORIENTED_EDGE('',*,*,#774,.T.);
#1013=ORIENTED_EDGE('',*,*,#769,.T.);
#1014=ORIENTED_EDGE('',*,*,#775,.T.);
#1015=ORIENTED_EDGE('',*,*,#770,.T.);
#1016=ORIENTED_EDGE('',*,*,#774,.F.);
#1017=ORIENTED_EDGE('',*,*,#776,.T.);
#1018=ORIENTED_EDGE('',*,*,#679,.T.);
#1019=ORIENTED_EDGE('',*,*,#689,.T.);
#1020=ORIENTED_EDGE('',*,*,#686,.T.);
#1021=ORIENTED_EDGE('',*,*,#683,.T.);
#1022=ORIENTED_EDGE('',*,*,#691,.T.);
#1023=ORIENTED_EDGE('',*,*,#701,.T.);
#1024=ORIENTED_EDGE('',*,*,#698,.T.);
#1025=ORIENTED_EDGE('',*,*,#695,.T.);
#1026=ORIENTED_EDGE('',*,*,#777,.T.);
#1027=ORIENTED_EDGE('',*,*,#778,.F.);
#1028=ORIENTED_EDGE('',*,*,#723,.F.);
#1029=ORIENTED_EDGE('',*,*,#722,.F.);
#1030=ORIENTED_EDGE('',*,*,#739,.F.);
#1031=ORIENTED_EDGE('',*,*,#779,.F.);
#1032=ORIENTED_EDGE('',*,*,#780,.F.);
#1033=ORIENTED_EDGE('',*,*,#764,.T.);
#1034=ORIENTED_EDGE('',*,*,#737,.T.);
#1035=ORIENTED_EDGE('',*,*,#718,.F.);
#1036=ORIENTED_EDGE('',*,*,#727,.F.);
#1037=ORIENTED_EDGE('',*,*,#726,.T.);
#1038=ORIENTED_EDGE('',*,*,#781,.F.);
#1039=ORIENTED_EDGE('',*,*,#782,.F.);
#1040=ORIENTED_EDGE('',*,*,#779,.T.);
#1041=ORIENTED_EDGE('',*,*,#783,.F.);
#1042=ORIENTED_EDGE('',*,*,#784,.F.);
#1043=ORIENTED_EDGE('',*,*,#781,.T.);
#1044=ORIENTED_EDGE('',*,*,#728,.T.);
#1045=ORIENTED_EDGE('',*,*,#716,.F.);
#1046=ORIENTED_EDGE('',*,*,#730,.F.);
#1047=ORIENTED_EDGE('',*,*,#785,.F.);
#1048=ORIENTED_EDGE('',*,*,#786,.F.);
#1049=ORIENTED_EDGE('',*,*,#771,.F.);
#1050=ORIENTED_EDGE('',*,*,#775,.F.);
#1051=ORIENTED_EDGE('',*,*,#749,.T.);
#1052=ORIENTED_EDGE('',*,*,#756,.T.);
#1053=ORIENTED_EDGE('',*,*,#754,.T.);
#1054=ORIENTED_EDGE('',*,*,#752,.T.);
#1055=ORIENTED_EDGE('',*,*,#750,.T.);
#1056=ORIENTED_EDGE('',*,*,#742,.T.);
#1057=ORIENTED_EDGE('',*,*,#745,.T.);
#1058=ORIENTED_EDGE('',*,*,#747,.T.);
#1059=ORIENTED_EDGE('',*,*,#787,.T.);
#1060=ORIENTED_EDGE('',*,*,#785,.T.);
#1061=ORIENTED_EDGE('',*,*,#776,.F.);
#1062=ORIENTED_EDGE('',*,*,#773,.F.);
#1063=ORIENTED_EDGE('',*,*,#768,.F.);
#1064=ORIENTED_EDGE('',*,*,#786,.T.);
#1065=ORIENTED_EDGE('',*,*,#787,.F.);
#1066=ORIENTED_EDGE('',*,*,#772,.F.);
#1067=ORIENTED_EDGE('',*,*,#788,.T.);
#1068=ORIENTED_EDGE('',*,*,#789,.T.);
#1069=ORIENTED_EDGE('',*,*,#790,.T.);
#1070=ORIENTED_EDGE('',*,*,#791,.T.);
#1071=ORIENTED_EDGE('',*,*,#738,.T.);
#1072=ORIENTED_EDGE('',*,*,#767,.T.);
#1073=ORIENTED_EDGE('',*,*,#792,.F.);
#1074=ORIENTED_EDGE('',*,*,#777,.F.);
#1075=ORIENTED_EDGE('',*,*,#793,.T.);
#1076=ORIENTED_EDGE('',*,*,#794,.T.);
#1077=ORIENTED_EDGE('',*,*,#795,.T.);
#1078=ORIENTED_EDGE('',*,*,#796,.F.);
#1079=ORIENTED_EDGE('',*,*,#797,.T.);
#1080=ORIENTED_EDGE('',*,*,#791,.F.);
#1081=ORIENTED_EDGE('',*,*,#798,.F.);
#1082=ORIENTED_EDGE('',*,*,#799,.T.);
#1083=ORIENTED_EDGE('',*,*,#800,.T.);
#1084=ORIENTED_EDGE('',*,*,#801,.F.);
#1085=ORIENTED_EDGE('',*,*,#802,.T.);
#1086=ORIENTED_EDGE('',*,*,#789,.F.);
#1087=ORIENTED_EDGE('',*,*,#803,.F.);
#1088=ORIENTED_EDGE('',*,*,#804,.F.);
#1089=ORIENTED_EDGE('',*,*,#796,.T.);
#1090=ORIENTED_EDGE('',*,*,#805,.T.);
#1091=ORIENTED_EDGE('',*,*,#799,.F.);
#1092=ORIENTED_EDGE('',*,*,#806,.T.);
#1093=ORIENTED_EDGE('',*,*,#807,.T.);
#1094=ORIENTED_EDGE('',*,*,#808,.T.);
#1095=ORIENTED_EDGE('',*,*,#809,.T.);
#1096=ORIENTED_EDGE('',*,*,#810,.F.);
#1097=ORIENTED_EDGE('',*,*,#809,.F.);
#1098=ORIENTED_EDGE('',*,*,#811,.T.);
#1099=ORIENTED_EDGE('',*,*,#812,.T.);
#1100=ORIENTED_EDGE('',*,*,#813,.T.);
#1101=ORIENTED_EDGE('',*,*,#814,.T.);
#1102=ORIENTED_EDGE('',*,*,#815,.T.);
#1103=ORIENTED_EDGE('',*,*,#807,.F.);
#1104=ORIENTED_EDGE('',*,*,#815,.F.);
#1105=ORIENTED_EDGE('',*,*,#816,.T.);
#1106=ORIENTED_EDGE('',*,*,#817,.T.);
#1107=ORIENTED_EDGE('',*,*,#795,.F.);
#1108=ORIENTED_EDGE('',*,*,#818,.F.);
#1109=ORIENTED_EDGE('',*,*,#800,.F.);
#1110=ORIENTED_EDGE('',*,*,#805,.F.);
#1111=ORIENTED_EDGE('',*,*,#819,.T.);
#1112=ORIENTED_EDGE('',*,*,#820,.T.);
#1113=ORIENTED_EDGE('',*,*,#810,.T.);
#1114=ORIENTED_EDGE('',*,*,#821,.T.);
#1115=ORIENTED_EDGE('',*,*,#822,.T.);
#1116=ORIENTED_EDGE('',*,*,#823,.T.);
#1117=ORIENTED_EDGE('',*,*,#824,.T.);
#1118=ORIENTED_EDGE('',*,*,#825,.T.);
#1119=ORIENTED_EDGE('',*,*,#811,.F.);
#1120=ORIENTED_EDGE('',*,*,#825,.F.);
#1121=ORIENTED_EDGE('',*,*,#826,.T.);
#1122=ORIENTED_EDGE('',*,*,#827,.T.);
#1123=ORIENTED_EDGE('',*,*,#828,.T.);
#1124=ORIENTED_EDGE('',*,*,#829,.F.);
#1125=ORIENTED_EDGE('',*,*,#830,.F.);
#1126=ORIENTED_EDGE('',*,*,#824,.F.);
#1127=ORIENTED_EDGE('',*,*,#831,.F.);
#1128=ORIENTED_EDGE('',*,*,#832,.F.);
#1129=ORIENTED_EDGE('',*,*,#833,.F.);
#1130=ORIENTED_EDGE('',*,*,#826,.F.);
#1131=ORIENTED_EDGE('',*,*,#834,.T.);
#1132=ORIENTED_EDGE('',*,*,#831,.T.);
#1133=ORIENTED_EDGE('',*,*,#823,.F.);
#1134=ORIENTED_EDGE('',*,*,#835,.F.);
#1135=ORIENTED_EDGE('',*,*,#814,.F.);
#1136=ORIENTED_EDGE('',*,*,#836,.F.);
#1137=ORIENTED_EDGE('',*,*,#837,.F.);
#1138=ORIENTED_EDGE('',*,*,#838,.F.);
#1139=ORIENTED_EDGE('',*,*,#816,.F.);
#1140=ORIENTED_EDGE('',*,*,#839,.T.);
#1141=ORIENTED_EDGE('',*,*,#836,.T.);
#1142=ORIENTED_EDGE('',*,*,#813,.F.);
#1143=ORIENTED_EDGE('',*,*,#840,.F.);
#1144=ORIENTED_EDGE('',*,*,#841,.F.);
#1145=ORIENTED_EDGE('',*,*,#842,.F.);
#1146=ORIENTED_EDGE('',*,*,#843,.F.);
#1147=ORIENTED_EDGE('',*,*,#844,.F.);
#1148=ORIENTED_EDGE('',*,*,#845,.F.);
#1149=ORIENTED_EDGE('',*,*,#846,.T.);
#1150=ORIENTED_EDGE('',*,*,#847,.F.);
#1151=ORIENTED_EDGE('',*,*,#848,.T.);
#1152=ORIENTED_EDGE('',*,*,#841,.T.);
#1153=ORIENTED_EDGE('',*,*,#830,.T.);
#1154=ORIENTED_EDGE('',*,*,#849,.T.);
#1155=ORIENTED_EDGE('',*,*,#821,.F.);
#1156=ORIENTED_EDGE('',*,*,#849,.F.);
#1157=ORIENTED_EDGE('',*,*,#835,.T.);
#1158=ORIENTED_EDGE('',*,*,#850,.T.);
#1159=ORIENTED_EDGE('',*,*,#819,.F.);
#1160=ORIENTED_EDGE('',*,*,#850,.F.);
#1161=ORIENTED_EDGE('',*,*,#840,.T.);
#1162=ORIENTED_EDGE('',*,*,#851,.T.);
#1163=ORIENTED_EDGE('',*,*,#820,.F.);
#1164=ORIENTED_EDGE('',*,*,#851,.F.);
#1165=ORIENTED_EDGE('',*,*,#852,.T.);
#1166=ORIENTED_EDGE('',*,*,#853,.T.);
#1167=ORIENTED_EDGE('',*,*,#854,.T.);
#1168=ORIENTED_EDGE('',*,*,#806,.F.);
#1169=ORIENTED_EDGE('',*,*,#854,.F.);
#1170=ORIENTED_EDGE('',*,*,#855,.T.);
#1171=ORIENTED_EDGE('',*,*,#856,.T.);
#1172=ORIENTED_EDGE('',*,*,#829,.T.);
#1173=ORIENTED_EDGE('',*,*,#857,.T.);
#1174=ORIENTED_EDGE('',*,*,#844,.T.);
#1175=ORIENTED_EDGE('',*,*,#858,.T.);
#1176=ORIENTED_EDGE('',*,*,#793,.F.);
#1177=ORIENTED_EDGE('',*,*,#858,.F.);
#1178=ORIENTED_EDGE('',*,*,#843,.T.);
#1179=ORIENTED_EDGE('',*,*,#859,.T.);
#1180=ORIENTED_EDGE('',*,*,#847,.T.);
#1181=ORIENTED_EDGE('',*,*,#860,.T.);
#1182=ORIENTED_EDGE('',*,*,#827,.F.);
#1183=ORIENTED_EDGE('',*,*,#833,.T.);
#1184=ORIENTED_EDGE('',*,*,#861,.T.);
#1185=ORIENTED_EDGE('',*,*,#817,.F.);
#1186=ORIENTED_EDGE('',*,*,#838,.T.);
#1187=ORIENTED_EDGE('',*,*,#852,.F.);
#1188=ORIENTED_EDGE('',*,*,#828,.F.);
#1189=ORIENTED_EDGE('',*,*,#856,.F.);
#1190=ORIENTED_EDGE('',*,*,#862,.T.);
#1191=ORIENTED_EDGE('',*,*,#857,.F.);
#1192=ORIENTED_EDGE('',*,*,#846,.F.);
#1193=ORIENTED_EDGE('',*,*,#845,.T.);
#1194=ORIENTED_EDGE('',*,*,#834,.F.);
#1195=ORIENTED_EDGE('',*,*,#822,.F.);
#1196=ORIENTED_EDGE('',*,*,#860,.F.);
#1197=ORIENTED_EDGE('',*,*,#832,.T.);
#1198=ORIENTED_EDGE('',*,*,#839,.F.);
#1199=ORIENTED_EDGE('',*,*,#812,.F.);
#1200=ORIENTED_EDGE('',*,*,#861,.F.);
#1201=ORIENTED_EDGE('',*,*,#837,.T.);
#1202=ORIENTED_EDGE('',*,*,#808,.F.);
#1203=ORIENTED_EDGE('',*,*,#853,.F.);
#1204=ORIENTED_EDGE('',*,*,#862,.F.);
#1205=ORIENTED_EDGE('',*,*,#855,.F.);
#1206=ORIENTED_EDGE('',*,*,#859,.F.);
#1207=ORIENTED_EDGE('',*,*,#842,.T.);
#1208=ORIENTED_EDGE('',*,*,#848,.F.);
#1209=ORIENTED_EDGE('',*,*,#804,.T.);
#1210=ORIENTED_EDGE('',*,*,#803,.T.);
#1211=ORIENTED_EDGE('',*,*,#788,.F.);
#1212=ORIENTED_EDGE('',*,*,#797,.F.);
#1213=ORIENTED_EDGE('',*,*,#863,.T.);
#1214=ORIENTED_EDGE('',*,*,#798,.T.);
#1215=ORIENTED_EDGE('',*,*,#790,.F.);
#1216=ORIENTED_EDGE('',*,*,#802,.F.);
#1217=ORIENTED_EDGE('',*,*,#863,.F.);
#1218=ORIENTED_EDGE('',*,*,#801,.T.);
#1219=ORIENTED_EDGE('',*,*,#818,.T.);
#1220=ORIENTED_EDGE('',*,*,#794,.F.);
#1221=ORIENTED_EDGE('',*,*,#724,.T.);
#1222=ORIENTED_EDGE('',*,*,#778,.T.);
#1223=ORIENTED_EDGE('',*,*,#792,.T.);
#1224=ORIENTED_EDGE('',*,*,#766,.T.);
#1225=ORIENTED_EDGE('',*,*,#763,.T.);
#1226=ORIENTED_EDGE('',*,*,#765,.T.);
#1227=ORIENTED_EDGE('',*,*,#780,.T.);
#1228=ORIENTED_EDGE('',*,*,#782,.T.);
#1229=ORIENTED_EDGE('',*,*,#784,.T.);
#1230=ORIENTED_EDGE('',*,*,#864,.T.);
#1231=ORIENTED_EDGE('',*,*,#758,.T.);
#1232=ORIENTED_EDGE('',*,*,#761,.T.);
#1233=ORIENTED_EDGE('',*,*,#729,.T.);
#1234=ORIENTED_EDGE('',*,*,#759,.F.);
#1235=ORIENTED_EDGE('',*,*,#864,.F.);
#1236=ORIENTED_EDGE('',*,*,#783,.T.);
#1237=CYLINDRICAL_SURFACE('',#1348,4.);
#1238=CYLINDRICAL_SURFACE('',#1352,4.);
#1239=CYLINDRICAL_SURFACE('',#1357,4.);
#1240=CYLINDRICAL_SURFACE('',#1361,4.);
#1241=CYLINDRICAL_SURFACE('',#1373,1.);
#1242=CYLINDRICAL_SURFACE('',#1376,1.);
#1243=CYLINDRICAL_SURFACE('',#1380,0.999999999999996);
#1244=CYLINDRICAL_SURFACE('',#1383,0.999999999999996);
#1245=CYLINDRICAL_SURFACE('',#1407,2.5);
#1246=CYLINDRICAL_SURFACE('',#1412,1.09999999999999);
#1247=CYLINDRICAL_SURFACE('',#1422,1.09999999999999);
#1248=CYLINDRICAL_SURFACE('',#1449,2.5);
#1249=CYLINDRICAL_SURFACE('',#1450,2.5);
#1250=CYLINDRICAL_SURFACE('',#1451,2.5);
#1251=CYLINDRICAL_SURFACE('',#1452,1.09999999999999);
#1252=CYLINDRICAL_SURFACE('',#1457,1.1);
#1253=CYLINDRICAL_SURFACE('',#1460,1.1);
#1254=CYLINDRICAL_SURFACE('',#1462,1.1);
#1255=CYLINDRICAL_SURFACE('',#1463,1.1);
#1256=CYLINDRICAL_SURFACE('',#1464,1.1);
#1257=CYLINDRICAL_SURFACE('',#1466,1.1);
#1258=ADVANCED_FACE('',(#127),#1237,.F.);
#1259=ADVANCED_FACE('',(#128),#85,.F.);
#1260=ADVANCED_FACE('',(#129),#1238,.F.);
#1261=ADVANCED_FACE('',(#130),#86,.F.);
#1262=ADVANCED_FACE('',(#131),#87,.T.);
#1263=ADVANCED_FACE('',(#132),#1239,.F.);
#1264=ADVANCED_FACE('',(#133),#88,.F.);
#1265=ADVANCED_FACE('',(#134),#1240,.F.);
#1266=ADVANCED_FACE('',(#135),#89,.F.);
#1267=ADVANCED_FACE('',(#136),#90,.T.);
#1268=ADVANCED_FACE('',(#137,#57,#58),#91,.T.);
#1269=ADVANCED_FACE('',(#138),#92,.F.);
#1270=ADVANCED_FACE('',(#139),#49,.T.);
#1271=ADVANCED_FACE('',(#140),#50,.T.);
#1272=ADVANCED_FACE('',(#141),#51,.T.);
#1273=ADVANCED_FACE('',(#142),#52,.T.);
#1274=ADVANCED_FACE('',(#143),#93,.T.);
#1275=ADVANCED_FACE('',(#144),#1241,.F.);
#1276=ADVANCED_FACE('',(#145),#94,.F.);
#1277=ADVANCED_FACE('',(#146),#1242,.F.);
#1278=ADVANCED_FACE('',(#147),#95,.F.);
#1279=ADVANCED_FACE('',(#148),#96,.F.);
#1280=ADVANCED_FACE('',(#149),#1243,.F.);
#1281=ADVANCED_FACE('',(#150),#97,.F.);
#1282=ADVANCED_FACE('',(#151),#1244,.F.);
#1283=ADVANCED_FACE('',(#152),#98,.F.);
#1284=ADVANCED_FACE('',(#153),#53,.T.);
#1285=ADVANCED_FACE('',(#154),#99,.F.);
#1286=ADVANCED_FACE('',(#155),#54,.T.);
#1287=ADVANCED_FACE('',(#156),#100,.F.);
#1288=ADVANCED_FACE('',(#157),#101,.F.);
#1289=ADVANCED_FACE('',(#158),#102,.T.);
#1290=ADVANCED_FACE('',(#159,#59,#60),#103,.T.);
#1291=ADVANCED_FACE('',(#160),#104,.F.);
#1292=ADVANCED_FACE('',(#161),#105,.F.);
#1293=ADVANCED_FACE('',(#162),#55,.T.);
#1294=ADVANCED_FACE('',(#163),#106,.F.);
#1295=ADVANCED_FACE('',(#164,#61),#107,.F.);
#1296=ADVANCED_FACE('',(#165),#108,.F.);
#1297=ADVANCED_FACE('',(#166,#62),#109,.T.);
#1298=ADVANCED_FACE('',(#167),#110,.F.);
#1299=ADVANCED_FACE('',(#168),#111,.F.);
#1300=ADVANCED_FACE('',(#169),#112,.F.);
#1301=ADVANCED_FACE('',(#170),#113,.F.);
#1302=ADVANCED_FACE('',(#171),#114,.F.);
#1303=ADVANCED_FACE('',(#172),#115,.F.);
#1304=ADVANCED_FACE('',(#173),#116,.F.);
#1305=ADVANCED_FACE('',(#174),#1245,.T.);
#1306=ADVANCED_FACE('',(#175),#117,.F.);
#1307=ADVANCED_FACE('',(#176),#1246,.F.);
#1308=ADVANCED_FACE('',(#177,#63,#64,#65,#66),#118,.F.);
#1309=ADVANCED_FACE('',(#178),#1247,.F.);
#1310=ADVANCED_FACE('',(#179),#119,.T.);
#1311=ADVANCED_FACE('',(#180,#67),#120,.T.);
#1312=ADVANCED_FACE('',(#181),#15,.F.);
#1313=ADVANCED_FACE('',(#182,#68),#121,.T.);
#1314=ADVANCED_FACE('',(#183),#16,.F.);
#1315=ADVANCED_FACE('',(#184,#69),#122,.T.);
#1316=ADVANCED_FACE('',(#185),#17,.F.);
#1317=ADVANCED_FACE('',(#186),#1248,.T.);
#1318=ADVANCED_FACE('',(#187),#1249,.T.);
#1319=ADVANCED_FACE('',(#188),#1250,.T.);
#1320=ADVANCED_FACE('',(#189),#1251,.F.);
#1321=ADVANCED_FACE('',(#190),#1252,.F.);
#1322=ADVANCED_FACE('',(#191),#18,.F.);
#1323=ADVANCED_FACE('',(#192),#19,.F.);
#1324=ADVANCED_FACE('',(#193),#1253,.T.);
#1325=ADVANCED_FACE('',(#194),#1254,.T.);
#1326=ADVANCED_FACE('',(#195),#1255,.T.);
#1327=ADVANCED_FACE('',(#196),#1256,.T.);
#1328=ADVANCED_FACE('',(#197,#70),#123,.T.);
#1329=ADVANCED_FACE('',(#198),#1257,.T.);
#1330=ADVANCED_FACE('',(#199),#124,.T.);
#1331=ADVANCED_FACE('',(#200),#125,.T.);
#1332=ADVANCED_FACE('',(#201,#71,#72),#126,.F.);
#1333=ADVANCED_FACE('',(#202),#56,.T.);
#1334=CLOSED_SHELL('',(#1258,#1259,#1260,#1261,#1262,#1263,#1264,#1265,
#1266,#1267,#1268,#1269,#1270,#1271,#1272,#1273,#1274,#1275,#1276,#1277,
#1278,#1279,#1280,#1281,#1282,#1283,#1284,#1285,#1286,#1287,#1288,#1289,
#1290,#1291,#1292,#1293,#1294,#1295,#1296,#1297,#1298,#1299,#1300,#1301,
#1302,#1303,#1304,#1305,#1306,#1307,#1308,#1309,#1310,#1311,#1312,#1313,
#1314,#1315,#1316,#1317,#1318,#1319,#1320,#1321,#1322,#1323,#1324,#1325,
#1326,#1327,#1328,#1329,#1330,#1331,#1332,#1333));
#1335=DERIVED_UNIT_ELEMENT(#1337,1.);
#1336=DERIVED_UNIT_ELEMENT(#2536,-3.);
#1337=(
MASS_UNIT()
NAMED_UNIT(*)
SI_UNIT(.KILO.,.GRAM.)
);
#1338=DERIVED_UNIT((#1335,#1336));
#1339=MEASURE_REPRESENTATION_ITEM('density measure',
POSITIVE_RATIO_MEASURE(7850.),#1338);
#1340=PROPERTY_DEFINITION_REPRESENTATION(#1345,#1342);
#1341=PROPERTY_DEFINITION_REPRESENTATION(#1346,#1343);
#1342=REPRESENTATION('material name',(#1344),#2533);
#1343=REPRESENTATION('density',(#1339),#2533);
#1344=DESCRIPTIVE_REPRESENTATION_ITEM('Steel','Steel');
#1345=PROPERTY_DEFINITION('material property','material name',#2543);
#1346=PROPERTY_DEFINITION('material property','density of part',#2543);
#1347=AXIS2_PLACEMENT_3D('',#1831,#1470,#1471);
#1348=AXIS2_PLACEMENT_3D('',#1832,#1472,#1473);
#1349=AXIS2_PLACEMENT_3D('',#1835,#1474,#1475);
#1350=AXIS2_PLACEMENT_3D('',#1839,#1477,#1478);
#1351=AXIS2_PLACEMENT_3D('',#1841,#1480,#1481);
#1352=AXIS2_PLACEMENT_3D('',#1847,#1485,#1486);
#1353=AXIS2_PLACEMENT_3D('',#1849,#1487,#1488);
#1354=AXIS2_PLACEMENT_3D('',#1852,#1490,#1491);
#1355=AXIS2_PLACEMENT_3D('',#1853,#1492,#1493);
#1356=AXIS2_PLACEMENT_3D('',#1856,#1496,#1497);
#1357=AXIS2_PLACEMENT_3D('',#1857,#1498,#1499);
#1358=AXIS2_PLACEMENT_3D('',#1860,#1500,#1501);
#1359=AXIS2_PLACEMENT_3D('',#1864,#1503,#1504);
#1360=AXIS2_PLACEMENT_3D('',#1866,#1506,#1507);
#1361=AXIS2_PLACEMENT_3D('',#1872,#1511,#1512);
#1362=AXIS2_PLACEMENT_3D('',#1874,#1513,#1514);
#1363=AXIS2_PLACEMENT_3D('',#1877,#1516,#1517);
#1364=AXIS2_PLACEMENT_3D('',#1878,#1518,#1519);
#1365=AXIS2_PLACEMENT_3D('',#1881,#1522,#1523);
#1366=AXIS2_PLACEMENT_3D('',#1882,#1524,#1525);
#1367=AXIS2_PLACEMENT_3D('',#1885,#1526,#1527);
#1368=AXIS2_PLACEMENT_3D('',#1889,#1529,#1530);
#1369=AXIS2_PLACEMENT_3D('',#1893,#1532,#1533);
#1370=AXIS2_PLACEMENT_3D('',#1897,#1535,#1536);
#1371=AXIS2_PLACEMENT_3D('',#1989,#1546,#1547);
#1372=AXIS2_PLACEMENT_3D('',#2185,#1559,#1560);
#1373=AXIS2_PLACEMENT_3D('',#2191,#1564,#1565);
#1374=AXIS2_PLACEMENT_3D('',#2195,#1567,#1568);
#1375=AXIS2_PLACEMENT_3D('',#2197,#1570,#1571);
#1376=AXIS2_PLACEMENT_3D('',#2201,#1574,#1575);
#1377=AXIS2_PLACEMENT_3D('',#2204,#1577,#1578);
#1378=AXIS2_PLACEMENT_3D('',#2205,#1579,#1580);
#1379=AXIS2_PLACEMENT_3D('',#2209,#1583,#1584);
#1380=AXIS2_PLACEMENT_3D('',#2213,#1587,#1588);
#1381=AXIS2_PLACEMENT_3D('',#2215,#1589,#1590);
#1382=AXIS2_PLACEMENT_3D('',#2217,#1592,#1593);
#1383=AXIS2_PLACEMENT_3D('',#2221,#1596,#1597);
#1384=AXIS2_PLACEMENT_3D('',#2222,#1598,#1599);
#1385=AXIS2_PLACEMENT_3D('',#2223,#1600,#1601);
#1386=AXIS2_PLACEMENT_3D('',#2246,#1606,#1607);
#1387=AXIS2_PLACEMENT_3D('',#2267,#1611,#1612);
#1388=AXIS2_PLACEMENT_3D('',#2271,#1615,#1616);
#1389=AXIS2_PLACEMENT_3D('',#2280,#1621,#1622);
#1390=AXIS2_PLACEMENT_3D('',#2286,#1626,#1627);
#1391=AXIS2_PLACEMENT_3D('',#2290,#1630,#1631);
#1392=AXIS2_PLACEMENT_3D('',#2294,#1634,#1635);
#1393=AXIS2_PLACEMENT_3D('',#2315,#1639,#1640);
#1394=AXIS2_PLACEMENT_3D('',#2319,#1643,#1644);
#1395=AXIS2_PLACEMENT_3D('',#2323,#1647,#1648);
#1396=AXIS2_PLACEMENT_3D('',#2325,#1650,#1651);
#1397=AXIS2_PLACEMENT_3D('',#2334,#1656,#1657);
#1398=AXIS2_PLACEMENT_3D('',#2336,#1659,#1660);
#1399=AXIS2_PLACEMENT_3D('',#2338,#1661,#1662);
#1400=AXIS2_PLACEMENT_3D('',#2339,#1663,#1664);
#1401=AXIS2_PLACEMENT_3D('',#2349,#1670,#1671);
#1402=AXIS2_PLACEMENT_3D('',#2359,#1677,#1678);
#1403=AXIS2_PLACEMENT_3D('',#2362,#1681,#1682);
#1404=AXIS2_PLACEMENT_3D('',#2364,#1683,#1684);
#1405=AXIS2_PLACEMENT_3D('',#2365,#1685,#1686);
#1406=AXIS2_PLACEMENT_3D('',#2367,#1687,#1688);
#1407=AXIS2_PLACEMENT_3D('',#2368,#1689,#1690);
#1408=AXIS2_PLACEMENT_3D('',#2370,#1691,#1692);
#1409=AXIS2_PLACEMENT_3D('',#2373,#1694,#1695);
#1410=AXIS2_PLACEMENT_3D('',#2374,#1696,#1697);
#1411=AXIS2_PLACEMENT_3D('',#2376,#1698,#1699);
#1412=AXIS2_PLACEMENT_3D('',#2377,#1700,#1701);
#1413=AXIS2_PLACEMENT_3D('',#2380,#1702,#1703);
#1414=AXIS2_PLACEMENT_3D('',#2382,#1704,#1705);
#1415=AXIS2_PLACEMENT_3D('',#2384,#1706,#1707);
#1416=AXIS2_PLACEMENT_3D('',#2387,#1709,#1710);
#1417=AXIS2_PLACEMENT_3D('',#2388,#1711,#1712);
#1418=AXIS2_PLACEMENT_3D('',#2389,#1713,#1714);
#1419=AXIS2_PLACEMENT_3D('',#2392,#1716,#1717);
#1420=AXIS2_PLACEMENT_3D('',#2394,#1718,#1719);
#1421=AXIS2_PLACEMENT_3D('',#2396,#1720,#1721);
#1422=AXIS2_PLACEMENT_3D('',#2397,#1722,#1723);
#1423=AXIS2_PLACEMENT_3D('',#2400,#1724,#1725);
#1424=AXIS2_PLACEMENT_3D('',#2402,#1726,#1727);
#1425=AXIS2_PLACEMENT_3D('',#2404,#1728,#1729);
#1426=AXIS2_PLACEMENT_3D('',#2407,#1731,#1732);
#1427=AXIS2_PLACEMENT_3D('',#2408,#1733,#1734);
#1428=AXIS2_PLACEMENT_3D('',#2409,#1735,#1736);
#1429=AXIS2_PLACEMENT_3D('',#2412,#1737,#1738);
#1430=AXIS2_PLACEMENT_3D('',#2413,#1739,#1740);
#1431=AXIS2_PLACEMENT_3D('',#2414,#1741,#1742);
#1432=AXIS2_PLACEMENT_3D('',#2416,#1743,#1744);
#1433=AXIS2_PLACEMENT_3D('',#2418,#1745,#1746);
#1434=AXIS2_PLACEMENT_3D('',#2420,#1747,#1748);
#1435=AXIS2_PLACEMENT_3D('',#2421,#1749,#1750);
#1436=AXIS2_PLACEMENT_3D('',#2429,#1752,#1753);
#1437=AXIS2_PLACEMENT_3D('',#2431,#1754,#1755);
#1438=AXIS2_PLACEMENT_3D('',#2433,#1756,#1757);
#1439=AXIS2_PLACEMENT_3D('',#2435,#1758,#1759);
#1440=AXIS2_PLACEMENT_3D('',#2436,#1760,#1761);
#1441=AXIS2_PLACEMENT_3D('',#2444,#1763,#1764);
#1442=AXIS2_PLACEMENT_3D('',#2446,#1765,#1766);
#1443=AXIS2_PLACEMENT_3D('',#2449,#1767,#1768);
#1444=AXIS2_PLACEMENT_3D('',#2451,#1769,#1770);
#1445=AXIS2_PLACEMENT_3D('',#2453,#1771,#1772);
#1446=AXIS2_PLACEMENT_3D('',#2455,#1773,#1774);
#1447=AXIS2_PLACEMENT_3D('',#2456,#1775,#1776);
#1448=AXIS2_PLACEMENT_3D('',#2470,#1778,#1779);
#1449=AXIS2_PLACEMENT_3D('',#2472,#1781,#1782);
#1450=AXIS2_PLACEMENT_3D('',#2474,#1784,#1785);
#1451=AXIS2_PLACEMENT_3D('',#2476,#1787,#1788);
#1452=AXIS2_PLACEMENT_3D('',#2478,#1790,#1791);
#1453=AXIS2_PLACEMENT_3D('',#2480,#1792,#1793);
#1454=AXIS2_PLACEMENT_3D('',#2482,#1794,#1795);
#1455=AXIS2_PLACEMENT_3D('',#2485,#1797,#1798);
#1456=AXIS2_PLACEMENT_3D('',#2486,#1799,#1800);
#1457=AXIS2_PLACEMENT_3D('',#2487,#1801,#1802);
#1458=AXIS2_PLACEMENT_3D('',#2488,#1803,#1804);
#1459=AXIS2_PLACEMENT_3D('',#2490,#1806,#1807);
#1460=AXIS2_PLACEMENT_3D('',#2505,#1810,#1811);
#1461=AXIS2_PLACEMENT_3D('',#2506,#1812,#1813);
#1462=AXIS2_PLACEMENT_3D('',#2507,#1814,#1815);
#1463=AXIS2_PLACEMENT_3D('',#2508,#1816,#1817);
#1464=AXIS2_PLACEMENT_3D('',#2509,#1818,#1819);
#1465=AXIS2_PLACEMENT_3D('',#2510,#1820,#1821);
#1466=AXIS2_PLACEMENT_3D('',#2511,#1822,#1823);
#1467=AXIS2_PLACEMENT_3D('',#2512,#1824,#1825);
#1468=AXIS2_PLACEMENT_3D('',#2513,#1826,#1827);
#1469=AXIS2_PLACEMENT_3D('',#2515,#1829,#1830);
#1470=DIRECTION('axis',(0.,0.,1.));
#1471=DIRECTION('refdir',(1.,0.,0.));
#1472=DIRECTION('center_axis',(0.,0.,1.));
#1473=DIRECTION('ref_axis',(-1.,1.22464679914735E-16,0.));
#1474=DIRECTION('center_axis',(0.,-1.22464679914735E-16,1.));
#1475=DIRECTION('ref_axis',(1.,0.,0.));
#1476=DIRECTION('',(0.,0.,1.));
#1477=DIRECTION('center_axis',(0.,0.,1.));
#1478=DIRECTION('ref_axis',(1.,0.,0.));
#1479=DIRECTION('',(0.,0.,1.));
#1480=DIRECTION('center_axis',(0.,1.,0.));
#1481=DIRECTION('ref_axis',(-1.,0.,0.));
#1482=DIRECTION('',(-1.,0.,0.));
#1483=DIRECTION('',(0.,0.,1.));
#1484=DIRECTION('',(-1.,0.,0.));
#1485=DIRECTION('center_axis',(0.,0.,1.));
#1486=DIRECTION('ref_axis',(1.,0.,0.));
#1487=DIRECTION('center_axis',(0.,-1.22464679914735E-16,1.));
#1488=DIRECTION('ref_axis',(1.,0.,0.));
#1489=DIRECTION('',(0.,0.,1.));
#1490=DIRECTION('center_axis',(0.,0.,1.));
#1491=DIRECTION('ref_axis',(1.,0.,0.));
#1492=DIRECTION('center_axis',(0.,-1.,0.));
#1493=DIRECTION('ref_axis',(1.,0.,0.));
#1494=DIRECTION('',(1.,0.,0.));
#1495=DIRECTION('',(1.,0.,0.));
#1496=DIRECTION('center_axis',(0.,0.,-1.));
#1497=DIRECTION('ref_axis',(1.,0.,0.));
#1498=DIRECTION('center_axis',(0.,0.,1.));
#1499=DIRECTION('ref_axis',(-1.,1.22464679914735E-16,0.));
#1500=DIRECTION('center_axis',(0.,-1.22464679914735E-16,1.));
#1501=DIRECTION('ref_axis',(1.,0.,0.));
#1502=DIRECTION('',(0.,0.,1.));
#1503=DIRECTION('center_axis',(0.,0.,1.));
#1504=DIRECTION('ref_axis',(1.,0.,0.));
#1505=DIRECTION('',(0.,0.,1.));
#1506=DIRECTION('center_axis',(0.,1.,0.));
#1507=DIRECTION('ref_axis',(-1.,0.,0.));
#1508=DIRECTION('',(-1.,0.,0.));
#1509=DIRECTION('',(0.,0.,1.));
#1510=DIRECTION('',(-1.,0.,0.));
#1511=DIRECTION('center_axis',(0.,0.,1.));
#1512=DIRECTION('ref_axis',(1.,0.,0.));
#1513=DIRECTION('center_axis',(0.,-1.22464679914735E-16,1.));
#1514=DIRECTION('ref_axis',(1.,0.,0.));
#1515=DIRECTION('',(0.,0.,1.));
#1516=DIRECTION('center_axis',(0.,0.,1.));
#1517=DIRECTION('ref_axis',(1.,0.,0.));
#1518=DIRECTION('center_axis',(0.,-1.,0.));
#1519=DIRECTION('ref_axis',(1.,0.,0.));
#1520=DIRECTION('',(1.,0.,0.));
#1521=DIRECTION('',(1.,0.,0.));
#1522=DIRECTION('center_axis',(0.,0.,-1.));
#1523=DIRECTION('ref_axis',(1.,0.,0.));
#1524=DIRECTION('center_axis',(0.,1.,0.));
#1525=DIRECTION('ref_axis',(-1.,0.,0.));
#1526=DIRECTION('center_axis',(0.,-1.,0.));
#1527=DIRECTION('ref_axis',(-1.,0.,0.));
#1528=DIRECTION('',(-1.,0.,0.));
#1529=DIRECTION('center_axis',(0.,-1.,0.));
#1530=DIRECTION('ref_axis',(-1.,0.,0.));
#1531=DIRECTION('',(0.,0.,1.));
#1532=DIRECTION('center_axis',(0.,-1.,0.));
#1533=DIRECTION('ref_axis',(-1.,0.,0.));
#1534=DIRECTION('',(1.,0.,0.));
#1535=DIRECTION('center_axis',(0.,-1.,0.));
#1536=DIRECTION('ref_axis',(-1.,0.,0.));
#1537=DIRECTION('',(0.,0.,-1.));
#1538=DIRECTION('',(0.,0.,-1.));
#1539=DIRECTION('',(1.,0.,6.89579518400718E-16));
#1540=DIRECTION('',(0.,0.,1.));
#1541=DIRECTION('',(-1.,0.,-1.37915903680144E-15));
#1542=DIRECTION('',(0.999996478771559,0.,-0.00265376044194803));
#1543=DIRECTION('',(0.,0.,-1.));
#1544=DIRECTION('',(0.99999357789817,0.,0.00358387533506366));
#1545=DIRECTION('',(0.,0.,1.));
#1546=DIRECTION('center_axis',(0.00263922296611986,-0.104528099220618,0.994518431692173));
#1547=DIRECTION('ref_axis',(-0.999996517245003,-0.000275873920869185,0.002624765026565));
#1548=DIRECTION('',(0.,-0.994521895368274,-0.104528463267645));
#1549=DIRECTION('',(0.999996478771559,3.24991923093552E-19,-0.00265376044194803));
#1550=DIRECTION('',(0.,-0.994521895368274,-0.104528463267645));
#1551=DIRECTION('',(0.,1.,0.));
#1552=DIRECTION('',(0.,1.,0.));
#1553=DIRECTION('',(0.,1.,0.));
#1554=DIRECTION('',(0.,1.,0.));
#1555=DIRECTION('',(0.,1.,0.));
#1556=DIRECTION('',(0.,1.,0.));
#1557=DIRECTION('',(0.,1.,0.));
#1558=DIRECTION('',(0.,1.,0.));
#1559=DIRECTION('center_axis',(-0.00358387533506366,0.,0.99999357789817));
#1560=DIRECTION('ref_axis',(0.99999357789817,0.,0.00358387533506366));
#1561=DIRECTION('',(-0.99999357789817,0.,-0.00358387533506366));
#1562=DIRECTION('',(0.,1.,0.));
#1563=DIRECTION('',(0.,1.,0.));
#1564=DIRECTION('center_axis',(0.,-1.,0.));
#1565=DIRECTION('ref_axis',(0.707106784126489,0.,-0.707106778246606));
#1566=DIRECTION('',(0.,-1.,0.));
#1567=DIRECTION('center_axis',(0.,-1.,0.));
#1568=DIRECTION('ref_axis',(-1.,0.,0.));
#1569=DIRECTION('',(0.,-1.,0.));
#1570=DIRECTION('center_axis',(1.,0.,0.));
#1571=DIRECTION('ref_axis',(0.,0.,1.));
#1572=DIRECTION('',(0.,-1.,0.));
#1573=DIRECTION('',(0.,0.,1.));
#1574=DIRECTION('center_axis',(0.,-1.,0.));
#1575=DIRECTION('ref_axis',(-1.,0.,0.));
#1576=DIRECTION('',(0.,-1.,0.));
#1577=DIRECTION('center_axis',(0.,-1.,0.));
#1578=DIRECTION('ref_axis',(-1.,0.,0.));
#1579=DIRECTION('center_axis',(0.,0.,1.));
#1580=DIRECTION('ref_axis',(-1.,0.,0.));
#1581=DIRECTION('',(0.,-1.,0.));
#1582=DIRECTION('',(-1.,0.,0.));
#1583=DIRECTION('center_axis',(0.,0.,-1.));
#1584=DIRECTION('ref_axis',(1.,0.,0.));
#1585=DIRECTION('',(1.,0.,0.));
#1586=DIRECTION('',(0.,-1.,0.));
#1587=DIRECTION('center_axis',(0.,-1.,0.));
#1588=DIRECTION('ref_axis',(-1.,0.,0.));
#1589=DIRECTION('center_axis',(0.,-1.,0.));
#1590=DIRECTION('ref_axis',(-1.,0.,0.));
#1591=DIRECTION('',(0.,-1.,0.));
#1592=DIRECTION('center_axis',(-1.,0.,0.));
#1593=DIRECTION('ref_axis',(0.,0.,-1.));
#1594=DIRECTION('',(0.,0.,-1.));
#1595=DIRECTION('',(0.,-1.,0.));
#1596=DIRECTION('center_axis',(0.,-1.,0.));
#1597=DIRECTION('ref_axis',(-1.,0.,0.));
#1598=DIRECTION('center_axis',(0.,-1.,0.));
#1599=DIRECTION('ref_axis',(-1.,0.,0.));
#1600=DIRECTION('center_axis',(6.89579518400718E-16,0.,-1.));
#1601=DIRECTION('ref_axis',(-1.,-6.02927928155761E-19,-6.89579518400718E-16));
#1602=DIRECTION('',(0.,1.,0.));
#1603=DIRECTION('',(1.,-8.44491349967013E-32,6.89579518400718E-16));
#1604=DIRECTION('',(0.,1.,0.));
#1605=DIRECTION('',(0.,1.,0.));
#1606=DIRECTION('center_axis',(-1.,0.,0.));
#1607=DIRECTION('ref_axis',(0.,-3.71856553425425E-19,1.));
#1608=DIRECTION('',(0.,1.,0.));
#1609=DIRECTION('',(0.,1.22464679914735E-16,-1.));
#1610=DIRECTION('',(0.,1.,0.));
#1611=DIRECTION('center_axis',(-1.,0.,0.));
#1612=DIRECTION('ref_axis',(0.,0.104528463267645,-0.994521895368274));
#1613=DIRECTION('',(0.,-1.22464679914735E-16,1.));
#1614=DIRECTION('',(0.,-0.994521895368274,-0.104528463267645));
#1615=DIRECTION('center_axis',(-1.,0.,0.));
#1616=DIRECTION('ref_axis',(0.,0.,1.));
#1617=DIRECTION('',(0.,-0.994521895368273,-0.104528463267653));
#1618=DIRECTION('',(0.,0.,1.));
#1619=DIRECTION('',(0.,-1.,-1.22464679914735E-16));
#1620=DIRECTION('',(0.,0.,1.));
#1621=DIRECTION('center_axis',(0.,-1.,0.));
#1622=DIRECTION('ref_axis',(0.,0.,-1.));
#1623=DIRECTION('',(-1.,0.,0.));
#1624=DIRECTION('',(0.,0.,-1.));
#1625=DIRECTION('',(1.,0.,0.));
#1626=DIRECTION('center_axis',(0.,1.22464679914735E-16,-1.));
#1627=DIRECTION('ref_axis',(1.,0.,0.));
#1628=DIRECTION('',(1.,0.,0.));
#1629=DIRECTION('',(0.,1.,1.22464679914735E-16));
#1630=DIRECTION('center_axis',(1.,0.,0.));
#1631=DIRECTION('ref_axis',(0.,-0.104528463267645,0.994521895368274));
#1632=DIRECTION('',(0.,-0.994521895368274,-0.104528463267645));
#1633=DIRECTION('',(0.,1.22464679914735E-16,-1.));
#1634=DIRECTION('center_axis',(-1.37915903680144E-15,0.,1.));
#1635=DIRECTION('ref_axis',(1.,6.02927928155761E-19,1.37915903680144E-15));
#1636=DIRECTION('',(0.,1.,0.));
#1637=DIRECTION('',(-1.,1.68898269993403E-31,-1.37915903680144E-15));
#1638=DIRECTION('',(0.,1.,0.));
#1639=DIRECTION('center_axis',(1.,0.,0.));
#1640=DIRECTION('ref_axis',(0.,3.71856553425512E-19,-1.));
#1641=DIRECTION('',(0.,1.,0.));
#1642=DIRECTION('',(0.,-1.22464679914735E-16,1.));
#1643=DIRECTION('center_axis',(0.,-1.,0.));
#1644=DIRECTION('ref_axis',(0.,0.,-1.));
#1645=DIRECTION('',(0.,0.,-1.));
#1646=DIRECTION('',(-1.,0.,0.));
#1647=DIRECTION('center_axis',(1.,0.,0.));
#1648=DIRECTION('ref_axis',(0.,0.,-1.));
#1649=DIRECTION('',(0.,0.994521895368273,0.104528463267653));
#1650=DIRECTION('center_axis',(0.,-0.104528463267644,0.994521895368274));
#1651=DIRECTION('ref_axis',(1.,0.,0.));
#1652=DIRECTION('',(-1.,0.,0.));
#1653=DIRECTION('',(0.,0.994521895368273,0.104528463267654));
#1654=DIRECTION('',(1.,0.,0.));
#1655=DIRECTION('',(0.,-0.994521895368273,-0.104528463267654));
#1656=DIRECTION('center_axis',(0.00356424274109027,0.104527799309815,-0.994515578231497));
#1657=DIRECTION('ref_axis',(0.999993648066668,-0.000372564816439026,0.00354471744642171));
#1658=DIRECTION('',(-0.99999357789817,4.38898145762886E-19,-0.00358387533506366));
#1659=DIRECTION('center_axis',(0.,1.22464679914735E-16,-1.));
#1660=DIRECTION('ref_axis',(1.,0.,0.));
#1661=DIRECTION('center_axis',(0.,-1.22464679914735E-16,1.));
#1662=DIRECTION('ref_axis',(-1.,0.,0.));
#1663=DIRECTION('center_axis',(1.,0.,0.));
#1664=DIRECTION('ref_axis',(0.,-1.,-1.22464679914735E-16));
#1665=DIRECTION('',(0.,1.22464679914735E-16,-1.));
#1666=DIRECTION('',(0.,1.,1.22464679914735E-16));
#1667=DIRECTION('',(0.,-1.22464679914735E-16,1.));
#1668=DIRECTION('',(0.,-0.104528463267645,0.994521895368274));
#1669=DIRECTION('',(0.,-0.104528463267645,0.994521895368274));
#1670=DIRECTION('center_axis',(-1.,0.,0.));
#1671=DIRECTION('ref_axis',(0.,1.,1.22464679914735E-16));
#1672=DIRECTION('',(0.,1.22464679914735E-16,-1.));
#1673=DIRECTION('',(0.,-1.,-1.22464679914735E-16));
#1674=DIRECTION('',(0.,1.22464679914735E-16,-1.));
#1675=DIRECTION('',(0.,-0.104528463267645,0.994521895368274));
#1676=DIRECTION('',(0.,-0.104528463267645,0.994521895368274));
#1677=DIRECTION('center_axis',(0.,-1.,-1.22464679914735E-16));
#1678=DIRECTION('ref_axis',(-1.,0.,0.));
#1679=DIRECTION('',(-1.,0.,0.));
#1680=DIRECTION('',(1.,0.,0.));
#1681=DIRECTION('center_axis',(0.,1.22464679914735E-16,-1.));
#1682=DIRECTION('ref_axis',(1.,0.,0.));
#1683=DIRECTION('center_axis',(0.,-1.22464679914735E-16,1.));
#1684=DIRECTION('ref_axis',(-1.,0.,0.));
#1685=DIRECTION('center_axis',(0.,1.22464679914735E-16,-1.));
#1686=DIRECTION('ref_axis',(1.,0.,0.));
#1687=DIRECTION('center_axis',(0.,-1.22464679914735E-16,1.));
#1688=DIRECTION('ref_axis',(-1.,0.,0.));
#1689=DIRECTION('center_axis',(0.,0.,1.));
#1690=DIRECTION('ref_axis',(-1.,0.,0.));
#1691=DIRECTION('center_axis',(-5.76448334558757E-18,0.104528463267652,
-0.994521895368274));
#1692=DIRECTION('ref_axis',(0.,-0.994521895368274,-0.104528463267652));
#1693=DIRECTION('',(0.,0.,-1.));
#1694=DIRECTION('center_axis',(0.,1.22464679914735E-16,-1.));
#1695=DIRECTION('ref_axis',(-1.,0.,0.));
#1696=DIRECTION('center_axis',(0.,1.22464679914735E-16,-1.));
#1697=DIRECTION('ref_axis',(1.,0.,0.));
#1698=DIRECTION('center_axis',(0.,-1.22464679914735E-16,1.));
#1699=DIRECTION('ref_axis',(-1.,0.,0.));
#1700=DIRECTION('center_axis',(0.,0.,1.));
#1701=DIRECTION('ref_axis',(-1.,0.,0.));
#1702=DIRECTION('center_axis',(0.,-0.0523359562430001,0.998629534754571));
#1703=DIRECTION('ref_axis',(5.44070780841655E-17,-0.998629534754571,-0.0523359562430001));
#1704=DIRECTION('center_axis',(0.,-0.99863705774675,-0.0521922110559936));
#1705=DIRECTION('ref_axis',(0.,0.0521922110559936,-0.99863705774675));
#1706=DIRECTION('center_axis',(5.76448334558757E-18,-0.104528463267652,
0.994521895368274));
#1707=DIRECTION('ref_axis',(0.,-0.994521895368273,-0.104528463267652));
#1708=DIRECTION('',(0.,0.,-1.));
#1709=DIRECTION('center_axis',(5.76448334558757E-18,-0.104528463267652,
0.994521895368274));
#1710=DIRECTION('ref_axis',(0.,-0.994521895368273,-0.104528463267652));
#1711=DIRECTION('center_axis',(0.,-0.99863705774675,-0.0521922110559936));
#1712=DIRECTION('ref_axis',(0.,0.0521922110559936,-0.99863705774675));
#1713=DIRECTION('center_axis',(0.,1.22464679914735E-16,-1.));
#1714=DIRECTION('ref_axis',(1.,0.,0.));
#1715=DIRECTION('',(-1.,0.,0.));
#1716=DIRECTION('center_axis',(0.,1.22464679914735E-16,-1.));
#1717=DIRECTION('ref_axis',(-1.,0.,0.));
#1718=DIRECTION('center_axis',(0.,1.22464679914735E-16,-1.));
#1719=DIRECTION('ref_axis',(-1.,0.,0.));
#1720=DIRECTION('center_axis',(0.,1.22464679914735E-16,-1.));
#1721=DIRECTION('ref_axis',(-1.,0.,0.));
#1722=DIRECTION('center_axis',(0.,0.,1.));
#1723=DIRECTION('ref_axis',(-1.,0.,0.));
#1724=DIRECTION('center_axis',(0.,-0.0523359562429961,0.998629534754571));
#1725=DIRECTION('ref_axis',(5.44070780841655E-17,-0.998629534754571,-0.0523359562429961));
#1726=DIRECTION('center_axis',(0.,-0.99863705774675,-0.0521922110559936));
#1727=DIRECTION('ref_axis',(0.,0.0521922110559936,-0.99863705774675));
#1728=DIRECTION('center_axis',(5.76448334558757E-18,-0.104528463267652,
0.994521895368274));
#1729=DIRECTION('ref_axis',(0.,-0.994521895368273,-0.104528463267652));
#1730=DIRECTION('',(0.,0.,-1.));
#1731=DIRECTION('center_axis',(5.76448334558757E-18,-0.104528463267652,
0.994521895368274));
#1732=DIRECTION('ref_axis',(0.,-0.994521895368273,-0.104528463267652));
#1733=DIRECTION('center_axis',(0.,-0.99863705774675,-0.0521922110559936));
#1734=DIRECTION('ref_axis',(0.,0.0521922110559936,-0.99863705774675));
#1735=DIRECTION('center_axis',(5.76448334558757E-18,-0.104528463267652,
0.994521895368274));
#1736=DIRECTION('ref_axis',(1.,0.,-5.7962357313943E-18));
#1737=DIRECTION('center_axis',(5.76448334558757E-18,-0.104528463267652,
0.994521895368274));
#1738=DIRECTION('ref_axis',(5.44817434200327E-17,-0.994521895368274,-0.104528463267645));
#1739=DIRECTION('center_axis',(5.76448334558757E-18,-0.104528463267652,
0.994521895368274));
#1740=DIRECTION('ref_axis',(0.,-0.994521895368273,-0.104528463267652));
#1741=DIRECTION('center_axis',(5.76448334558757E-18,-0.104528463267652,
0.994521895368274));
#1742=DIRECTION('ref_axis',(1.,0.,-5.7962357313943E-18));
#1743=DIRECTION('center_axis',(-5.76448334558757E-18,0.104528463267652,
-0.994521895368274));
#1744=DIRECTION('ref_axis',(0.,-0.994521895368274,-0.104528463267652));
#1745=DIRECTION('center_axis',(5.76448334558757E-18,-0.104528463267652,
0.994521895368274));
#1746=DIRECTION('ref_axis',(0.,-0.994521895368273,-0.104528463267652));
#1747=DIRECTION('center_axis',(5.76448334558757E-18,-0.104528463267652,
0.994521895368274));
#1748=DIRECTION('ref_axis',(5.44817434200327E-17,-0.994521895368274,-0.104528463267652));
#1749=DIRECTION('center_axis',(5.76448334558757E-18,-0.104528463267652,
0.994521895368274));
#1750=DIRECTION('ref_axis',(0.,-0.994521895368273,-0.104528463267652));
#1751=DIRECTION('',(0.,0.104528463267645,-0.994521895368274));
#1752=DIRECTION('center_axis',(5.76448334558757E-18,-0.104528463267652,
0.994521895368274));
#1753=DIRECTION('ref_axis',(1.,0.,-5.7962357313943E-18));
#1754=DIRECTION('center_axis',(-5.76448334558757E-18,0.104528463267652,
-0.994521895368274));
#1755=DIRECTION('ref_axis',(0.,-0.994521895368274,-0.104528463267652));
#1756=DIRECTION('center_axis',(5.76448334558757E-18,-0.104528463267652,
0.994521895368274));
#1757=DIRECTION('ref_axis',(0.,-0.994521895368273,-0.104528463267652));
#1758=DIRECTION('center_axis',(5.76448334558757E-18,-0.104528463267652,
0.994521895368274));
#1759=DIRECTION('ref_axis',(5.44817434200327E-17,-0.994521895368274,-0.104528463267652));
#1760=DIRECTION('center_axis',(5.76448334558757E-18,-0.104528463267652,
0.994521895368274));
#1761=DIRECTION('ref_axis',(0.,-0.994521895368273,-0.104528463267652));
#1762=DIRECTION('',(0.,0.104528463267645,-0.994521895368274));
#1763=DIRECTION('center_axis',(5.76448334558757E-18,-0.104528463267652,
0.994521895368274));
#1764=DIRECTION('ref_axis',(1.,0.,-5.7962357313943E-18));
#1765=DIRECTION('center_axis',(-5.76448334558757E-18,0.104528463267652,
-0.994521895368274));
#1766=DIRECTION('ref_axis',(0.,-0.994521895368274,-0.104528463267652));
#1767=DIRECTION('center_axis',(5.76448334558757E-18,-0.104528463267652,
0.994521895368274));
#1768=DIRECTION('ref_axis',(0.,-0.994521895368273,-0.104528463267652));
#1769=DIRECTION('center_axis',(5.76448334558757E-18,-0.104528463267652,
0.994521895368274));
#1770=DIRECTION('ref_axis',(5.44817434200327E-17,-0.994521895368274,-0.104528463267652));
#1771=DIRECTION('center_axis',(5.76448334558757E-18,-0.104528463267652,
0.994521895368274));
#1772=DIRECTION('ref_axis',(0.,-0.994521895368273,-0.104528463267652));
#1773=DIRECTION('center_axis',(5.76448334558757E-18,-0.104528463267652,
0.994521895368274));
#1774=DIRECTION('ref_axis',(0.,-0.994521895368273,-0.104528463267652));
#1775=DIRECTION('center_axis',(5.76448334558757E-18,-0.104528463267652,
0.994521895368274));
#1776=DIRECTION('ref_axis',(5.44817434200327E-17,-0.994521895368274,-0.104528463267652));
#1777=DIRECTION('',(0.,-0.104528463267645,0.994521895368274));
#1778=DIRECTION('center_axis',(5.76448334558757E-18,-0.104528463267652,
0.994521895368274));
#1779=DIRECTION('ref_axis',(0.,-0.994521895368273,-0.104528463267652));
#1780=DIRECTION('',(0.,0.104528463267645,-0.994521895368274));
#1781=DIRECTION('center_axis',(0.,0.,1.));
#1782=DIRECTION('ref_axis',(-1.,0.,0.));
#1783=DIRECTION('',(0.,0.,-1.));
#1784=DIRECTION('center_axis',(0.,0.,1.));
#1785=DIRECTION('ref_axis',(-1.,0.,0.));
#1786=DIRECTION('',(0.,0.,-1.));
#1787=DIRECTION('center_axis',(0.,0.,1.));
#1788=DIRECTION('ref_axis',(-1.,0.,0.));
#1789=DIRECTION('',(0.,0.,-1.));
#1790=DIRECTION('center_axis',(0.,0.,1.));
#1791=DIRECTION('ref_axis',(-1.,0.,0.));
#1792=DIRECTION('center_axis',(0.,-0.998629534754574,-0.0523359562429392));
#1793=DIRECTION('ref_axis',(2.85135413966989E-18,0.0523359562429392,-0.998629534754574));
#1794=DIRECTION('center_axis',(5.76448334558757E-18,-0.104528463267652,
0.994521895368274));
#1795=DIRECTION('ref_axis',(0.,-0.994521895368273,-0.104528463267652));
#1796=DIRECTION('',(0.,0.,-1.));
#1797=DIRECTION('center_axis',(5.76448334558757E-18,-0.104528463267652,
0.994521895368274));
#1798=DIRECTION('ref_axis',(0.,-0.994521895368273,-0.104528463267652));
#1799=DIRECTION('center_axis',(0.,-0.998629534754574,-0.0523359562429392));
#1800=DIRECTION('ref_axis',(2.85135413966989E-18,0.0523359562429392,-0.998629534754574));
#1801=DIRECTION('center_axis',(0.,0.,1.));
#1802=DIRECTION('ref_axis',(-1.,0.,0.));
#1803=DIRECTION('center_axis',(0.,-0.998629534754574,-0.0523359562429397));
#1804=DIRECTION('ref_axis',(2.85135413966987E-18,0.0523359562429397,-0.998629534754574));
#1805=DIRECTION('',(0.,0.,-1.));
#1806=DIRECTION('center_axis',(0.,-0.998629534754574,-0.0523359562429397));
#1807=DIRECTION('ref_axis',(2.85135413966987E-18,0.0523359562429397,-0.998629534754574));
#1808=DIRECTION('',(0.,-0.104528463267645,0.994521895368274));
#1809=DIRECTION('',(0.,-0.104528463267645,0.994521895368274));
#1810=DIRECTION('center_axis',(0.,0.104528463267645,-0.994521895368274));
#1811=DIRECTION('ref_axis',(-1.76946423334768E-16,0.994521895368274,0.104528463267645));
#1812=DIRECTION('center_axis',(5.76448334558757E-18,-0.104528463267652,
0.994521895368274));
#1813=DIRECTION('ref_axis',(5.44817434200327E-17,-0.994521895368274,-0.104528463267652));
#1814=DIRECTION('center_axis',(0.,0.104528463267645,-0.994521895368274));
#1815=DIRECTION('ref_axis',(5.44817434200327E-17,-0.994521895368274,-0.104528463267645));
#1816=DIRECTION('center_axis',(0.,0.104528463267645,-0.994521895368274));
#1817=DIRECTION('ref_axis',(-4.17374931198533E-15,0.994521895368274,0.104528463267645));
#1818=DIRECTION('center_axis',(0.,0.104528463267645,-0.994521895368274));
#1819=DIRECTION('ref_axis',(7.11231996365357E-16,0.994521895368274,0.104528463267645));
#1820=DIRECTION('center_axis',(5.76448334558757E-18,-0.104528463267652,
0.994521895368274));
#1821=DIRECTION('ref_axis',(1.,5.47858393147051E-17,-3.80119868340544E-20));
#1822=DIRECTION('center_axis',(0.,0.104528463267645,-0.994521895368274));
#1823=DIRECTION('ref_axis',(5.44817434200327E-17,-0.994521895368274,-0.104528463267645));
#1824=DIRECTION('center_axis',(0.,0.994521895368274,0.104528463267645));
#1825=DIRECTION('ref_axis',(-1.,0.,0.));
#1826=DIRECTION('center_axis',(0.,-0.994521895368274,-0.104528463267645));
#1827=DIRECTION('ref_axis',(1.,0.,0.));
#1828=DIRECTION('',(1.,0.,0.));
#1829=DIRECTION('center_axis',(0.,1.,1.22464679914735E-16));
#1830=DIRECTION('ref_axis',(1.,0.,0.));
#1831=CARTESIAN_POINT('',(0.,0.,0.));
#1832=CARTESIAN_POINT('Origin',(-145.997526250741,-194.025429236008,1.66401796683317));
#1833=CARTESIAN_POINT('',(-145.997526250741,-190.025429236008,1.66401796683317));
#1834=CARTESIAN_POINT('',(-145.997526250741,-198.025429236008,1.66401796683317));
#1835=CARTESIAN_POINT('Origin',(-145.997526250741,-194.025429236008,1.66401796683317));
#1836=CARTESIAN_POINT('',(-145.997526250741,-190.025429236008,3.66401796683317));
#1837=CARTESIAN_POINT('',(-145.997526250741,-190.025429236008,1.66401796683317));
#1838=CARTESIAN_POINT('',(-145.997526250741,-198.025429236008,3.66401796683317));
#1839=CARTESIAN_POINT('Origin',(-145.997526250741,-194.025429236008,3.66401796683317));
#1840=CARTESIAN_POINT('',(-145.997526250741,-198.025429236008,1.66401796683317));
#1841=CARTESIAN_POINT('Origin',(-128.997526250741,-190.025429236008,1.66401796683317));
#1842=CARTESIAN_POINT('',(-128.997526250741,-190.025429236008,1.66401796683317));
#1843=CARTESIAN_POINT('',(-64.4987631253706,-190.025429236008,1.66401796683316));
#1844=CARTESIAN_POINT('',(-128.997526250741,-190.025429236008,3.66401796683317));
#1845=CARTESIAN_POINT('',(-128.997526250741,-190.025429236008,1.66401796683317));
#1846=CARTESIAN_POINT('',(-149.997526250741,-190.025429236008,3.66401796683317));
#1847=CARTESIAN_POINT('Origin',(-128.997526250741,-194.025429236008,1.66401796683317));
#1848=CARTESIAN_POINT('',(-128.997526250741,-198.025429236008,1.66401796683317));
#1849=CARTESIAN_POINT('Origin',(-128.997526250741,-194.025429236008,1.66401796683317));
#1850=CARTESIAN_POINT('',(-128.997526250741,-198.025429236008,3.66401796683317));
#1851=CARTESIAN_POINT('',(-128.997526250741,-198.025429236008,1.66401796683317));
#1852=CARTESIAN_POINT('Origin',(-128.997526250741,-194.025429236008,3.66401796683317));
#1853=CARTESIAN_POINT('Origin',(-145.997526250741,-198.025429236008,1.66401796683317));
#1854=CARTESIAN_POINT('',(-72.9987631253705,-198.025429236008,1.66401796683316));
#1855=CARTESIAN_POINT('',(-124.997526250741,-198.025429236008,3.66401796683317));
#1856=CARTESIAN_POINT('Origin',(-137.497526250741,-194.025429236008,3.66401796683317));
#1857=CARTESIAN_POINT('Origin',(129.00017048941,-194.032672045126,1.66401796683317));
#1858=CARTESIAN_POINT('',(129.00017048941,-190.032672045126,1.66401796683317));
#1859=CARTESIAN_POINT('',(129.00017048941,-198.032672045126,1.66401796683317));
#1860=CARTESIAN_POINT('Origin',(129.00017048941,-194.032672045126,1.66401796683317));
#1861=CARTESIAN_POINT('',(129.00017048941,-190.032672045126,3.66401796683317));
#1862=CARTESIAN_POINT('',(129.00017048941,-190.032672045126,1.66401796683317));
#1863=CARTESIAN_POINT('',(129.00017048941,-198.032672045126,3.66401796683317));
#1864=CARTESIAN_POINT('Origin',(129.00017048941,-194.032672045126,3.66401796683317));
#1865=CARTESIAN_POINT('',(129.00017048941,-198.032672045126,1.66401796683317));
#1866=CARTESIAN_POINT('Origin',(146.00017048941,-190.032672045126,1.66401796683317));
#1867=CARTESIAN_POINT('',(146.00017048941,-190.032672045126,1.66401796683317));
#1868=CARTESIAN_POINT('',(73.0000852447048,-190.032672045126,1.66401796683316));
#1869=CARTESIAN_POINT('',(146.00017048941,-190.032672045126,3.66401796683317));
#1870=CARTESIAN_POINT('',(146.00017048941,-190.032672045126,1.66401796683317));
#1871=CARTESIAN_POINT('',(125.00017048941,-190.032672045126,3.66401796683317));
#1872=CARTESIAN_POINT('Origin',(146.00017048941,-194.032672045126,1.66401796683317));
#1873=CARTESIAN_POINT('',(146.00017048941,-198.032672045126,1.66401796683317));
#1874=CARTESIAN_POINT('Origin',(146.00017048941,-194.032672045126,1.66401796683317));
#1875=CARTESIAN_POINT('',(146.00017048941,-198.032672045126,3.66401796683317));
#1876=CARTESIAN_POINT('',(146.00017048941,-198.032672045126,1.66401796683317));
#1877=CARTESIAN_POINT('Origin',(146.00017048941,-194.032672045126,3.66401796683317));
#1878=CARTESIAN_POINT('Origin',(129.00017048941,-198.032672045126,1.66401796683317));
#1879=CARTESIAN_POINT('',(64.5000852447048,-198.032672045126,1.66401796683316));
#1880=CARTESIAN_POINT('',(150.00017048941,-198.032672045126,3.66401796683317));
#1881=CARTESIAN_POINT('Origin',(137.50017048941,-194.032672045126,3.66401796683317));
#1882=CARTESIAN_POINT('Origin',(-30.,-62.2459021646316,20.));
#1883=CARTESIAN_POINT('',(-59.,-62.2459021646316,30.));
#1884=CARTESIAN_POINT('',(-60.,-62.2459021646316,29.));
#1885=CARTESIAN_POINT('Origin',(-59.,-62.2459021646316,29.));
#1886=CARTESIAN_POINT('',(-0.999999999999996,-62.2459021646316,30.));
#1887=CARTESIAN_POINT('',(-15.5,-62.2459021646316,30.));
#1888=CARTESIAN_POINT('',(0.,-62.2459021646316,29.0000000083154));
#1889=CARTESIAN_POINT('Origin',(-1.,-62.2459021646316,29.));
#1890=CARTESIAN_POINT('',(0.,-62.2459021646316,11.0000000083154));
#1891=CARTESIAN_POINT('',(0.,-62.2459021646316,15.5000000041577));
#1892=CARTESIAN_POINT('',(-0.999999999999996,-62.2459021646316,10.));
#1893=CARTESIAN_POINT('Origin',(-1.,-62.2459021646316,11.));
#1894=CARTESIAN_POINT('',(-59.,-62.2459021646316,10.));
#1895=CARTESIAN_POINT('',(-44.5,-62.2459021646316,10.));
#1896=CARTESIAN_POINT('',(-60.,-62.2459021646316,11.));
#1897=CARTESIAN_POINT('Origin',(-59.,-62.2459021646316,11.));
#1898=CARTESIAN_POINT('',(-60.,-62.2459021646316,24.5));
#1899=CARTESIAN_POINT('',(-17.705274052936,-62.2459021646316,21.8029955863087));
#1900=CARTESIAN_POINT('',(-19.455274052936,-62.2459021646316,20.0598432170984));
#1901=CARTESIAN_POINT('Ctrl Pts',(-17.705274052936,-62.2459021646316,21.8029955863087));
#1902=CARTESIAN_POINT('Ctrl Pts',(-17.7954951094786,-62.2459021646316,21.8029955863087));
#1903=CARTESIAN_POINT('Ctrl Pts',(-17.8855853949449,-62.2459021646316,21.7960459247561));
#1904=CARTESIAN_POINT('Ctrl Pts',(-17.9747386875598,-62.2459021646316,21.782206871979));
#1905=CARTESIAN_POINT('Ctrl Pts',(-18.0638889199249,-62.2459021646316,21.7683682942372));
#1906=CARTESIAN_POINT('Ctrl Pts',(-18.1518433100037,-62.2459021646316,21.7476809830183));
#1907=CARTESIAN_POINT('Ctrl Pts',(-18.237813487948,-62.2459021646316,21.720324642527));
#1908=CARTESIAN_POINT('Ctrl Pts',(-18.4555535140609,-62.2459021646316,21.6510381709227));
#1909=CARTESIAN_POINT('Ctrl Pts',(-18.6577028958555,-62.2459021646316,21.5398821503473));
#1910=CARTESIAN_POINT('Ctrl Pts',(-18.8327339691553,-62.2459021646316,21.3930151396423));
#1911=CARTESIAN_POINT('Ctrl Pts',(-19.0071174521528,-62.2459021646316,21.2466915161774));
#1912=CARTESIAN_POINT('Ctrl Pts',(-19.1512443392071,-62.2459021646316,21.067718072737));
#1913=CARTESIAN_POINT('Ctrl Pts',(-19.2568485553123,-62.2459021646316,20.8660707863744));
#1914=CARTESIAN_POINT('Ctrl Pts',(-19.3217583304249,-62.2459021646316,20.7421280074533));
#1915=CARTESIAN_POINT('Ctrl Pts',(-19.3714847414149,-62.2459021646316,20.6108185519489));
#1916=CARTESIAN_POINT('Ctrl Pts',(-19.4049266154151,-62.2459021646316,20.4749644333527));
#1917=CARTESIAN_POINT('Ctrl Pts',(-19.4383662401711,-62.2459021646316,20.3391194520756));
#1918=CARTESIAN_POINT('Ctrl Pts',(-19.455274052936,-62.2459021646316,20.1997429173445));
#1919=CARTESIAN_POINT('Ctrl Pts',(-19.455274052936,-62.2459021646316,20.0598432170984));
#1920=CARTESIAN_POINT('',(-19.455274052936,-62.2459021646316,19.3537326713869));
#1921=CARTESIAN_POINT('',(-19.455274052936,-62.2459021646316,19.6768663356935));
#1922=CARTESIAN_POINT('',(-17.705274052936,-62.2459021646316,17.6105803021766));
#1923=CARTESIAN_POINT('Ctrl Pts',(-19.455274052936,-62.2459021646316,19.3537326713869));
#1924=CARTESIAN_POINT('Ctrl Pts',(-19.455274052936,-62.2459021646316,19.1480581494968));
#1925=CARTESIAN_POINT('Ctrl Pts',(-19.4187307526417,-62.2459021646316,18.9440473122957));
#1926=CARTESIAN_POINT('Ctrl Pts',(-19.3473843096577,-62.2459021646316,18.7511404217991));
#1927=CARTESIAN_POINT('Ctrl Pts',(-19.2760305912077,-62.2459021646316,18.5582138598586));
#1928=CARTESIAN_POINT('Ctrl Pts',(-19.1710146873781,-62.2459021646316,18.3794920664188));
#1929=CARTESIAN_POINT('Ctrl Pts',(-19.0372963465795,-62.2459021646316,18.2231755114635));
#1930=CARTESIAN_POINT('Ctrl Pts',(-18.8895801123914,-62.2459021646316,18.0504954385479));
#1931=CARTESIAN_POINT('Ctrl Pts',(-18.7095453546223,-62.2459021646316,17.908316961001));
#1932=CARTESIAN_POINT('Ctrl Pts',(-18.5074027375467,-62.2459021646316,17.8044753481755));
#1933=CARTESIAN_POINT('Ctrl Pts',(-18.3837706482395,-62.2459021646316,17.7409649626053));
#1934=CARTESIAN_POINT('Ctrl Pts',(-18.2530141092997,-62.2459021646316,17.6923831643656));
#1935=CARTESIAN_POINT('Ctrl Pts',(-18.117911649223,-62.2459021646316,17.6597311128896));
#1936=CARTESIAN_POINT('Ctrl Pts',(-17.9827998371127,-62.2459021646316,17.6270768011802));
#1937=CARTESIAN_POINT('Ctrl Pts',(-17.8442763488804,-62.2459021646316,17.6105803021766));
#1938=CARTESIAN_POINT('Ctrl Pts',(-17.705274052936,-62.2459021646316,17.6105803021766));
#1939=CARTESIAN_POINT('',(-11.265274052936,-62.2459021646316,17.6105803021766));
#1940=CARTESIAN_POINT('',(-20.632637026468,-62.2459021646316,17.6105803021766));
#1941=CARTESIAN_POINT('',(-9.51527405293596,-62.2459021646316,19.3537326713869));
#1942=CARTESIAN_POINT('Ctrl Pts',(-11.265274052936,-62.2459021646316,17.6105803021766));
#1943=CARTESIAN_POINT('Ctrl Pts',(-11.1750529963933,-62.2459021646316,17.6105803021766));
#1944=CARTESIAN_POINT('Ctrl Pts',(-11.084962710927,-62.2459021646316,17.6175299637292));
#1945=CARTESIAN_POINT('Ctrl Pts',(-10.9958094183122,-62.2459021646316,17.6313690165063));
#1946=CARTESIAN_POINT('Ctrl Pts',(-10.906659185947,-62.2459021646316,17.6452075942481));
#1947=CARTESIAN_POINT('Ctrl Pts',(-10.8187047958682,-62.2459021646316,17.665894905467));
#1948=CARTESIAN_POINT('Ctrl Pts',(-10.732734617924,-62.2459021646316,17.6932512459584));
#1949=CARTESIAN_POINT('Ctrl Pts',(-10.514994591811,-62.2459021646316,17.7625377175626));
#1950=CARTESIAN_POINT('Ctrl Pts',(-10.3128452100164,-62.2459021646316,17.873693738138));
#1951=CARTESIAN_POINT('Ctrl Pts',(-10.1378141367166,-62.2459021646316,18.020560748843));
#1952=CARTESIAN_POINT('Ctrl Pts',(-9.9634306537191,-62.2459021646316,18.1668843723079));
#1953=CARTESIAN_POINT('Ctrl Pts',(-9.81930376666479,-62.2459021646316,18.3458578157483));
#1954=CARTESIAN_POINT('Ctrl Pts',(-9.7136995505596,-62.2459021646316,18.5475051021109));
#1955=CARTESIAN_POINT('Ctrl Pts',(-9.64878977544705,-62.2459021646316,18.671447881032));
#1956=CARTESIAN_POINT('Ctrl Pts',(-9.59906336445698,-62.2459021646316,18.8027573365364));
#1957=CARTESIAN_POINT('Ctrl Pts',(-9.56562149045687,-62.2459021646316,18.9386114551326));
#1958=CARTESIAN_POINT('Ctrl Pts',(-9.53218186570087,-62.2459021646316,19.0744564364097));
#1959=CARTESIAN_POINT('Ctrl Pts',(-9.51527405293596,-62.2459021646316,19.2138329711408));
#1960=CARTESIAN_POINT('Ctrl Pts',(-9.51527405293596,-62.2459021646316,19.3537326713869));
#1961=CARTESIAN_POINT('',(-9.51527405293596,-62.2459021646316,20.0598432170984));
#1962=CARTESIAN_POINT('',(-9.51527405293596,-62.2459021646316,20.0299216085492));
#1963=CARTESIAN_POINT('',(-11.265274052936,-62.2459021646316,21.8029955863087));
#1964=CARTESIAN_POINT('Ctrl Pts',(-9.51527405293596,-62.2459021646316,20.0598432170984));
#1965=CARTESIAN_POINT('Ctrl Pts',(-9.51527405293596,-62.2459021646316,20.2655177389886));
#1966=CARTESIAN_POINT('Ctrl Pts',(-9.55181735323027,-62.2459021646316,20.4695285761897));
#1967=CARTESIAN_POINT('Ctrl Pts',(-9.62316379621418,-62.2459021646316,20.6624354666863));
#1968=CARTESIAN_POINT('Ctrl Pts',(-9.69451751466424,-62.2459021646316,20.8553620286268));
#1969=CARTESIAN_POINT('Ctrl Pts',(-9.7995334184938,-62.2459021646316,21.0340838220665));
#1970=CARTESIAN_POINT('Ctrl Pts',(-9.9332517592924,-62.2459021646316,21.1904003770218));
#1971=CARTESIAN_POINT('Ctrl Pts',(-10.0809679934805,-62.2459021646316,21.3630804499374));
#1972=CARTESIAN_POINT('Ctrl Pts',(-10.2610027512496,-62.2459021646316,21.5052589274843));
#1973=CARTESIAN_POINT('Ctrl Pts',(-10.4631453683252,-62.2459021646316,21.6091005403098));
#1974=CARTESIAN_POINT('Ctrl Pts',(-10.5867774576324,-62.2459021646316,21.67261092588));
#1975=CARTESIAN_POINT('Ctrl Pts',(-10.7175339965723,-62.2459021646316,21.7211927241197));
#1976=CARTESIAN_POINT('Ctrl Pts',(-10.8526364566489,-62.2459021646316,21.7538447755958));
#1977=CARTESIAN_POINT('Ctrl Pts',(-10.9877482687593,-62.2459021646316,21.7864990873051));
#1978=CARTESIAN_POINT('Ctrl Pts',(-11.1262717569915,-62.2459021646316,21.8029955863087));
#1979=CARTESIAN_POINT('Ctrl Pts',(-11.265274052936,-62.2459021646316,21.8029955863087));
#1980=CARTESIAN_POINT('',(-23.852637026468,-62.2459021646316,21.8029955863087));
#1981=CARTESIAN_POINT('',(-45.758238654776,-62.2459021646316,21.6359653752506));
#1982=CARTESIAN_POINT('',(-36.6990227804034,-62.2459021646316,21.611924301874));
#1983=CARTESIAN_POINT('',(-36.7006174482896,-62.2459021646316,21.6119285337554));
#1984=CARTESIAN_POINT('',(-45.758238654776,-62.2459021646316,17.4768428318022));
#1985=CARTESIAN_POINT('',(-45.758238654776,-62.2459021646316,21.1560016327341));
#1986=CARTESIAN_POINT('',(-36.6990227804034,-62.2459021646316,17.5093101406377));
#1987=CARTESIAN_POINT('',(-37.8732200943399,-62.2459021646316,17.5051019368203));
#1988=CARTESIAN_POINT('',(-36.6990227804034,-62.2459021646316,19.1671962675873));
#1989=CARTESIAN_POINT('Origin',(-36.6990227804034,-55.8113320821296,22.2882248696587));
#1990=CARTESIAN_POINT('',(-36.6990227804034,-69.5,20.8494878963452));
#1991=CARTESIAN_POINT('',(-36.6990227804034,-55.8113320821296,22.2882248696587));
#1992=CARTESIAN_POINT('',(-45.758238654776,-69.5,20.8735289697218));
#1993=CARTESIAN_POINT('',(-97.6047260579343,-69.5,21.0111176115273));
#1994=CARTESIAN_POINT('',(-45.758238654776,-55.813831292237,22.3120032654682));
#1995=CARTESIAN_POINT('Ctrl Pts',(-9.51527405293596,-63.2459021646316,20.0598432170984));
#1996=CARTESIAN_POINT('Ctrl Pts',(-9.51527405293596,-62.2459021646316,20.0598432170984));
#1997=CARTESIAN_POINT('Ctrl Pts',(-9.51527405293596,-63.2459021646316,20.2655177389886));
#1998=CARTESIAN_POINT('Ctrl Pts',(-9.51527405293596,-62.2459021646316,20.2655177389886));
#1999=CARTESIAN_POINT('Ctrl Pts',(-9.55181735323027,-63.2459021646316,20.4695285761897));
#2000=CARTESIAN_POINT('Ctrl Pts',(-9.55181735323027,-62.2459021646316,20.4695285761897));
#2001=CARTESIAN_POINT('Ctrl Pts',(-9.69451751466424,-63.2459021646316,20.8553620286268));
#2002=CARTESIAN_POINT('Ctrl Pts',(-9.69451751466424,-62.2459021646316,20.8553620286268));
#2003=CARTESIAN_POINT('Ctrl Pts',(-9.7995334184938,-63.2459021646316,21.0340838220665));
#2004=CARTESIAN_POINT('Ctrl Pts',(-9.7995334184938,-62.2459021646316,21.0340838220665));
#2005=CARTESIAN_POINT('Ctrl Pts',(-10.0809679934805,-63.2459021646316,21.3630804499374));
#2006=CARTESIAN_POINT('Ctrl Pts',(-10.0809679934805,-62.2459021646316,21.3630804499374));
#2007=CARTESIAN_POINT('Ctrl Pts',(-10.2610027512496,-63.2459021646316,21.5052589274843));
#2008=CARTESIAN_POINT('Ctrl Pts',(-10.2610027512496,-62.2459021646316,21.5052589274843));
#2009=CARTESIAN_POINT('Ctrl Pts',(-10.5867774576324,-63.2459021646316,21.67261092588));
#2010=CARTESIAN_POINT('Ctrl Pts',(-10.5867774576324,-62.2459021646316,21.67261092588));
#2011=CARTESIAN_POINT('Ctrl Pts',(-10.7175339965723,-63.2459021646316,21.7211927241197));
#2012=CARTESIAN_POINT('Ctrl Pts',(-10.7175339965723,-62.2459021646316,21.7211927241197));
#2013=CARTESIAN_POINT('Ctrl Pts',(-10.9877482687593,-63.2459021646316,21.7864990873051));
#2014=CARTESIAN_POINT('Ctrl Pts',(-10.9877482687593,-62.2459021646316,21.7864990873051));
#2015=CARTESIAN_POINT('Ctrl Pts',(-11.1262717569915,-63.2459021646316,21.8029955863087));
#2016=CARTESIAN_POINT('Ctrl Pts',(-11.1262717569915,-62.2459021646316,21.8029955863087));
#2017=CARTESIAN_POINT('Ctrl Pts',(-11.265274052936,-63.2459021646316,21.8029955863087));
#2018=CARTESIAN_POINT('Ctrl Pts',(-11.265274052936,-62.2459021646316,21.8029955863087));
#2019=CARTESIAN_POINT('',(-11.265274052936,-63.2459021646316,21.8029955863087));
#2020=CARTESIAN_POINT('',(-9.51527405293596,-63.2459021646316,20.0598432170984));
#2021=CARTESIAN_POINT('Ctrl Pts',(-11.265274052936,-63.2459021646316,21.8029955863087));
#2022=CARTESIAN_POINT('Ctrl Pts',(-11.1262717569915,-63.2459021646316,21.8029955863087));
#2023=CARTESIAN_POINT('Ctrl Pts',(-10.9877482687593,-63.2459021646316,21.7864990873051));
#2024=CARTESIAN_POINT('Ctrl Pts',(-10.8526364566489,-63.2459021646316,21.7538447755958));
#2025=CARTESIAN_POINT('Ctrl Pts',(-10.7175339965723,-63.2459021646316,21.7211927241197));
#2026=CARTESIAN_POINT('Ctrl Pts',(-10.5867774576324,-63.2459021646316,21.67261092588));
#2027=CARTESIAN_POINT('Ctrl Pts',(-10.4631453683252,-63.2459021646316,21.6091005403098));
#2028=CARTESIAN_POINT('Ctrl Pts',(-10.2610027512496,-63.2459021646316,21.5052589274843));
#2029=CARTESIAN_POINT('Ctrl Pts',(-10.0809679934805,-63.2459021646316,21.3630804499374));
#2030=CARTESIAN_POINT('Ctrl Pts',(-9.9332517592924,-63.2459021646316,21.1904003770218));
#2031=CARTESIAN_POINT('Ctrl Pts',(-9.7995334184938,-63.2459021646316,21.0340838220665));
#2032=CARTESIAN_POINT('Ctrl Pts',(-9.69451751466424,-63.2459021646316,20.8553620286268));
#2033=CARTESIAN_POINT('Ctrl Pts',(-9.62316379621418,-63.2459021646316,20.6624354666863));
#2034=CARTESIAN_POINT('Ctrl Pts',(-9.55181735323027,-63.2459021646316,20.4695285761897));
#2035=CARTESIAN_POINT('Ctrl Pts',(-9.51527405293596,-63.2459021646316,20.2655177389886));
#2036=CARTESIAN_POINT('Ctrl Pts',(-9.51527405293596,-63.2459021646316,20.0598432170984));
#2037=CARTESIAN_POINT('',(-11.265274052936,-63.2459021646316,21.8029955863087));
#2038=CARTESIAN_POINT('',(-9.51527405293596,-63.2459021646316,20.0598432170984));
#2039=CARTESIAN_POINT('Ctrl Pts',(-11.265274052936,-63.2459021646316,17.6105803021766));
#2040=CARTESIAN_POINT('Ctrl Pts',(-11.265274052936,-62.2459021646316,17.6105803021766));
#2041=CARTESIAN_POINT('Ctrl Pts',(-11.1750529963933,-63.2459021646316,17.6105803021766));
#2042=CARTESIAN_POINT('Ctrl Pts',(-11.1750529963933,-62.2459021646316,17.6105803021766));
#2043=CARTESIAN_POINT('Ctrl Pts',(-11.084962710927,-63.2459021646316,17.6175299637292));
#2044=CARTESIAN_POINT('Ctrl Pts',(-11.084962710927,-62.2459021646316,17.6175299637292));
#2045=CARTESIAN_POINT('Ctrl Pts',(-10.906659185947,-63.2459021646316,17.6452075942481));
#2046=CARTESIAN_POINT('Ctrl Pts',(-10.906659185947,-62.2459021646316,17.6452075942481));
#2047=CARTESIAN_POINT('Ctrl Pts',(-10.8187047958682,-63.2459021646316,17.665894905467));
#2048=CARTESIAN_POINT('Ctrl Pts',(-10.8187047958682,-62.2459021646316,17.665894905467));
#2049=CARTESIAN_POINT('Ctrl Pts',(-10.514994591811,-63.2459021646316,17.7625377175626));
#2050=CARTESIAN_POINT('Ctrl Pts',(-10.514994591811,-62.2459021646316,17.7625377175626));
#2051=CARTESIAN_POINT('Ctrl Pts',(-10.3128452100164,-63.2459021646316,17.873693738138));
#2052=CARTESIAN_POINT('Ctrl Pts',(-10.3128452100164,-62.2459021646316,17.873693738138));
#2053=CARTESIAN_POINT('Ctrl Pts',(-9.9634306537191,-63.2459021646316,18.1668843723079));
#2054=CARTESIAN_POINT('Ctrl Pts',(-9.9634306537191,-62.2459021646316,18.1668843723079));
#2055=CARTESIAN_POINT('Ctrl Pts',(-9.81930376666479,-63.2459021646316,18.3458578157483));
#2056=CARTESIAN_POINT('Ctrl Pts',(-9.81930376666479,-62.2459021646316,18.3458578157483));
#2057=CARTESIAN_POINT('Ctrl Pts',(-9.64878977544705,-63.2459021646316,18.671447881032));
#2058=CARTESIAN_POINT('Ctrl Pts',(-9.64878977544705,-62.2459021646316,18.671447881032));
#2059=CARTESIAN_POINT('Ctrl Pts',(-9.59906336445698,-63.2459021646316,18.8027573365364));
#2060=CARTESIAN_POINT('Ctrl Pts',(-9.59906336445698,-62.2459021646316,18.8027573365364));
#2061=CARTESIAN_POINT('Ctrl Pts',(-9.53218186570087,-63.2459021646316,19.0744564364097));
#2062=CARTESIAN_POINT('Ctrl Pts',(-9.53218186570087,-62.2459021646316,19.0744564364097));
#2063=CARTESIAN_POINT('Ctrl Pts',(-9.51527405293596,-63.2459021646316,19.2138329711408));
#2064=CARTESIAN_POINT('Ctrl Pts',(-9.51527405293596,-62.2459021646316,19.2138329711408));
#2065=CARTESIAN_POINT('Ctrl Pts',(-9.51527405293596,-63.2459021646316,19.3537326713869));
#2066=CARTESIAN_POINT('Ctrl Pts',(-9.51527405293596,-62.2459021646316,19.3537326713869));
#2067=CARTESIAN_POINT('',(-9.51527405293596,-63.2459021646316,19.3537326713869));
#2068=CARTESIAN_POINT('',(-11.265274052936,-63.2459021646316,17.6105803021766));
#2069=CARTESIAN_POINT('Ctrl Pts',(-9.51527405293596,-63.2459021646316,19.3537326713869));
#2070=CARTESIAN_POINT('Ctrl Pts',(-9.51527405293596,-63.2459021646316,19.2138329711408));
#2071=CARTESIAN_POINT('Ctrl Pts',(-9.53218186570087,-63.2459021646316,19.0744564364097));
#2072=CARTESIAN_POINT('Ctrl Pts',(-9.56562149045687,-63.2459021646316,18.9386114551326));
#2073=CARTESIAN_POINT('Ctrl Pts',(-9.59906336445698,-63.2459021646316,18.8027573365364));
#2074=CARTESIAN_POINT('Ctrl Pts',(-9.64878977544705,-63.2459021646316,18.671447881032));
#2075=CARTESIAN_POINT('Ctrl Pts',(-9.7136995505596,-63.2459021646316,18.5475051021109));
#2076=CARTESIAN_POINT('Ctrl Pts',(-9.81930376666479,-63.2459021646316,18.3458578157483));
#2077=CARTESIAN_POINT('Ctrl Pts',(-9.9634306537191,-63.2459021646316,18.1668843723079));
#2078=CARTESIAN_POINT('Ctrl Pts',(-10.1378141367166,-63.2459021646316,18.020560748843));
#2079=CARTESIAN_POINT('Ctrl Pts',(-10.3128452100164,-63.2459021646316,17.873693738138));
#2080=CARTESIAN_POINT('Ctrl Pts',(-10.514994591811,-63.2459021646316,17.7625377175626));
#2081=CARTESIAN_POINT('Ctrl Pts',(-10.732734617924,-63.2459021646316,17.6932512459584));
#2082=CARTESIAN_POINT('Ctrl Pts',(-10.8187047958682,-63.2459021646316,17.665894905467));
#2083=CARTESIAN_POINT('Ctrl Pts',(-10.906659185947,-63.2459021646316,17.6452075942481));
#2084=CARTESIAN_POINT('Ctrl Pts',(-10.9958094183122,-63.2459021646316,17.6313690165063));
#2085=CARTESIAN_POINT('Ctrl Pts',(-11.084962710927,-63.2459021646316,17.6175299637292));
#2086=CARTESIAN_POINT('Ctrl Pts',(-11.1750529963933,-63.2459021646316,17.6105803021766));
#2087=CARTESIAN_POINT('Ctrl Pts',(-11.265274052936,-63.2459021646316,17.6105803021766));
#2088=CARTESIAN_POINT('',(-9.51527405293596,-63.2459021646316,19.3537326713869));
#2089=CARTESIAN_POINT('',(-11.265274052936,-63.2459021646316,17.6105803021766));
#2090=CARTESIAN_POINT('Ctrl Pts',(-19.455274052936,-63.2459021646316,19.3537326713869));
#2091=CARTESIAN_POINT('Ctrl Pts',(-19.455274052936,-62.2459021646316,19.3537326713869));
#2092=CARTESIAN_POINT('Ctrl Pts',(-19.455274052936,-63.2459021646316,19.1480581494968));
#2093=CARTESIAN_POINT('Ctrl Pts',(-19.455274052936,-62.2459021646316,19.1480581494968));
#2094=CARTESIAN_POINT('Ctrl Pts',(-19.4187307526417,-63.2459021646316,18.9440473122957));
#2095=CARTESIAN_POINT('Ctrl Pts',(-19.4187307526417,-62.2459021646316,18.9440473122957));
#2096=CARTESIAN_POINT('Ctrl Pts',(-19.2760305912077,-63.2459021646316,18.5582138598586));
#2097=CARTESIAN_POINT('Ctrl Pts',(-19.2760305912077,-62.2459021646316,18.5582138598586));
#2098=CARTESIAN_POINT('Ctrl Pts',(-19.1710146873781,-63.2459021646316,18.3794920664188));
#2099=CARTESIAN_POINT('Ctrl Pts',(-19.1710146873781,-62.2459021646316,18.3794920664188));
#2100=CARTESIAN_POINT('Ctrl Pts',(-18.8895801123914,-63.2459021646316,18.0504954385479));
#2101=CARTESIAN_POINT('Ctrl Pts',(-18.8895801123914,-62.2459021646316,18.0504954385479));
#2102=CARTESIAN_POINT('Ctrl Pts',(-18.7095453546223,-63.2459021646316,17.908316961001));
#2103=CARTESIAN_POINT('Ctrl Pts',(-18.7095453546223,-62.2459021646316,17.908316961001));
#2104=CARTESIAN_POINT('Ctrl Pts',(-18.3837706482395,-63.2459021646316,17.7409649626053));
#2105=CARTESIAN_POINT('Ctrl Pts',(-18.3837706482395,-62.2459021646316,17.7409649626053));
#2106=CARTESIAN_POINT('Ctrl Pts',(-18.2530141092997,-63.2459021646316,17.6923831643656));
#2107=CARTESIAN_POINT('Ctrl Pts',(-18.2530141092997,-62.2459021646316,17.6923831643656));
#2108=CARTESIAN_POINT('Ctrl Pts',(-17.9827998371127,-63.2459021646316,17.6270768011802));
#2109=CARTESIAN_POINT('Ctrl Pts',(-17.9827998371127,-62.2459021646316,17.6270768011802));
#2110=CARTESIAN_POINT('Ctrl Pts',(-17.8442763488804,-63.2459021646316,17.6105803021766));
#2111=CARTESIAN_POINT('Ctrl Pts',(-17.8442763488804,-62.2459021646316,17.6105803021766));
#2112=CARTESIAN_POINT('Ctrl Pts',(-17.705274052936,-63.2459021646316,17.6105803021766));
#2113=CARTESIAN_POINT('Ctrl Pts',(-17.705274052936,-62.2459021646316,17.6105803021766));
#2114=CARTESIAN_POINT('',(-17.705274052936,-63.2459021646316,17.6105803021766));
#2115=CARTESIAN_POINT('',(-19.455274052936,-63.2459021646316,19.3537326713869));
#2116=CARTESIAN_POINT('Ctrl Pts',(-17.705274052936,-63.2459021646316,17.6105803021766));
#2117=CARTESIAN_POINT('Ctrl Pts',(-17.8442763488804,-63.2459021646316,17.6105803021766));
#2118=CARTESIAN_POINT('Ctrl Pts',(-17.9827998371127,-63.2459021646316,17.6270768011802));
#2119=CARTESIAN_POINT('Ctrl Pts',(-18.117911649223,-63.2459021646316,17.6597311128896));
#2120=CARTESIAN_POINT('Ctrl Pts',(-18.2530141092997,-63.2459021646316,17.6923831643656));
#2121=CARTESIAN_POINT('Ctrl Pts',(-18.3837706482395,-63.2459021646316,17.7409649626053));
#2122=CARTESIAN_POINT('Ctrl Pts',(-18.5074027375467,-63.2459021646316,17.8044753481755));
#2123=CARTESIAN_POINT('Ctrl Pts',(-18.7095453546223,-63.2459021646316,17.908316961001));
#2124=CARTESIAN_POINT('Ctrl Pts',(-18.8895801123914,-63.2459021646316,18.0504954385479));
#2125=CARTESIAN_POINT('Ctrl Pts',(-19.0372963465795,-63.2459021646316,18.2231755114635));
#2126=CARTESIAN_POINT('Ctrl Pts',(-19.1710146873781,-63.2459021646316,18.3794920664188));
#2127=CARTESIAN_POINT('Ctrl Pts',(-19.2760305912077,-63.2459021646316,18.5582138598586));
#2128=CARTESIAN_POINT('Ctrl Pts',(-19.3473843096577,-63.2459021646316,18.7511404217991));
#2129=CARTESIAN_POINT('Ctrl Pts',(-19.4187307526417,-63.2459021646316,18.9440473122957));
#2130=CARTESIAN_POINT('Ctrl Pts',(-19.455274052936,-63.2459021646316,19.1480581494968));
#2131=CARTESIAN_POINT('Ctrl Pts',(-19.455274052936,-63.2459021646316,19.3537326713869));
#2132=CARTESIAN_POINT('',(-17.705274052936,-63.2459021646316,17.6105803021766));
#2133=CARTESIAN_POINT('',(-19.455274052936,-63.2459021646316,19.3537326713869));
#2134=CARTESIAN_POINT('Ctrl Pts',(-17.705274052936,-63.2459021646316,21.8029955863087));
#2135=CARTESIAN_POINT('Ctrl Pts',(-17.705274052936,-62.2459021646316,21.8029955863087));
#2136=CARTESIAN_POINT('Ctrl Pts',(-17.7954951094786,-63.2459021646316,21.8029955863087));
#2137=CARTESIAN_POINT('Ctrl Pts',(-17.7954951094786,-62.2459021646316,21.8029955863087));
#2138=CARTESIAN_POINT('Ctrl Pts',(-17.8855853949449,-63.2459021646316,21.7960459247561));
#2139=CARTESIAN_POINT('Ctrl Pts',(-17.8855853949449,-62.2459021646316,21.7960459247561));
#2140=CARTESIAN_POINT('Ctrl Pts',(-18.0638889199249,-63.2459021646316,21.7683682942372));
#2141=CARTESIAN_POINT('Ctrl Pts',(-18.0638889199249,-62.2459021646316,21.7683682942372));
#2142=CARTESIAN_POINT('Ctrl Pts',(-18.1518433100037,-63.2459021646316,21.7476809830183));
#2143=CARTESIAN_POINT('Ctrl Pts',(-18.1518433100037,-62.2459021646316,21.7476809830183));
#2144=CARTESIAN_POINT('Ctrl Pts',(-18.4555535140609,-63.2459021646316,21.6510381709227));
#2145=CARTESIAN_POINT('Ctrl Pts',(-18.4555535140609,-62.2459021646316,21.6510381709227));
#2146=CARTESIAN_POINT('Ctrl Pts',(-18.6577028958555,-63.2459021646316,21.5398821503473));
#2147=CARTESIAN_POINT('Ctrl Pts',(-18.6577028958555,-62.2459021646316,21.5398821503473));
#2148=CARTESIAN_POINT('Ctrl Pts',(-19.0071174521528,-63.2459021646316,21.2466915161774));
#2149=CARTESIAN_POINT('Ctrl Pts',(-19.0071174521528,-62.2459021646316,21.2466915161774));
#2150=CARTESIAN_POINT('Ctrl Pts',(-19.1512443392071,-63.2459021646316,21.067718072737));
#2151=CARTESIAN_POINT('Ctrl Pts',(-19.1512443392071,-62.2459021646316,21.067718072737));
#2152=CARTESIAN_POINT('Ctrl Pts',(-19.3217583304249,-63.2459021646316,20.7421280074533));
#2153=CARTESIAN_POINT('Ctrl Pts',(-19.3217583304249,-62.2459021646316,20.7421280074533));
#2154=CARTESIAN_POINT('Ctrl Pts',(-19.3714847414149,-63.2459021646316,20.6108185519489));
#2155=CARTESIAN_POINT('Ctrl Pts',(-19.3714847414149,-62.2459021646316,20.6108185519489));
#2156=CARTESIAN_POINT('Ctrl Pts',(-19.4383662401711,-63.2459021646316,20.3391194520756));
#2157=CARTESIAN_POINT('Ctrl Pts',(-19.4383662401711,-62.2459021646316,20.3391194520756));
#2158=CARTESIAN_POINT('Ctrl Pts',(-19.455274052936,-63.2459021646316,20.1997429173445));
#2159=CARTESIAN_POINT('Ctrl Pts',(-19.455274052936,-62.2459021646316,20.1997429173445));
#2160=CARTESIAN_POINT('Ctrl Pts',(-19.455274052936,-63.2459021646316,20.0598432170984));
#2161=CARTESIAN_POINT('Ctrl Pts',(-19.455274052936,-62.2459021646316,20.0598432170984));
#2162=CARTESIAN_POINT('',(-19.455274052936,-63.2459021646316,20.0598432170984));
#2163=CARTESIAN_POINT('',(-17.705274052936,-63.2459021646316,21.8029955863087));
#2164=CARTESIAN_POINT('Ctrl Pts',(-19.455274052936,-63.2459021646316,20.0598432170984));
#2165=CARTESIAN_POINT('Ctrl Pts',(-19.455274052936,-63.2459021646316,20.1997429173445));
#2166=CARTESIAN_POINT('Ctrl Pts',(-19.4383662401711,-63.2459021646316,20.3391194520756));
#2167=CARTESIAN_POINT('Ctrl Pts',(-19.4049266154151,-63.2459021646316,20.4749644333527));
#2168=CARTESIAN_POINT('Ctrl Pts',(-19.3714847414149,-63.2459021646316,20.6108185519489));
#2169=CARTESIAN_POINT('Ctrl Pts',(-19.3217583304249,-63.2459021646316,20.7421280074533));
#2170=CARTESIAN_POINT('Ctrl Pts',(-19.2568485553123,-63.2459021646316,20.8660707863744));
#2171=CARTESIAN_POINT('Ctrl Pts',(-19.1512443392071,-63.2459021646316,21.067718072737));
#2172=CARTESIAN_POINT('Ctrl Pts',(-19.0071174521528,-63.2459021646316,21.2466915161774));
#2173=CARTESIAN_POINT('Ctrl Pts',(-18.8327339691553,-63.2459021646316,21.3930151396423));
#2174=CARTESIAN_POINT('Ctrl Pts',(-18.6577028958555,-63.2459021646316,21.5398821503473));
#2175=CARTESIAN_POINT('Ctrl Pts',(-18.4555535140609,-63.2459021646316,21.6510381709227));
#2176=CARTESIAN_POINT('Ctrl Pts',(-18.237813487948,-63.2459021646316,21.720324642527));
#2177=CARTESIAN_POINT('Ctrl Pts',(-18.1518433100037,-63.2459021646316,21.7476809830183));
#2178=CARTESIAN_POINT('Ctrl Pts',(-18.0638889199249,-63.2459021646316,21.7683682942372));
#2179=CARTESIAN_POINT('Ctrl Pts',(-17.9747386875598,-63.2459021646316,21.782206871979));
#2180=CARTESIAN_POINT('Ctrl Pts',(-17.8855853949449,-63.2459021646316,21.7960459247561));
#2181=CARTESIAN_POINT('Ctrl Pts',(-17.7954951094786,-63.2459021646316,21.8029955863087));
#2182=CARTESIAN_POINT('Ctrl Pts',(-17.705274052936,-63.2459021646316,21.8029955863087));
#2183=CARTESIAN_POINT('',(-19.455274052936,-63.2459021646316,20.0598432170984));
#2184=CARTESIAN_POINT('',(-17.705274052936,-63.2459021646316,21.8029955863087));
#2185=CARTESIAN_POINT('Origin',(-45.758238654776,-63.2459021646316,17.4768428318022));
#2186=CARTESIAN_POINT('',(-36.6990227804034,-63.2459021646316,17.5093101406377));
#2187=CARTESIAN_POINT('',(-45.758238654776,-63.2459021646316,17.4768428318022));
#2188=CARTESIAN_POINT('',(-37.8732200943399,-63.2459021646316,17.5051019368203));
#2189=CARTESIAN_POINT('',(-36.6990227804034,-63.2459021646316,17.5093101406377));
#2190=CARTESIAN_POINT('',(-45.758238654776,-63.2459021646316,17.4768428318022));
#2191=CARTESIAN_POINT('Origin',(-1.,-57.2459021646316,11.));
#2192=CARTESIAN_POINT('',(2.77555756156289E-16,-57.2459021646316,11.0000000083154));
#2193=CARTESIAN_POINT('',(2.77555756156289E-16,-57.2459021646316,11.0000000083154));
#2194=CARTESIAN_POINT('',(-1.,-57.2459021646316,10.));
#2195=CARTESIAN_POINT('Origin',(-1.,-57.2459021646316,11.));
#2196=CARTESIAN_POINT('',(-1.,-57.2459021646316,10.));
#2197=CARTESIAN_POINT('Origin',(0.,-57.2459021646316,11.0000000083154));
#2198=CARTESIAN_POINT('',(2.77555756156289E-16,-57.2459021646316,29.0000000083154));
#2199=CARTESIAN_POINT('',(2.77555756156289E-16,-57.2459021646316,29.0000000083154));
#2200=CARTESIAN_POINT('',(0.,-57.2459021646316,23.4686237390119));
#2201=CARTESIAN_POINT('Origin',(-1.,-57.2459021646316,29.));
#2202=CARTESIAN_POINT('',(-1.,-57.2459021646316,30.));
#2203=CARTESIAN_POINT('',(-1.,-57.2459021646316,30.));
#2204=CARTESIAN_POINT('Origin',(-1.,-57.2459021646316,29.));
#2205=CARTESIAN_POINT('Origin',(-1.,-57.2459021646316,30.));
#2206=CARTESIAN_POINT('',(-59.,-57.2459021646316,30.));
#2207=CARTESIAN_POINT('',(-59.,-57.2459021646316,30.));
#2208=CARTESIAN_POINT('',(-83.5000000000001,-57.2459021646316,30.));
#2209=CARTESIAN_POINT('Origin',(-59.,-57.2459021646316,10.));
#2210=CARTESIAN_POINT('',(-59.,-57.2459021646316,10.));
#2211=CARTESIAN_POINT('',(-112.5,-57.2459021646316,10.));
#2212=CARTESIAN_POINT('',(-59.,-57.2459021646316,10.));
#2213=CARTESIAN_POINT('Origin',(-59.,-57.2459021646316,11.));
#2214=CARTESIAN_POINT('',(-60.,-57.2459021646316,11.));
#2215=CARTESIAN_POINT('Origin',(-59.,-57.2459021646316,11.));
#2216=CARTESIAN_POINT('',(-60.,-57.2459021646316,11.));
#2217=CARTESIAN_POINT('Origin',(-60.,-57.2459021646316,29.));
#2218=CARTESIAN_POINT('',(-60.,-57.2459021646316,29.));
#2219=CARTESIAN_POINT('',(-60.,-57.2459021646316,32.4686237348542));
#2220=CARTESIAN_POINT('',(-60.,-57.2459021646316,29.));
#2221=CARTESIAN_POINT('Origin',(-59.,-57.2459021646316,29.));
#2222=CARTESIAN_POINT('Origin',(-59.,-57.2459021646316,29.));
#2223=CARTESIAN_POINT('Origin',(-11.265274052936,-69.5,17.6105803021766));
#2224=CARTESIAN_POINT('',(-17.705274052936,-69.5,17.6105803021766));
#2225=CARTESIAN_POINT('',(-17.705274052936,-69.5,17.6105803021766));
#2226=CARTESIAN_POINT('',(-11.265274052936,-69.5,17.6105803021766));
#2227=CARTESIAN_POINT('',(-84.882637026468,-69.5,17.6105803021765));
#2228=CARTESIAN_POINT('',(-11.265274052936,-69.5,17.6105803021766));
#2229=CARTESIAN_POINT('Ctrl Pts',(-17.705274052936,-69.5,17.6105803021766));
#2230=CARTESIAN_POINT('Ctrl Pts',(-18.0973584927323,-69.5,17.6105803021766));
#2231=CARTESIAN_POINT('Ctrl Pts',(-19.0145397637779,-69.5000000000001,17.9274870576204));
#2232=CARTESIAN_POINT('Ctrl Pts',(-19.455274052936,-69.5,18.8313586654341));
#2233=CARTESIAN_POINT('Ctrl Pts',(-19.455274052936,-69.5,19.3537326713869));
#2234=CARTESIAN_POINT('Ctrl Pts',(-17.705274052936,-63.2459021646316,17.6105803021766));
#2235=CARTESIAN_POINT('Ctrl Pts',(-18.0973584927323,-63.2459021646316,17.6105803021766));
#2236=CARTESIAN_POINT('Ctrl Pts',(-19.0145397637779,-63.2459021646316,17.9274870576204));
#2237=CARTESIAN_POINT('Ctrl Pts',(-19.455274052936,-63.2459021646316,18.8313586654341));
#2238=CARTESIAN_POINT('Ctrl Pts',(-19.455274052936,-63.2459021646316,19.3537326713869));
#2239=CARTESIAN_POINT('',(-19.455274052936,-69.5,19.3537326713869));
#2240=CARTESIAN_POINT('',(-19.455274052936,-69.5,19.3537326713869));
#2241=CARTESIAN_POINT('Ctrl Pts',(-19.455274052936,-69.5,19.3537326713869));
#2242=CARTESIAN_POINT('Ctrl Pts',(-19.455274052936,-69.5,18.8313586654341));
#2243=CARTESIAN_POINT('Ctrl Pts',(-19.0145397637779,-69.5000000000001,17.9274870576204));
#2244=CARTESIAN_POINT('Ctrl Pts',(-18.0973584927323,-69.5,17.6105803021766));
#2245=CARTESIAN_POINT('Ctrl Pts',(-17.705274052936,-69.5,17.6105803021766));
#2246=CARTESIAN_POINT('Origin',(-19.455274052936,-69.5,19.3537326713869));
#2247=CARTESIAN_POINT('',(-19.455274052936,-69.5,20.0598432170984));
#2248=CARTESIAN_POINT('',(-19.455274052936,-69.5,20.0598432170984));
#2249=CARTESIAN_POINT('',(-19.455274052936,-69.5,21.5088753191101));
#2250=CARTESIAN_POINT('Ctrl Pts',(-19.455274052936,-69.5,20.0598432170984));
#2251=CARTESIAN_POINT('Ctrl Pts',(-19.455274052936,-69.5,20.451623721563));
#2252=CARTESIAN_POINT('Ctrl Pts',(-19.1341596666933,-69.5,21.3673788893313));
#2253=CARTESIAN_POINT('Ctrl Pts',(-18.2280533059978,-69.5,21.8029955863087));
#2254=CARTESIAN_POINT('Ctrl Pts',(-17.705274052936,-69.5,21.8029955863087));
#2255=CARTESIAN_POINT('Ctrl Pts',(-19.455274052936,-63.2459021646316,20.0598432170984));
#2256=CARTESIAN_POINT('Ctrl Pts',(-19.455274052936,-63.2459021646316,20.451623721563));
#2257=CARTESIAN_POINT('Ctrl Pts',(-19.1341596666933,-63.2459021646316,21.3673788893313));
#2258=CARTESIAN_POINT('Ctrl Pts',(-18.2280533059978,-63.2459021646316,21.8029955863087));
#2259=CARTESIAN_POINT('Ctrl Pts',(-17.705274052936,-63.2459021646316,21.8029955863087));
#2260=CARTESIAN_POINT('',(-17.705274052936,-69.5,21.8029955863087));
#2261=CARTESIAN_POINT('',(-17.705274052936,-69.5,21.8029955863087));
#2262=CARTESIAN_POINT('Ctrl Pts',(-17.705274052936,-69.5,21.8029955863087));
#2263=CARTESIAN_POINT('Ctrl Pts',(-18.2280533059978,-69.5,21.8029955863087));
#2264=CARTESIAN_POINT('Ctrl Pts',(-19.1341596666933,-69.5,21.3673788893313));
#2265=CARTESIAN_POINT('Ctrl Pts',(-19.455274052936,-69.5,20.451623721563));
#2266=CARTESIAN_POINT('Ctrl Pts',(-19.455274052936,-69.5,20.0598432170984));
#2267=CARTESIAN_POINT('Origin',(-45.758238654776,-55.813831292237,22.3120032654682));
#2268=CARTESIAN_POINT('',(-45.758238654776,-69.5,16.8195106615391));
#2269=CARTESIAN_POINT('',(-45.758238654776,-69.5,22.9880106161507));
#2270=CARTESIAN_POINT('',(-45.758238654776,-55.3923923917068,18.3022799706369));
#2271=CARTESIAN_POINT('Origin',(166.,-64.,23.6640179668332));
#2272=CARTESIAN_POINT('',(166.,-57.2459021646316,35.9372474697085));
#2273=CARTESIAN_POINT('',(166.,-202.6661,20.6529687840398));
#2274=CARTESIAN_POINT('',(166.,-133.934088663789,27.8769942738041));
#2275=CARTESIAN_POINT('',(166.,-202.6661,1.66401796683316));
#2276=CARTESIAN_POINT('',(166.,-202.6661,23.6640179668332));
#2277=CARTESIAN_POINT('',(166.,-57.2459021646316,1.66401796683318));
#2278=CARTESIAN_POINT('',(166.,-96.,1.66401796683317));
#2279=CARTESIAN_POINT('',(166.,-57.2459021646316,29.8006327182708));
#2280=CARTESIAN_POINT('Origin',(158.5,-202.6661,23.6640179668332));
#2281=CARTESIAN_POINT('',(-166.,-202.6661,20.6529687840398));
#2282=CARTESIAN_POINT('',(-3.75000000000005,-202.6661,20.6529687840398));
#2283=CARTESIAN_POINT('',(-166.,-202.6661,1.66401796683316));
#2284=CARTESIAN_POINT('',(-166.,-202.6661,23.6640179668332));
#2285=CARTESIAN_POINT('',(158.5,-202.6661,1.66401796683316));
#2286=CARTESIAN_POINT('Origin',(0.,-128.,1.66401796683317));
#2287=CARTESIAN_POINT('',(-166.,-57.2459021646316,1.66401796683318));
#2288=CARTESIAN_POINT('',(-83.,-57.2459021646316,1.66401796683318));
#2289=CARTESIAN_POINT('',(-166.,-160.,1.66401796683316));
#2290=CARTESIAN_POINT('Origin',(-36.6990227804034,-55.395767558245,18.3343925351746));
#2291=CARTESIAN_POINT('',(-36.6990227804034,-69.5,16.8519779703747));
#2292=CARTESIAN_POINT('',(-36.6990227804034,-55.395767558245,18.3343925351746));
#2293=CARTESIAN_POINT('',(-36.6990227804034,-69.5,20.9992052510039));
#2294=CARTESIAN_POINT('Origin',(-17.705274052936,-69.5,21.8029955863087));
#2295=CARTESIAN_POINT('',(-11.265274052936,-69.5,21.8029955863087));
#2296=CARTESIAN_POINT('',(-11.265274052936,-69.5,21.8029955863087));
#2297=CARTESIAN_POINT('',(-88.102637026468,-69.5,21.8029955863086));
#2298=CARTESIAN_POINT('Ctrl Pts',(-11.265274052936,-69.5,21.8029955863087));
#2299=CARTESIAN_POINT('Ctrl Pts',(-10.8731896131396,-69.5,21.8029955863087));
#2300=CARTESIAN_POINT('Ctrl Pts',(-9.95598678899018,-69.5,21.486107086548));
#2301=CARTESIAN_POINT('Ctrl Pts',(-9.51527405293596,-69.5,20.5822172230512));
#2302=CARTESIAN_POINT('Ctrl Pts',(-9.51527405293596,-69.5,20.0598432170984));
#2303=CARTESIAN_POINT('Ctrl Pts',(-11.265274052936,-63.2459021646316,21.8029955863087));
#2304=CARTESIAN_POINT('Ctrl Pts',(-10.8731896131396,-63.2459021646316,21.8029955863087));
#2305=CARTESIAN_POINT('Ctrl Pts',(-9.95598678899018,-63.2459021646316,21.486107086548));
#2306=CARTESIAN_POINT('Ctrl Pts',(-9.51527405293596,-63.2459021646316,20.5822172230512));
#2307=CARTESIAN_POINT('Ctrl Pts',(-9.51527405293596,-63.2459021646316,20.0598432170984));
#2308=CARTESIAN_POINT('',(-9.51527405293596,-69.5,20.0598432170984));
#2309=CARTESIAN_POINT('',(-9.51527405293596,-69.5,20.0598432170984));
#2310=CARTESIAN_POINT('Ctrl Pts',(-9.51527405293596,-69.5,20.0598432170984));
#2311=CARTESIAN_POINT('Ctrl Pts',(-9.51527405293596,-69.5,20.5822172230512));
#2312=CARTESIAN_POINT('Ctrl Pts',(-9.95598678899018,-69.5,21.486107086548));
#2313=CARTESIAN_POINT('Ctrl Pts',(-10.8731896131396,-69.5,21.8029955863087));
#2314=CARTESIAN_POINT('Ctrl Pts',(-11.265274052936,-69.5,21.8029955863087));
#2315=CARTESIAN_POINT('Origin',(-9.51527405293596,-69.5,20.0598432170984));
#2316=CARTESIAN_POINT('',(-9.51527405293596,-69.5,19.3537326713869));
#2317=CARTESIAN_POINT('',(-9.51527405293596,-69.5,19.3537326713869));
#2318=CARTESIAN_POINT('',(-9.51527405293596,-69.5,21.8619305919658));
#2319=CARTESIAN_POINT('Origin',(-166.,-57.2459021646316,35.9372474697085));
#2320=CARTESIAN_POINT('',(-166.,-57.2459021646316,35.9372474697085));
#2321=CARTESIAN_POINT('',(-166.,-57.2459021646316,29.8006327182708));
#2322=CARTESIAN_POINT('',(158.5,-57.2459021646316,35.9372474697085));
#2323=CARTESIAN_POINT('Origin',(-166.,-192.,23.6640179668332));
#2324=CARTESIAN_POINT('',(-166.,-197.234811887271,21.2238201676358));
#2325=CARTESIAN_POINT('Origin',(158.5,-65.2020773275778,35.1010197635672));
#2326=CARTESIAN_POINT('',(153.,-187.702077327578,22.2257509435229));
#2327=CARTESIAN_POINT('',(-153.,-187.702077327578,22.2257509435229));
#2328=CARTESIAN_POINT('',(158.5,-187.702077327578,22.2257509435229));
#2329=CARTESIAN_POINT('',(-153.,-70.7020773275779,34.5229464696071));
#2330=CARTESIAN_POINT('',(-153.,-128.50280055106,28.4478456574));
#2331=CARTESIAN_POINT('',(153.,-70.7020773275779,34.5229464696071));
#2332=CARTESIAN_POINT('',(0.,-70.7020773275779,34.5229464696071));
#2333=CARTESIAN_POINT('',(153.,-65.2020773275779,35.1010197635683));
#2334=CARTESIAN_POINT('Origin',(-45.758238654776,-55.3923923917068,18.3022799706369));
#2335=CARTESIAN_POINT('',(-102.113473425838,-69.5,16.6175392285603));
#2336=CARTESIAN_POINT('Origin',(0.,-128.,7.16401796683316));
#2337=CARTESIAN_POINT('',(35.037,-168.168,7.16401796683316));
#2338=CARTESIAN_POINT('Origin',(33.937,-168.168,7.16401796683316));
#2339=CARTESIAN_POINT('Origin',(153.,-64.,23.6640179668332));
#2340=CARTESIAN_POINT('',(153.,-69.5,23.085944672872));
#2341=CARTESIAN_POINT('',(153.,-69.5,7.16401796683317));
#2342=CARTESIAN_POINT('',(153.,-69.5,23.6640179668332));
#2343=CARTESIAN_POINT('',(153.,-186.5,7.16401796683316));
#2344=CARTESIAN_POINT('',(153.,-96.,7.16401796683317));
#2345=CARTESIAN_POINT('',(153.,-186.5,10.7887491467878));
#2346=CARTESIAN_POINT('',(153.,-186.5,23.6640179668332));
#2347=CARTESIAN_POINT('',(153.,-186.5,10.7887491467878));
#2348=CARTESIAN_POINT('',(153.,-69.5,23.085944672872));
#2349=CARTESIAN_POINT('Origin',(-153.,-192.,23.6640179668332));
#2350=CARTESIAN_POINT('',(-153.,-186.5,10.7887491467878));
#2351=CARTESIAN_POINT('',(-153.,-186.5,7.16401796683316));
#2352=CARTESIAN_POINT('',(-153.,-186.5,23.6640179668332));
#2353=CARTESIAN_POINT('',(-153.,-69.5,7.16401796683317));
#2354=CARTESIAN_POINT('',(-153.,-160.,7.16401796683316));
#2355=CARTESIAN_POINT('',(-153.,-69.5,23.085944672872));
#2356=CARTESIAN_POINT('',(-153.,-69.5,23.6640179668332));
#2357=CARTESIAN_POINT('',(-153.,-69.5,23.085944672872));
#2358=CARTESIAN_POINT('',(-153.,-186.5,10.7887491467878));
#2359=CARTESIAN_POINT('Origin',(158.5,-186.5,23.6640179668332));
#2360=CARTESIAN_POINT('',(158.5,-186.5,10.7887491467878));
#2361=CARTESIAN_POINT('',(79.25,-186.5,7.16401796683316));
#2362=CARTESIAN_POINT('Origin',(0.,-128.,7.16401796683316));
#2363=CARTESIAN_POINT('',(-147.963,-149.808,7.16401796683316));
#2364=CARTESIAN_POINT('Origin',(-149.063,-149.808,7.16401796683316));
#2365=CARTESIAN_POINT('Origin',(0.,-128.,7.16401796683316));
#2366=CARTESIAN_POINT('',(150.267,-73.028,7.16401796683316));
#2367=CARTESIAN_POINT('Origin',(149.167,-73.028,7.16401796683316));
#2368=CARTESIAN_POINT('Origin',(-149.063,-149.808,7.16401796683316));
#2369=CARTESIAN_POINT('',(-146.563,-149.808,13.9156949875936));
#2370=CARTESIAN_POINT('Origin',(-149.063,-149.808,13.9156949875936));
#2371=CARTESIAN_POINT('',(-146.563,-149.808,7.16401796683316));
#2372=CARTESIAN_POINT('',(-146.563,-149.808,7.16401796683316));
#2373=CARTESIAN_POINT('Origin',(-149.063,-149.808,7.16401796683316));
#2374=CARTESIAN_POINT('Origin',(0.,-128.,7.16401796683316));
#2375=CARTESIAN_POINT('',(-148.003,-73.1180000000001,7.16401796683316));
#2376=CARTESIAN_POINT('Origin',(-149.103,-73.1180000000001,7.16401796683316));
#2377=CARTESIAN_POINT('Origin',(149.167,-73.028,7.16401796683316));
#2378=CARTESIAN_POINT('',(150.265489568534,-72.9703747640261,22.4013240234399));
#2379=CARTESIAN_POINT('',(148.068510431466,-72.9703747640261,22.4013240234399));
#2380=CARTESIAN_POINT('Origin',(149.167,-73.028,22.3983040127908));
#2381=CARTESIAN_POINT('',(148.069834655554,-72.949081010233,21.9938928913596));
#2382=CARTESIAN_POINT('Origin',(149.167,-73.028,23.5039156734331));
#2383=CARTESIAN_POINT('',(150.267,-73.028,21.9855981712922));
#2384=CARTESIAN_POINT('Origin',(149.167,-73.028,21.9855981712922));
#2385=CARTESIAN_POINT('',(150.267,-73.028,7.16401796683316));
#2386=CARTESIAN_POINT('',(150.264165344446,-72.949081010233,21.9938928913596));
#2387=CARTESIAN_POINT('Origin',(149.167,-73.028,21.9855981712922));
#2388=CARTESIAN_POINT('Origin',(149.167,-73.028,23.5039156734331));
#2389=CARTESIAN_POINT('Origin',(0.,-128.,7.16401796683316));
#2390=CARTESIAN_POINT('',(-79.25,-69.5,7.16401796683317));
#2391=CARTESIAN_POINT('',(151.667,-73.028,7.16401796683316));
#2392=CARTESIAN_POINT('Origin',(149.167,-73.028,7.16401796683316));
#2393=CARTESIAN_POINT('',(36.437,-168.168,7.16401796683316));
#2394=CARTESIAN_POINT('Origin',(33.937,-168.168,7.16401796683316));
#2395=CARTESIAN_POINT('',(-146.603,-73.1180000000001,7.16401796683316));
#2396=CARTESIAN_POINT('Origin',(-149.103,-73.1180000000001,7.16401796683316));
#2397=CARTESIAN_POINT('Origin',(-149.103,-73.1180000000001,7.16401796683316));
#2398=CARTESIAN_POINT('',(-148.004497492017,-73.0606219558057,22.396594368532));
#2399=CARTESIAN_POINT('',(-150.201502507983,-73.0606219558057,22.396594368532));
#2400=CARTESIAN_POINT('Origin',(-149.103,-73.1180000000001,22.3935873126551));
#2401=CARTESIAN_POINT('',(-150.200165344446,-73.039081010233,21.9844335101857));
#2402=CARTESIAN_POINT('Origin',(-149.103,-73.1180000000001,23.4944562922592));
#2403=CARTESIAN_POINT('',(-148.003,-73.1180000000001,21.9761387901183));
#2404=CARTESIAN_POINT('Origin',(-149.103,-73.1180000000001,21.9761387901183));
#2405=CARTESIAN_POINT('',(-148.003,-73.1180000000001,7.16401796683316));
#2406=CARTESIAN_POINT('',(-148.005834655554,-73.039081010233,21.9844335101857));
#2407=CARTESIAN_POINT('Origin',(-149.103,-73.1180000000001,21.9761387901183));
#2408=CARTESIAN_POINT('Origin',(-149.103,-73.1180000000001,23.4944562922592));
#2409=CARTESIAN_POINT('Origin',(0.0320000000000498,-111.418,19.4689640815838));
#2410=CARTESIAN_POINT('',(-147.973728524291,-149.654743182184,15.4501204303703));
#2411=CARTESIAN_POINT('',(-150.152271475709,-149.654743182184,15.4501204303703));
#2412=CARTESIAN_POINT('Origin',(-149.063,-149.502325921252,15.4661401300222));
#2413=CARTESIAN_POINT('Origin',(-149.063,-149.808,15.4340124897345));
#2414=CARTESIAN_POINT('Origin',(0.0320000000000498,-111.260162020466,17.9672360195777));
#2415=CARTESIAN_POINT('',(-146.603,-73.1180000000001,21.9761387901183));
#2416=CARTESIAN_POINT('Origin',(-149.103,-73.1180000000001,21.9761387901183));
#2417=CARTESIAN_POINT('',(-150.201502507983,-73.0175400646603,21.986697554797));
#2418=CARTESIAN_POINT('Origin',(-149.103,-72.9601620204659,21.9927282302531));
#2419=CARTESIAN_POINT('',(-148.004497492017,-73.0175400646603,21.986697554797));
#2420=CARTESIAN_POINT('Origin',(-149.103,-73.0746037859251,21.9806999160121));
#2421=CARTESIAN_POINT('Origin',(-149.103,-72.9601620204659,21.9927282302531));
#2422=CARTESIAN_POINT('Ctrl Pts',(-150.200165344446,-73.0821629013784,22.3943303239207));
#2423=CARTESIAN_POINT('Ctrl Pts',(-150.200939591636,-73.0713989878189,22.3954616568238));
#2424=CARTESIAN_POINT('Ctrl Pts',(-150.201502507983,-73.0606219558057,22.396594368532));
#2425=CARTESIAN_POINT('Ctrl Pts',(-150.200165344446,-73.039081010233,21.9844335101857));
#2426=CARTESIAN_POINT('Ctrl Pts',(-150.200939591636,-73.0283170966734,21.9855648430888));
#2427=CARTESIAN_POINT('Ctrl Pts',(-150.201502507983,-73.0175400646603,21.986697554797));
#2428=CARTESIAN_POINT('',(-150.201502507983,-73.1753780441945,23.4884256168031));
#2429=CARTESIAN_POINT('Origin',(0.0320000000000498,-111.260162020466,17.9672360195777));
#2430=CARTESIAN_POINT('',(151.667,-73.028,21.9855981712922));
#2431=CARTESIAN_POINT('Origin',(149.167,-73.028,21.9855981712922));
#2432=CARTESIAN_POINT('',(148.068510431466,-72.92778725644,21.9961309550679));
#2433=CARTESIAN_POINT('Origin',(149.167,-72.8701620204659,22.002187611427));
#2434=CARTESIAN_POINT('',(150.265489568534,-72.92778725644,21.9961309550679));
#2435=CARTESIAN_POINT('Origin',(149.167,-72.9850968153419,21.9901074777061));
#2436=CARTESIAN_POINT('Origin',(149.167,-72.8701620204659,22.002187611427));
#2437=CARTESIAN_POINT('Ctrl Pts',(148.069834655554,-72.9916685178192,22.3990859597316));
#2438=CARTESIAN_POINT('Ctrl Pts',(148.069069288679,-72.9810280621734,22.4002043166851));
#2439=CARTESIAN_POINT('Ctrl Pts',(148.068510431466,-72.9703747640261,22.4013240234399));
#2440=CARTESIAN_POINT('Ctrl Pts',(148.069834655554,-72.949081010233,21.9938928913596));
#2441=CARTESIAN_POINT('Ctrl Pts',(148.069069288679,-72.9384405545872,21.9950112483131));
#2442=CARTESIAN_POINT('Ctrl Pts',(148.068510431466,-72.9277872564399,21.996130955068));
#2443=CARTESIAN_POINT('',(148.068510431466,-73.0856252359741,23.497859017074));
#2444=CARTESIAN_POINT('Origin',(33.937,-168.010162020466,12.0025706682507));
#2445=CARTESIAN_POINT('',(36.437,-168.168,11.9859812281158));
#2446=CARTESIAN_POINT('Origin',(33.937,-168.168,11.9859812281158));
#2447=CARTESIAN_POINT('',(35.0179777297588,-167.806478079603,12.023978713091));
#2448=CARTESIAN_POINT('',(32.8560222702412,-167.806478079603,12.023978713091));
#2449=CARTESIAN_POINT('Origin',(33.937,-168.010162020466,12.0025706682507));
#2450=CARTESIAN_POINT('',(35.0000207073792,-167.885180312419,12.0157067750971));
#2451=CARTESIAN_POINT('Origin',(33.937,-167.603909940679,12.0452694824217));
#2452=CARTESIAN_POINT('',(35.037,-168.168,11.9859812281158));
#2453=CARTESIAN_POINT('Origin',(33.937,-168.168,11.9859812281158));
#2454=CARTESIAN_POINT('',(32.8739792926209,-167.885180312419,12.0157067750971));
#2455=CARTESIAN_POINT('Origin',(33.937,-168.168,11.9859812281158));
#2456=CARTESIAN_POINT('Origin',(33.937,-167.603909940679,12.0452694824217));
#2457=CARTESIAN_POINT('Ctrl Pts',(32.8560222702412,-167.964316059137,13.5257067750971));
#2458=CARTESIAN_POINT('Ctrl Pts',(33.0249112141649,-167.068,13.619913389049));
#2459=CARTESIAN_POINT('Ctrl Pts',(33.937,-167.068,13.619913389049));
#2460=CARTESIAN_POINT('Ctrl Pts',(34.8490887858352,-167.068,13.619913389049));
#2461=CARTESIAN_POINT('Ctrl Pts',(35.0179777297588,-167.964316059137,13.5257067750971));
#2462=CARTESIAN_POINT('Ctrl Pts',(32.8560222702412,-167.806478079603,12.023978713091));
#2463=CARTESIAN_POINT('Ctrl Pts',(33.0249112141649,-166.910162020466,12.1181853270429));
#2464=CARTESIAN_POINT('Ctrl Pts',(33.937,-166.910162020466,12.1181853270429));
#2465=CARTESIAN_POINT('Ctrl Pts',(34.8490887858352,-166.910162020466,12.1181853270429));
#2466=CARTESIAN_POINT('Ctrl Pts',(35.0179777297588,-167.806478079603,12.023978713091));
#2467=CARTESIAN_POINT('',(32.8560222702412,-167.964316059137,13.5257067750971));
#2468=CARTESIAN_POINT('',(32.8560222702412,-167.964316059137,13.5257067750971));
#2469=CARTESIAN_POINT('',(35.0179777297588,-167.964316059137,13.5257067750971));
#2470=CARTESIAN_POINT('Origin',(33.937,-168.168,13.5042987302567));
#2471=CARTESIAN_POINT('',(35.0179777297588,-167.964316059137,13.5257067750971));
#2472=CARTESIAN_POINT('Origin',(-149.103,-73.1180000000001,7.16401796683316));
#2473=CARTESIAN_POINT('',(-146.603,-73.1180000000001,7.16401796683316));
#2474=CARTESIAN_POINT('Origin',(149.167,-73.028,7.16401796683316));
#2475=CARTESIAN_POINT('',(151.667,-73.028,7.16401796683316));
#2476=CARTESIAN_POINT('Origin',(33.937,-168.168,7.16401796683316));
#2477=CARTESIAN_POINT('',(36.437,-168.168,7.16401796683316));
#2478=CARTESIAN_POINT('Origin',(-149.063,-149.808,7.16401796683316));
#2479=CARTESIAN_POINT('',(-150.138171472812,-149.575607435467,13.9401204303703));
#2480=CARTESIAN_POINT('Origin',(-149.063,-149.808,18.3744347194389));
#2481=CARTESIAN_POINT('',(-147.963,-149.808,13.9156949875936));
#2482=CARTESIAN_POINT('Origin',(-149.063,-149.808,13.9156949875936));
#2483=CARTESIAN_POINT('',(-147.963,-149.808,7.16401796683316));
#2484=CARTESIAN_POINT('',(-147.987828527188,-149.575607435467,13.9401204303703));
#2485=CARTESIAN_POINT('Origin',(-149.063,-149.808,13.9156949875936));
#2486=CARTESIAN_POINT('Origin',(-149.063,-149.808,18.3744347194389));
#2487=CARTESIAN_POINT('Origin',(33.937,-168.168,7.16401796683316));
#2488=CARTESIAN_POINT('Origin',(33.937,-168.168,17.4122278918024));
#2489=CARTESIAN_POINT('',(35.037,-168.168,7.16401796683316));
#2490=CARTESIAN_POINT('Origin',(33.937,-168.168,17.4122278918024));
#2491=CARTESIAN_POINT('Ctrl Pts',(-148.004497492017,-73.0606219558057,22.396594368532));
#2492=CARTESIAN_POINT('Ctrl Pts',(-148.005060408364,-73.0713989878189,22.3954616568238));
#2493=CARTESIAN_POINT('Ctrl Pts',(-148.005834655554,-73.0821629013784,22.3943303239207));
#2494=CARTESIAN_POINT('Ctrl Pts',(-148.004497492017,-73.0175400646603,21.986697554797));
#2495=CARTESIAN_POINT('Ctrl Pts',(-148.005060408364,-73.0283170966734,21.9855648430888));
#2496=CARTESIAN_POINT('Ctrl Pts',(-148.005834655554,-73.039081010233,21.9844335101857));
#2497=CARTESIAN_POINT('',(-148.004497492017,-73.1753780441945,23.4884256168031));
#2498=CARTESIAN_POINT('Ctrl Pts',(150.265489568534,-72.9703747640261,22.4013240234399));
#2499=CARTESIAN_POINT('Ctrl Pts',(150.264930711321,-72.9810280621734,22.4002043166851));
#2500=CARTESIAN_POINT('Ctrl Pts',(150.264165344446,-72.9916685178192,22.3990859597316));
#2501=CARTESIAN_POINT('Ctrl Pts',(150.265489568534,-72.9277872564399,21.996130955068));
#2502=CARTESIAN_POINT('Ctrl Pts',(150.264930711321,-72.9384405545872,21.9950112483131));
#2503=CARTESIAN_POINT('Ctrl Pts',(150.264165344446,-72.949081010233,21.9938928913596));
#2504=CARTESIAN_POINT('',(150.265489568534,-73.0856252359741,23.497859017074));
#2505=CARTESIAN_POINT('Origin',(-149.063,-149.502325921252,15.4661401300219));
#2506=CARTESIAN_POINT('Origin',(-149.063,-149.344487941718,13.9644120680158));
#2507=CARTESIAN_POINT('Origin',(33.937,-167.761747920214,13.5469975444278));
#2508=CARTESIAN_POINT('Origin',(-149.103,-73.2324417654592,23.4824279780181));
#2509=CARTESIAN_POINT('Origin',(149.167,-73.142934794876,23.4918355397122));
#2510=CARTESIAN_POINT('Origin',(-380.813,143.084730172369,44.6999614072363));
#2511=CARTESIAN_POINT('Origin',(33.937,-167.761747920214,13.5469975444278));
#2512=CARTESIAN_POINT('Origin',(153.,-186.5,10.7887491467878));
#2513=CARTESIAN_POINT('Origin',(-153.,-69.5,23.085944672872));
#2514=CARTESIAN_POINT('',(0.,-69.5,23.085944672872));
#2515=CARTESIAN_POINT('Origin',(-158.5,-69.5,23.6640179668332));
#2516=CARTESIAN_POINT('Ctrl Pts',(-11.265274052936,-69.5,17.6105803021766));
#2517=CARTESIAN_POINT('Ctrl Pts',(-10.7424947998742,-69.5,17.6105803021766));
#2518=CARTESIAN_POINT('Ctrl Pts',(-9.83635262851435,-69.5,18.0461532939024));
#2519=CARTESIAN_POINT('Ctrl Pts',(-9.51527405293596,-69.5,18.9619521669223));
#2520=CARTESIAN_POINT('Ctrl Pts',(-9.51527405293596,-69.5,19.3537326713869));
#2521=CARTESIAN_POINT('Ctrl Pts',(-9.51527405293596,-69.5,19.3537326713869));
#2522=CARTESIAN_POINT('Ctrl Pts',(-9.51527405293596,-69.5,18.9619521669223));
#2523=CARTESIAN_POINT('Ctrl Pts',(-9.83635262851435,-69.5,18.0461532939024));
#2524=CARTESIAN_POINT('Ctrl Pts',(-10.7424947998742,-69.5,17.6105803021766));
#2525=CARTESIAN_POINT('Ctrl Pts',(-11.265274052936,-69.5,17.6105803021766));
#2526=CARTESIAN_POINT('Ctrl Pts',(-9.51527405293596,-63.2459021646316,19.3537326713869));
#2527=CARTESIAN_POINT('Ctrl Pts',(-9.51527405293596,-63.2459021646316,18.9619521669223));
#2528=CARTESIAN_POINT('Ctrl Pts',(-9.83635262851435,-63.2459021646316,18.0461532939024));
#2529=CARTESIAN_POINT('Ctrl Pts',(-10.7424947998742,-63.2459021646316,17.6105803021766));
#2530=CARTESIAN_POINT('Ctrl Pts',(-11.265274052936,-63.2459021646316,17.6105803021766));
#2531=UNCERTAINTY_MEASURE_WITH_UNIT(LENGTH_MEASURE(0.01),#2535,
'DISTANCE_ACCURACY_VALUE',
'Maximum model space distance between geometric entities at asserted c
onnectivities');
#2532=UNCERTAINTY_MEASURE_WITH_UNIT(LENGTH_MEASURE(0.01),#2535,
'DISTANCE_ACCURACY_VALUE',
'Maximum model space distance between geometric entities at asserted c
onnectivities');
#2533=(
GEOMETRIC_REPRESENTATION_CONTEXT(3)
GLOBAL_UNCERTAINTY_ASSIGNED_CONTEXT((#2531))
GLOBAL_UNIT_ASSIGNED_CONTEXT((#2535,#2537,#2538))
REPRESENTATION_CONTEXT('','3D')
);
#2534=(
GEOMETRIC_REPRESENTATION_CONTEXT(3)
GLOBAL_UNCERTAINTY_ASSIGNED_CONTEXT((#2532))
GLOBAL_UNIT_ASSIGNED_CONTEXT((#2535,#2537,#2538))
REPRESENTATION_CONTEXT('','3D')
);
#2535=(
LENGTH_UNIT()
NAMED_UNIT(*)
SI_UNIT(.MILLI.,.METRE.)
);
#2536=(
LENGTH_UNIT()
NAMED_UNIT(*)
SI_UNIT($,.METRE.)
);
#2537=(
NAMED_UNIT(*)
PLANE_ANGLE_UNIT()
SI_UNIT($,.RADIAN.)
);
#2538=(
NAMED_UNIT(*)
SI_UNIT($,.STERADIAN.)
SOLID_ANGLE_UNIT()
);
#2539=SHAPE_DEFINITION_REPRESENTATION(#2540,#2541);
#2540=PRODUCT_DEFINITION_SHAPE('',$,#2543);
#2541=SHAPE_REPRESENTATION('',(#1347),#2533);
#2542=PRODUCT_DEFINITION_CONTEXT('part definition',#2547,'design');
#2543=PRODUCT_DEFINITION('2026-05-23-03-08-16-909','keyboard_base',#2544,
#2542);
#2544=PRODUCT_DEFINITION_FORMATION('',$,#2549);
#2545=PRODUCT_RELATED_PRODUCT_CATEGORY('keyboard_base','keyboard_base',
(#2549));
#2546=APPLICATION_PROTOCOL_DEFINITION('international standard',
'automotive_design',2009,#2547);
#2547=APPLICATION_CONTEXT(
'Core Data for Automotive Mechanical Design Process');
#2548=PRODUCT_CONTEXT('part definition',#2547,'mechanical');
#2549=PRODUCT('2026-05-23-03-08-16-909','keyboard_base',$,(#2548));
#2550=PRESENTATION_STYLE_ASSIGNMENT((#2551));
#2551=SURFACE_STYLE_USAGE(.BOTH.,#2552);
#2552=SURFACE_SIDE_STYLE('',(#2553));
#2553=SURFACE_STYLE_FILL_AREA(#2554);
#2554=FILL_AREA_STYLE('Steel - Satin',(#2555));
#2555=FILL_AREA_STYLE_COLOUR('Steel - Satin',#2556);
#2556=COLOUR_RGB('Steel - Satin',0.627450980392157,0.627450980392157,0.627450980392157);
ENDSEC;
END-ISO-10303-21;
